#! /Users/andrewtudoroi/.apio/packages/oss-cad-suite/bin/vvp
:ivl_version "13.0 (devel)" "(s20250103-70-ga4c90fb5f)";
:ivl_delay_selection "TYPICAL";
:vpi_time_precision - 12;
:vpi_module "/Users/andrewtudoroi/.apio/packages/oss-cad-suite/lib/ivl/system.vpi";
:vpi_module "/Users/andrewtudoroi/.apio/packages/oss-cad-suite/lib/ivl/vhdl_sys.vpi";
:vpi_module "/Users/andrewtudoroi/.apio/packages/oss-cad-suite/lib/ivl/vhdl_textio.vpi";
:vpi_module "/Users/andrewtudoroi/.apio/packages/oss-cad-suite/lib/ivl/v2005_math.vpi";
:vpi_module "/Users/andrewtudoroi/.apio/packages/oss-cad-suite/lib/ivl/va_math.vpi";
:vpi_module "/Users/andrewtudoroi/.apio/packages/oss-cad-suite/lib/ivl/v2009.vpi";
S_0x104993290 .scope package, "$unit" "$unit" 2 1;
 .timescale 0 0;
S_0x104993410 .scope module, "ICESTORM_LC" "ICESTORM_LC" 3 2136;
 .timescale -12 -12;
    .port_info 0 /INPUT 1 "I0";
    .port_info 1 /INPUT 1 "I1";
    .port_info 2 /INPUT 1 "I2";
    .port_info 3 /INPUT 1 "I3";
    .port_info 4 /INPUT 1 "CIN";
    .port_info 5 /INPUT 1 "CLK";
    .port_info 6 /INPUT 1 "CEN";
    .port_info 7 /INPUT 1 "SR";
    .port_info 8 /OUTPUT 1 "LO";
    .port_info 9 /OUTPUT 1 "O";
    .port_info 10 /OUTPUT 1 "COUT";
P_0x104987940 .param/l "ASYNC_SR" 0 3 2148, C4<0>;
P_0x104987980 .param/l "CARRY_ENABLE" 0 3 2145, C4<0>;
P_0x1049879c0 .param/l "CIN_CONST" 0 3 2150, C4<0>;
P_0x104987a00 .param/l "CIN_SET" 0 3 2151, C4<0>;
P_0x104987a40 .param/l "DFF_ENABLE" 0 3 2146, C4<0>;
P_0x104987a80 .param/l "LUT_INIT" 0 3 2142, C4<0000000000000000>;
P_0x104987ac0 .param/l "NEG_CLK" 0 3 2144, C4<0>;
P_0x104987b00 .param/l "SET_NORESET" 0 3 2147, C4<0>;
o0xb28844070 .functor BUFZ 1, c4<z>; HiZ drive
L_0xb290d9880 .functor BUFZ 1, o0xb28844070, C4<0>, C4<0>, C4<0>;
L_0xb290da760 .functor BUFZ 1, L_0xb28cf9220, C4<0>, C4<0>, C4<0>;
o0xb288440a0 .functor BUFZ 1, c4<z>; HiZ drive
L_0xb28878298 .functor BUFT 1, C4<0>, C4<0>, C4<0>, C4<0>;
L_0xb291f0d90 .functor XOR 1, o0xb288440a0, L_0xb28878298, C4<0>, C4<0>;
L_0xb290da7d0 .functor BUFZ 1, L_0xb28cf9220, C4<0>, C4<0>, C4<0>;
o0xb28844010 .functor BUFZ 1, c4<z>; HiZ drive
v0xb28ced400_0 .net "CEN", 0 0, o0xb28844010;  0 drivers
v0xb28ced4a0_0 .net "CEN_pu", 0 0, L_0xb28cf8fa0;  1 drivers
v0xb28cecaa0_0 .net "CIN", 0 0, o0xb28844070;  0 drivers
v0xb28cec8c0_0 .net "CLK", 0 0, o0xb288440a0;  0 drivers
L_0xb288781c0 .functor BUFT 1, C4<x>, C4<0>, C4<0>, C4<0>;
v0xb28cecdc0_0 .net "COUT", 0 0, L_0xb288781c0;  1 drivers
o0xb28844100 .functor BUFZ 1, c4<z>; HiZ drive
v0xb28cec500_0 .net "I0", 0 0, o0xb28844100;  0 drivers
v0xb28cec5a0_0 .net "I0_pd", 0 0, L_0xb28cf8960;  1 drivers
o0xb28844160 .functor BUFZ 1, c4<z>; HiZ drive
v0xb28cec640_0 .net "I1", 0 0, o0xb28844160;  0 drivers
v0xb28cec6e0_0 .net "I1_pd", 0 0, L_0xb28cf8aa0;  1 drivers
o0xb288441c0 .functor BUFZ 1, c4<z>; HiZ drive
v0xb28cec780_0 .net "I2", 0 0, o0xb288441c0;  0 drivers
v0xb28ced540_0 .net "I2_pd", 0 0, L_0xb28cf8be0;  1 drivers
o0xb28844220 .functor BUFZ 1, c4<z>; HiZ drive
v0xb28ced5e0_0 .net "I3", 0 0, o0xb28844220;  0 drivers
v0xb28ced680_0 .net "I3_pd", 0 0, L_0xb28cf8d20;  1 drivers
v0xb28ced720_0 .net "LO", 0 0, L_0xb290da760;  1 drivers
v0xb28ced7c0_0 .net "O", 0 0, L_0xb290da7d0;  1 drivers
o0xb288442e0 .functor BUFZ 1, c4<z>; HiZ drive
v0xb28ced860_0 .net "SR", 0 0, o0xb288442e0;  0 drivers
v0xb28ced900_0 .net "SR_pd", 0 0, L_0xb28cf8e60;  1 drivers
o0xb28844340 .functor BUFZ 1, c4<z>; HiZ drive
; Elide local net with no drivers, v0xb28ced9a0_0 name=_ivl_0
v0xb28ceda40_0 .net *"_ivl_10", 0 0, L_0xb28cf8a00;  1 drivers
L_0xb28878058 .functor BUFT 1, C4<0>, C4<0>, C4<0>, C4<0>;
v0xb28cedae0_0 .net/2u *"_ivl_12", 0 0, L_0xb28878058;  1 drivers
o0xb288443d0 .functor BUFZ 1, c4<z>; HiZ drive
; Elide local net with no drivers, v0xb28cedb80_0 name=_ivl_16
v0xb28cedc20_0 .net *"_ivl_18", 0 0, L_0xb28cf8b40;  1 drivers
v0xb28cedcc0_0 .net *"_ivl_2", 0 0, L_0xb28cf88c0;  1 drivers
L_0xb288780a0 .functor BUFT 1, C4<0>, C4<0>, C4<0>, C4<0>;
v0xb28cedd60_0 .net/2u *"_ivl_20", 0 0, L_0xb288780a0;  1 drivers
o0xb28844490 .functor BUFZ 1, c4<z>; HiZ drive
; Elide local net with no drivers, v0xb28cede00_0 name=_ivl_24
v0xb28cedea0_0 .net *"_ivl_26", 0 0, L_0xb28cf8c80;  1 drivers
L_0xb288780e8 .functor BUFT 1, C4<0>, C4<0>, C4<0>, C4<0>;
v0xb28cedf40_0 .net/2u *"_ivl_28", 0 0, L_0xb288780e8;  1 drivers
o0xb28844520 .functor BUFZ 1, c4<z>; HiZ drive
; Elide local net with no drivers, v0xb28cedfe0_0 name=_ivl_32
v0xb28cee080_0 .net *"_ivl_34", 0 0, L_0xb28cf8dc0;  1 drivers
L_0xb28878130 .functor BUFT 1, C4<0>, C4<0>, C4<0>, C4<0>;
v0xb28cee120_0 .net/2u *"_ivl_36", 0 0, L_0xb28878130;  1 drivers
L_0xb28878010 .functor BUFT 1, C4<0>, C4<0>, C4<0>, C4<0>;
v0xb28cee1c0_0 .net/2u *"_ivl_4", 0 0, L_0xb28878010;  1 drivers
o0xb288445e0 .functor BUFZ 1, c4<z>; HiZ drive
; Elide local net with no drivers, v0xb28cee260_0 name=_ivl_40
v0xb28cee300_0 .net *"_ivl_42", 0 0, L_0xb28cf8f00;  1 drivers
L_0xb28878178 .functor BUFT 1, C4<1>, C4<0>, C4<0>, C4<0>;
v0xb28cee3a0_0 .net/2u *"_ivl_44", 0 0, L_0xb28878178;  1 drivers
L_0xb28878208 .functor BUFT 1, C4<00000000>, C4<0>, C4<0>, C4<0>;
v0xb28cee440_0 .net/2u *"_ivl_52", 7 0, L_0xb28878208;  1 drivers
L_0xb28878250 .functor BUFT 1, C4<00000000>, C4<0>, C4<0>, C4<0>;
v0xb28cee4e0_0 .net/2u *"_ivl_54", 7 0, L_0xb28878250;  1 drivers
v0xb28cee580_0 .net *"_ivl_59", 3 0, L_0xb28d2fd40;  1 drivers
v0xb28cee620_0 .net *"_ivl_61", 3 0, L_0xb28d2fde0;  1 drivers
v0xb28cee6c0_0 .net *"_ivl_65", 1 0, L_0xb28d2fe80;  1 drivers
v0xb28cee760_0 .net *"_ivl_67", 1 0, L_0xb28d2ff20;  1 drivers
v0xb28cee800_0 .net *"_ivl_71", 0 0, L_0xb28d30000;  1 drivers
v0xb28cee8a0_0 .net *"_ivl_73", 0 0, L_0xb28d300a0;  1 drivers
v0xb28cee940_0 .net/2u *"_ivl_78", 0 0, L_0xb28878298;  1 drivers
o0xb28844820 .functor BUFZ 1, c4<z>; HiZ drive
; Elide local net with no drivers, v0xb28cee9e0_0 name=_ivl_8
v0xb28ceea80_0 .net "lut_o", 0 0, L_0xb28cf9220;  1 drivers
v0xb28ceeb20_0 .net "lut_s1", 1 0, L_0xb28cf9180;  1 drivers
v0xb28ceebc0_0 .net "lut_s2", 3 0, L_0xb28cf90e0;  1 drivers
v0xb28ceec60_0 .net "lut_s3", 7 0, L_0xb28cf9040;  1 drivers
v0xb28ceed00_0 .net "mux_cin", 0 0, L_0xb290d9880;  1 drivers
v0xb28ceeda0_0 .var "o_reg", 0 0;
v0xb28ceee40_0 .var "o_reg_async", 0 0;
v0xb28ceeee0_0 .net "polarized_clk", 0 0, L_0xb291f0d90;  1 drivers
E_0xb29243a80 .event posedge, v0xb28ced900_0, v0xb28ceeee0_0;
E_0xb29243ac0 .event posedge, v0xb28ceeee0_0;
L_0xb28cf88c0 .cmp/eeq 1, o0xb28844100, o0xb28844340;
L_0xb28cf8960 .functor MUXZ 1, o0xb28844100, L_0xb28878010, L_0xb28cf88c0, C4<>;
L_0xb28cf8a00 .cmp/eeq 1, o0xb28844160, o0xb28844820;
L_0xb28cf8aa0 .functor MUXZ 1, o0xb28844160, L_0xb28878058, L_0xb28cf8a00, C4<>;
L_0xb28cf8b40 .cmp/eeq 1, o0xb288441c0, o0xb288443d0;
L_0xb28cf8be0 .functor MUXZ 1, o0xb288441c0, L_0xb288780a0, L_0xb28cf8b40, C4<>;
L_0xb28cf8c80 .cmp/eeq 1, o0xb28844220, o0xb28844490;
L_0xb28cf8d20 .functor MUXZ 1, o0xb28844220, L_0xb288780e8, L_0xb28cf8c80, C4<>;
L_0xb28cf8dc0 .cmp/eeq 1, o0xb288442e0, o0xb28844520;
L_0xb28cf8e60 .functor MUXZ 1, o0xb288442e0, L_0xb28878130, L_0xb28cf8dc0, C4<>;
L_0xb28cf8f00 .cmp/eeq 1, o0xb28844010, o0xb288445e0;
L_0xb28cf8fa0 .functor MUXZ 1, o0xb28844010, L_0xb28878178, L_0xb28cf8f00, C4<>;
L_0xb28cf9040 .functor MUXZ 8, L_0xb28878250, L_0xb28878208, L_0xb28cf8d20, C4<>;
L_0xb28d2fd40 .part L_0xb28cf9040, 4, 4;
L_0xb28d2fde0 .part L_0xb28cf9040, 0, 4;
L_0xb28cf90e0 .functor MUXZ 4, L_0xb28d2fde0, L_0xb28d2fd40, L_0xb28cf8be0, C4<>;
L_0xb28d2fe80 .part L_0xb28cf90e0, 2, 2;
L_0xb28d2ff20 .part L_0xb28cf90e0, 0, 2;
L_0xb28cf9180 .functor MUXZ 2, L_0xb28d2ff20, L_0xb28d2fe80, L_0xb28cf8aa0, C4<>;
L_0xb28d30000 .part L_0xb28cf9180, 1, 1;
L_0xb28d300a0 .part L_0xb28cf9180, 0, 1;
L_0xb28cf9220 .functor MUXZ 1, L_0xb28d300a0, L_0xb28d30000, L_0xb28cf8960, C4<>;
S_0x104987180 .scope module, "ICESTORM_RAM" "ICESTORM_RAM" 3 3167;
 .timescale -12 -12;
    .port_info 0 /OUTPUT 1 "RDATA_15";
    .port_info 1 /OUTPUT 1 "RDATA_14";
    .port_info 2 /OUTPUT 1 "RDATA_13";
    .port_info 3 /OUTPUT 1 "RDATA_12";
    .port_info 4 /OUTPUT 1 "RDATA_11";
    .port_info 5 /OUTPUT 1 "RDATA_10";
    .port_info 6 /OUTPUT 1 "RDATA_9";
    .port_info 7 /OUTPUT 1 "RDATA_8";
    .port_info 8 /OUTPUT 1 "RDATA_7";
    .port_info 9 /OUTPUT 1 "RDATA_6";
    .port_info 10 /OUTPUT 1 "RDATA_5";
    .port_info 11 /OUTPUT 1 "RDATA_4";
    .port_info 12 /OUTPUT 1 "RDATA_3";
    .port_info 13 /OUTPUT 1 "RDATA_2";
    .port_info 14 /OUTPUT 1 "RDATA_1";
    .port_info 15 /OUTPUT 1 "RDATA_0";
    .port_info 16 /INPUT 1 "RCLK";
    .port_info 17 /INPUT 1 "RCLKE";
    .port_info 18 /INPUT 1 "RE";
    .port_info 19 /INPUT 1 "RADDR_10";
    .port_info 20 /INPUT 1 "RADDR_9";
    .port_info 21 /INPUT 1 "RADDR_8";
    .port_info 22 /INPUT 1 "RADDR_7";
    .port_info 23 /INPUT 1 "RADDR_6";
    .port_info 24 /INPUT 1 "RADDR_5";
    .port_info 25 /INPUT 1 "RADDR_4";
    .port_info 26 /INPUT 1 "RADDR_3";
    .port_info 27 /INPUT 1 "RADDR_2";
    .port_info 28 /INPUT 1 "RADDR_1";
    .port_info 29 /INPUT 1 "RADDR_0";
    .port_info 30 /INPUT 1 "WCLK";
    .port_info 31 /INPUT 1 "WCLKE";
    .port_info 32 /INPUT 1 "WE";
    .port_info 33 /INPUT 1 "WADDR_10";
    .port_info 34 /INPUT 1 "WADDR_9";
    .port_info 35 /INPUT 1 "WADDR_8";
    .port_info 36 /INPUT 1 "WADDR_7";
    .port_info 37 /INPUT 1 "WADDR_6";
    .port_info 38 /INPUT 1 "WADDR_5";
    .port_info 39 /INPUT 1 "WADDR_4";
    .port_info 40 /INPUT 1 "WADDR_3";
    .port_info 41 /INPUT 1 "WADDR_2";
    .port_info 42 /INPUT 1 "WADDR_1";
    .port_info 43 /INPUT 1 "WADDR_0";
    .port_info 44 /INPUT 1 "MASK_15";
    .port_info 45 /INPUT 1 "MASK_14";
    .port_info 46 /INPUT 1 "MASK_13";
    .port_info 47 /INPUT 1 "MASK_12";
    .port_info 48 /INPUT 1 "MASK_11";
    .port_info 49 /INPUT 1 "MASK_10";
    .port_info 50 /INPUT 1 "MASK_9";
    .port_info 51 /INPUT 1 "MASK_8";
    .port_info 52 /INPUT 1 "MASK_7";
    .port_info 53 /INPUT 1 "MASK_6";
    .port_info 54 /INPUT 1 "MASK_5";
    .port_info 55 /INPUT 1 "MASK_4";
    .port_info 56 /INPUT 1 "MASK_3";
    .port_info 57 /INPUT 1 "MASK_2";
    .port_info 58 /INPUT 1 "MASK_1";
    .port_info 59 /INPUT 1 "MASK_0";
    .port_info 60 /INPUT 1 "WDATA_15";
    .port_info 61 /INPUT 1 "WDATA_14";
    .port_info 62 /INPUT 1 "WDATA_13";
    .port_info 63 /INPUT 1 "WDATA_12";
    .port_info 64 /INPUT 1 "WDATA_11";
    .port_info 65 /INPUT 1 "WDATA_10";
    .port_info 66 /INPUT 1 "WDATA_9";
    .port_info 67 /INPUT 1 "WDATA_8";
    .port_info 68 /INPUT 1 "WDATA_7";
    .port_info 69 /INPUT 1 "WDATA_6";
    .port_info 70 /INPUT 1 "WDATA_5";
    .port_info 71 /INPUT 1 "WDATA_4";
    .port_info 72 /INPUT 1 "WDATA_3";
    .port_info 73 /INPUT 1 "WDATA_2";
    .port_info 74 /INPUT 1 "WDATA_1";
    .port_info 75 /INPUT 1 "WDATA_0";
P_0xb29054500 .param/l "INIT_0" 0 3 3182, C4<0000000000000000000000000000000000000000000000000000000000000000000000000000000000000000000000000000000000000000000000000000000000000000000000000000000000000000000000000000000000000000000000000000000000000000000000000000000000000000000000000000000000000000>;
P_0xb29054540 .param/l "INIT_1" 0 3 3183, C4<0000000000000000000000000000000000000000000000000000000000000000000000000000000000000000000000000000000000000000000000000000000000000000000000000000000000000000000000000000000000000000000000000000000000000000000000000000000000000000000000000000000000000000>;
P_0xb29054580 .param/l "INIT_2" 0 3 3184, C4<0000000000000000000000000000000000000000000000000000000000000000000000000000000000000000000000000000000000000000000000000000000000000000000000000000000000000000000000000000000000000000000000000000000000000000000000000000000000000000000000000000000000000000>;
P_0xb290545c0 .param/l "INIT_3" 0 3 3185, C4<0000000000000000000000000000000000000000000000000000000000000000000000000000000000000000000000000000000000000000000000000000000000000000000000000000000000000000000000000000000000000000000000000000000000000000000000000000000000000000000000000000000000000000>;
P_0xb29054600 .param/l "INIT_4" 0 3 3186, C4<0000000000000000000000000000000000000000000000000000000000000000000000000000000000000000000000000000000000000000000000000000000000000000000000000000000000000000000000000000000000000000000000000000000000000000000000000000000000000000000000000000000000000000>;
P_0xb29054640 .param/l "INIT_5" 0 3 3187, C4<0000000000000000000000000000000000000000000000000000000000000000000000000000000000000000000000000000000000000000000000000000000000000000000000000000000000000000000000000000000000000000000000000000000000000000000000000000000000000000000000000000000000000000>;
P_0xb29054680 .param/l "INIT_6" 0 3 3188, C4<0000000000000000000000000000000000000000000000000000000000000000000000000000000000000000000000000000000000000000000000000000000000000000000000000000000000000000000000000000000000000000000000000000000000000000000000000000000000000000000000000000000000000000>;
P_0xb290546c0 .param/l "INIT_7" 0 3 3189, C4<0000000000000000000000000000000000000000000000000000000000000000000000000000000000000000000000000000000000000000000000000000000000000000000000000000000000000000000000000000000000000000000000000000000000000000000000000000000000000000000000000000000000000000>;
P_0xb29054700 .param/l "INIT_8" 0 3 3190, C4<0000000000000000000000000000000000000000000000000000000000000000000000000000000000000000000000000000000000000000000000000000000000000000000000000000000000000000000000000000000000000000000000000000000000000000000000000000000000000000000000000000000000000000>;
P_0xb29054740 .param/l "INIT_9" 0 3 3191, C4<0000000000000000000000000000000000000000000000000000000000000000000000000000000000000000000000000000000000000000000000000000000000000000000000000000000000000000000000000000000000000000000000000000000000000000000000000000000000000000000000000000000000000000>;
P_0xb29054780 .param/l "INIT_A" 0 3 3192, C4<0000000000000000000000000000000000000000000000000000000000000000000000000000000000000000000000000000000000000000000000000000000000000000000000000000000000000000000000000000000000000000000000000000000000000000000000000000000000000000000000000000000000000000>;
P_0xb290547c0 .param/l "INIT_B" 0 3 3193, C4<0000000000000000000000000000000000000000000000000000000000000000000000000000000000000000000000000000000000000000000000000000000000000000000000000000000000000000000000000000000000000000000000000000000000000000000000000000000000000000000000000000000000000000>;
P_0xb29054800 .param/l "INIT_C" 0 3 3194, C4<0000000000000000000000000000000000000000000000000000000000000000000000000000000000000000000000000000000000000000000000000000000000000000000000000000000000000000000000000000000000000000000000000000000000000000000000000000000000000000000000000000000000000000>;
P_0xb29054840 .param/l "INIT_D" 0 3 3195, C4<0000000000000000000000000000000000000000000000000000000000000000000000000000000000000000000000000000000000000000000000000000000000000000000000000000000000000000000000000000000000000000000000000000000000000000000000000000000000000000000000000000000000000000>;
P_0xb29054880 .param/l "INIT_E" 0 3 3196, C4<0000000000000000000000000000000000000000000000000000000000000000000000000000000000000000000000000000000000000000000000000000000000000000000000000000000000000000000000000000000000000000000000000000000000000000000000000000000000000000000000000000000000000000>;
P_0xb290548c0 .param/l "INIT_F" 0 3 3197, C4<0000000000000000000000000000000000000000000000000000000000000000000000000000000000000000000000000000000000000000000000000000000000000000000000000000000000000000000000000000000000000000000000000000000000000000000000000000000000000000000000000000000000000000>;
P_0xb29054900 .param/l "NEG_CLK_R" 0 3 3179, C4<0>;
P_0xb29054940 .param/l "NEG_CLK_W" 0 3 3180, C4<0>;
P_0xb29054980 .param/l "READ_MODE" 0 3 3177, +C4<00000000000000000000000000000000>;
P_0xb290549c0 .param/l "WRITE_MODE" 0 3 3176, +C4<00000000000000000000000000000000>;
L_0xb28878328 .functor BUFT 1, C4<0>, C4<0>, C4<0>, C4<0>;
L_0xb291f0e00 .functor XOR 1, L_0xb28cf92c0, L_0xb28878328, C4<0>, C4<0>;
L_0xb28878370 .functor BUFT 1, C4<0>, C4<0>, C4<0>, C4<0>;
L_0xb291f0c40 .functor XOR 1, L_0xb28cf9b80, L_0xb28878370, C4<0>, C4<0>;
o0xb288451b0 .functor BUFZ 1, c4<z>; HiZ drive
v0xb28cefca0_0 .net "MASK_0", 0 0, o0xb288451b0;  0 drivers
o0xb288451e0 .functor BUFZ 1, c4<z>; HiZ drive
v0xb28cefd40_0 .net "MASK_1", 0 0, o0xb288451e0;  0 drivers
o0xb28845210 .functor BUFZ 1, c4<z>; HiZ drive
v0xb28cefde0_0 .net "MASK_10", 0 0, o0xb28845210;  0 drivers
o0xb28845240 .functor BUFZ 1, c4<z>; HiZ drive
v0xb28cefe80_0 .net "MASK_11", 0 0, o0xb28845240;  0 drivers
o0xb28845270 .functor BUFZ 1, c4<z>; HiZ drive
v0xb28ceff20_0 .net "MASK_12", 0 0, o0xb28845270;  0 drivers
o0xb288452a0 .functor BUFZ 1, c4<z>; HiZ drive
v0xb28c933e0_0 .net "MASK_13", 0 0, o0xb288452a0;  0 drivers
o0xb288452d0 .functor BUFZ 1, c4<z>; HiZ drive
v0xb28c93480_0 .net "MASK_14", 0 0, o0xb288452d0;  0 drivers
o0xb28845300 .functor BUFZ 1, c4<z>; HiZ drive
v0xb28c93520_0 .net "MASK_15", 0 0, o0xb28845300;  0 drivers
o0xb28845330 .functor BUFZ 1, c4<z>; HiZ drive
v0xb28c935c0_0 .net "MASK_2", 0 0, o0xb28845330;  0 drivers
o0xb28845360 .functor BUFZ 1, c4<z>; HiZ drive
v0xb28c937a0_0 .net "MASK_3", 0 0, o0xb28845360;  0 drivers
o0xb28845390 .functor BUFZ 1, c4<z>; HiZ drive
v0xb28c93840_0 .net "MASK_4", 0 0, o0xb28845390;  0 drivers
o0xb288453c0 .functor BUFZ 1, c4<z>; HiZ drive
v0xb28c91ea0_0 .net "MASK_5", 0 0, o0xb288453c0;  0 drivers
o0xb288453f0 .functor BUFZ 1, c4<z>; HiZ drive
v0xb28c91a40_0 .net "MASK_6", 0 0, o0xb288453f0;  0 drivers
o0xb28845420 .functor BUFZ 1, c4<z>; HiZ drive
v0xb28c91400_0 .net "MASK_7", 0 0, o0xb28845420;  0 drivers
o0xb28845450 .functor BUFZ 1, c4<z>; HiZ drive
v0xb28c91540_0 .net "MASK_8", 0 0, o0xb28845450;  0 drivers
o0xb28845480 .functor BUFZ 1, c4<z>; HiZ drive
v0xb28c915e0_0 .net "MASK_9", 0 0, o0xb28845480;  0 drivers
o0xb288454b0 .functor BUFZ 1, c4<z>; HiZ drive
v0xb28c93200_0 .net "RADDR_0", 0 0, o0xb288454b0;  0 drivers
o0xb288454e0 .functor BUFZ 1, c4<z>; HiZ drive
v0xb28c92e40_0 .net "RADDR_1", 0 0, o0xb288454e0;  0 drivers
o0xb28845510 .functor BUFZ 1, c4<z>; HiZ drive
v0xb28d08000_0 .net "RADDR_10", 0 0, o0xb28845510;  0 drivers
o0xb28845540 .functor BUFZ 1, c4<z>; HiZ drive
v0xb28d080a0_0 .net "RADDR_2", 0 0, o0xb28845540;  0 drivers
o0xb28845570 .functor BUFZ 1, c4<z>; HiZ drive
v0xb28d08140_0 .net "RADDR_3", 0 0, o0xb28845570;  0 drivers
o0xb288455a0 .functor BUFZ 1, c4<z>; HiZ drive
v0xb28d081e0_0 .net "RADDR_4", 0 0, o0xb288455a0;  0 drivers
o0xb288455d0 .functor BUFZ 1, c4<z>; HiZ drive
v0xb28d08280_0 .net "RADDR_5", 0 0, o0xb288455d0;  0 drivers
o0xb28845600 .functor BUFZ 1, c4<z>; HiZ drive
v0xb28d08320_0 .net "RADDR_6", 0 0, o0xb28845600;  0 drivers
o0xb28845630 .functor BUFZ 1, c4<z>; HiZ drive
v0xb28d083c0_0 .net "RADDR_7", 0 0, o0xb28845630;  0 drivers
o0xb28845660 .functor BUFZ 1, c4<z>; HiZ drive
v0xb28d08460_0 .net "RADDR_8", 0 0, o0xb28845660;  0 drivers
o0xb28845690 .functor BUFZ 1, c4<z>; HiZ drive
v0xb28d08500_0 .net "RADDR_9", 0 0, o0xb28845690;  0 drivers
o0xb288456c0 .functor BUFZ 1, c4<z>; HiZ drive
v0xb28d085a0_0 .net "RCLK", 0 0, o0xb288456c0;  0 drivers
o0xb288456f0 .functor BUFZ 1, c4<z>; HiZ drive
v0xb28d08640_0 .net "RCLKE", 0 0, o0xb288456f0;  0 drivers
v0xb28d086e0_0 .net "RDATA_0", 0 0, L_0xb28d30aa0;  1 drivers
v0xb28d08780_0 .net "RDATA_1", 0 0, L_0xb28d30a00;  1 drivers
v0xb28d08820_0 .net "RDATA_10", 0 0, L_0xb28d30460;  1 drivers
v0xb28d088c0_0 .net "RDATA_11", 0 0, L_0xb28d303c0;  1 drivers
v0xb28d08960_0 .net "RDATA_12", 0 0, L_0xb28d30320;  1 drivers
v0xb28d08a00_0 .net "RDATA_13", 0 0, L_0xb28d30280;  1 drivers
v0xb28d08aa0_0 .net "RDATA_14", 0 0, L_0xb28d301e0;  1 drivers
v0xb28d08b40_0 .net "RDATA_15", 0 0, L_0xb28d30140;  1 drivers
v0xb28d08be0_0 .net "RDATA_2", 0 0, L_0xb28d30960;  1 drivers
v0xb28d08c80_0 .net "RDATA_3", 0 0, L_0xb28d308c0;  1 drivers
v0xb28d08d20_0 .net "RDATA_4", 0 0, L_0xb28d30820;  1 drivers
v0xb28d08dc0_0 .net "RDATA_5", 0 0, L_0xb28d30780;  1 drivers
v0xb28d08e60_0 .net "RDATA_6", 0 0, L_0xb28d306e0;  1 drivers
v0xb28d08f00_0 .net "RDATA_7", 0 0, L_0xb28d30640;  1 drivers
v0xb28d08fa0_0 .net "RDATA_8", 0 0, L_0xb28d305a0;  1 drivers
v0xb28d09040_0 .net "RDATA_9", 0 0, L_0xb28d30500;  1 drivers
o0xb28845a20 .functor BUFZ 1, c4<z>; HiZ drive
v0xb28d090e0_0 .net "RE", 0 0, o0xb28845a20;  0 drivers
o0xb28845a50 .functor BUFZ 1, c4<z>; HiZ drive
v0xb28d09180_0 .net "WADDR_0", 0 0, o0xb28845a50;  0 drivers
o0xb28845a80 .functor BUFZ 1, c4<z>; HiZ drive
v0xb28d09220_0 .net "WADDR_1", 0 0, o0xb28845a80;  0 drivers
o0xb28845ab0 .functor BUFZ 1, c4<z>; HiZ drive
v0xb28d092c0_0 .net "WADDR_10", 0 0, o0xb28845ab0;  0 drivers
o0xb28845ae0 .functor BUFZ 1, c4<z>; HiZ drive
v0xb28d09360_0 .net "WADDR_2", 0 0, o0xb28845ae0;  0 drivers
o0xb28845b10 .functor BUFZ 1, c4<z>; HiZ drive
v0xb28d09400_0 .net "WADDR_3", 0 0, o0xb28845b10;  0 drivers
o0xb28845b40 .functor BUFZ 1, c4<z>; HiZ drive
v0xb28d094a0_0 .net "WADDR_4", 0 0, o0xb28845b40;  0 drivers
o0xb28845b70 .functor BUFZ 1, c4<z>; HiZ drive
v0xb28d09540_0 .net "WADDR_5", 0 0, o0xb28845b70;  0 drivers
o0xb28845ba0 .functor BUFZ 1, c4<z>; HiZ drive
v0xb28d095e0_0 .net "WADDR_6", 0 0, o0xb28845ba0;  0 drivers
o0xb28845bd0 .functor BUFZ 1, c4<z>; HiZ drive
v0xb28d09680_0 .net "WADDR_7", 0 0, o0xb28845bd0;  0 drivers
o0xb28845c00 .functor BUFZ 1, c4<z>; HiZ drive
v0xb28d09720_0 .net "WADDR_8", 0 0, o0xb28845c00;  0 drivers
o0xb28845c30 .functor BUFZ 1, c4<z>; HiZ drive
v0xb28d097c0_0 .net "WADDR_9", 0 0, o0xb28845c30;  0 drivers
o0xb28845c60 .functor BUFZ 1, c4<z>; HiZ drive
v0xb28d09860_0 .net "WCLK", 0 0, o0xb28845c60;  0 drivers
o0xb28845c90 .functor BUFZ 1, c4<z>; HiZ drive
v0xb28d09900_0 .net "WCLKE", 0 0, o0xb28845c90;  0 drivers
o0xb28845cc0 .functor BUFZ 1, c4<z>; HiZ drive
v0xb28d099a0_0 .net "WDATA_0", 0 0, o0xb28845cc0;  0 drivers
o0xb28845cf0 .functor BUFZ 1, c4<z>; HiZ drive
v0xb28d09a40_0 .net "WDATA_1", 0 0, o0xb28845cf0;  0 drivers
o0xb28845d20 .functor BUFZ 1, c4<z>; HiZ drive
v0xb28d09ae0_0 .net "WDATA_10", 0 0, o0xb28845d20;  0 drivers
o0xb28845d50 .functor BUFZ 1, c4<z>; HiZ drive
v0xb28d09b80_0 .net "WDATA_11", 0 0, o0xb28845d50;  0 drivers
o0xb28845d80 .functor BUFZ 1, c4<z>; HiZ drive
v0xb28d09c20_0 .net "WDATA_12", 0 0, o0xb28845d80;  0 drivers
o0xb28845db0 .functor BUFZ 1, c4<z>; HiZ drive
v0xb28d09cc0_0 .net "WDATA_13", 0 0, o0xb28845db0;  0 drivers
o0xb28845de0 .functor BUFZ 1, c4<z>; HiZ drive
v0xb28d09d60_0 .net "WDATA_14", 0 0, o0xb28845de0;  0 drivers
o0xb28845e10 .functor BUFZ 1, c4<z>; HiZ drive
v0xb28d09e00_0 .net "WDATA_15", 0 0, o0xb28845e10;  0 drivers
o0xb28845e40 .functor BUFZ 1, c4<z>; HiZ drive
v0xb28d09ea0_0 .net "WDATA_2", 0 0, o0xb28845e40;  0 drivers
o0xb28845e70 .functor BUFZ 1, c4<z>; HiZ drive
v0xb28d09f40_0 .net "WDATA_3", 0 0, o0xb28845e70;  0 drivers
o0xb28845ea0 .functor BUFZ 1, c4<z>; HiZ drive
v0xb28d09fe0_0 .net "WDATA_4", 0 0, o0xb28845ea0;  0 drivers
o0xb28845ed0 .functor BUFZ 1, c4<z>; HiZ drive
v0xb28d0a080_0 .net "WDATA_5", 0 0, o0xb28845ed0;  0 drivers
o0xb28845f00 .functor BUFZ 1, c4<z>; HiZ drive
v0xb28d0a120_0 .net "WDATA_6", 0 0, o0xb28845f00;  0 drivers
o0xb28845f30 .functor BUFZ 1, c4<z>; HiZ drive
v0xb28d0a1c0_0 .net "WDATA_7", 0 0, o0xb28845f30;  0 drivers
o0xb28845f60 .functor BUFZ 1, c4<z>; HiZ drive
v0xb28d0a260_0 .net "WDATA_8", 0 0, o0xb28845f60;  0 drivers
o0xb28845f90 .functor BUFZ 1, c4<z>; HiZ drive
v0xb28d0a300_0 .net "WDATA_9", 0 0, o0xb28845f90;  0 drivers
o0xb28845fc0 .functor BUFZ 1, c4<z>; HiZ drive
v0xb28d0a3a0_0 .net "WE", 0 0, o0xb28845fc0;  0 drivers
v0xb28d0a440_0 .net *"_ivl_100", 0 0, L_0xb28cfa8a0;  1 drivers
v0xb28d0a4e0_0 .net *"_ivl_102", 0 0, L_0xb28cfa940;  1 drivers
v0xb28d0a580_0 .net *"_ivl_104", 0 0, L_0xb28cfa9e0;  1 drivers
v0xb28d0a620_0 .net *"_ivl_106", 0 0, L_0xb28cfaa80;  1 drivers
v0xb28d0a6c0_0 .net *"_ivl_108", 0 0, L_0xb28cfab20;  1 drivers
v0xb28d0a760_0 .net *"_ivl_110", 0 0, L_0xb28cfabc0;  1 drivers
v0xb28d0a800_0 .net *"_ivl_112", 0 0, L_0xb28cfac60;  1 drivers
v0xb28d0a8a0_0 .net *"_ivl_114", 0 0, L_0xb28cfad00;  1 drivers
v0xb28d0a940_0 .net *"_ivl_116", 0 0, L_0xb28cfada0;  1 drivers
v0xb28d0a9e0_0 .net *"_ivl_120", 0 0, L_0xb28cfae40;  1 drivers
v0xb28d0aa80_0 .net *"_ivl_122", 0 0, L_0xb28cfaee0;  1 drivers
v0xb28d0ab20_0 .net *"_ivl_124", 0 0, L_0xb28cfaf80;  1 drivers
v0xb28d0abc0_0 .net *"_ivl_126", 0 0, L_0xb28cfb020;  1 drivers
v0xb28d0ac60_0 .net *"_ivl_128", 0 0, L_0xb28cfb0c0;  1 drivers
v0xb28d0ad00_0 .net *"_ivl_130", 0 0, L_0xb28cfb160;  1 drivers
v0xb28d0ada0_0 .net *"_ivl_132", 0 0, L_0xb28cfb200;  1 drivers
v0xb28d0ae40_0 .net *"_ivl_134", 0 0, L_0xb28cfb2a0;  1 drivers
v0xb28d0aee0_0 .net *"_ivl_136", 0 0, L_0xb28cfb340;  1 drivers
v0xb28d0af80_0 .net *"_ivl_138", 0 0, L_0xb28cfb3e0;  1 drivers
v0xb28d0b020_0 .net *"_ivl_140", 0 0, L_0xb28cfb480;  1 drivers
v0xb28d0b0c0_0 .net *"_ivl_142", 0 0, L_0xb28cfb520;  1 drivers
v0xb28d0b160_0 .net *"_ivl_144", 0 0, L_0xb28cfb5c0;  1 drivers
v0xb28d0b200_0 .net *"_ivl_146", 0 0, L_0xb28cfb660;  1 drivers
v0xb28d0b2a0_0 .net *"_ivl_148", 0 0, L_0xb28cfb700;  1 drivers
v0xb28d0b340_0 .net *"_ivl_150", 0 0, L_0xb28cfb7a0;  1 drivers
v0xb28d0b3e0_0 .net *"_ivl_18", 0 0, L_0xb28cf92c0;  1 drivers
v0xb28d0b480_0 .net/2u *"_ivl_19", 0 0, L_0xb28878328;  1 drivers
v0xb28d0b520_0 .net *"_ivl_28", 0 0, L_0xb28cf94a0;  1 drivers
v0xb28d0b5c0_0 .net *"_ivl_30", 0 0, L_0xb28cf9540;  1 drivers
v0xb28d0b660_0 .net *"_ivl_32", 0 0, L_0xb28cf95e0;  1 drivers
v0xb28d0b700_0 .net *"_ivl_34", 0 0, L_0xb28cf9680;  1 drivers
v0xb28d0b7a0_0 .net *"_ivl_36", 0 0, L_0xb28cf9720;  1 drivers
v0xb28d0b840_0 .net *"_ivl_38", 0 0, L_0xb28cf97c0;  1 drivers
v0xb28d0b8e0_0 .net *"_ivl_40", 0 0, L_0xb28cf9860;  1 drivers
v0xb28d0b980_0 .net *"_ivl_42", 0 0, L_0xb28cf9900;  1 drivers
v0xb28d0ba20_0 .net *"_ivl_44", 0 0, L_0xb28cf99a0;  1 drivers
v0xb28d0bac0_0 .net *"_ivl_46", 0 0, L_0xb28cf9a40;  1 drivers
v0xb28d0bb60_0 .net *"_ivl_48", 0 0, L_0xb28cf9ae0;  1 drivers
v0xb28d0bc00_0 .net *"_ivl_52", 0 0, L_0xb28cf9b80;  1 drivers
v0xb28d0bca0_0 .net/2u *"_ivl_53", 0 0, L_0xb28878370;  1 drivers
v0xb28d0bd40_0 .net *"_ivl_62", 0 0, L_0xb28cf9d60;  1 drivers
v0xb28d0bde0_0 .net *"_ivl_64", 0 0, L_0xb28cf9e00;  1 drivers
v0xb28d0be80_0 .net *"_ivl_66", 0 0, L_0xb28cf9ea0;  1 drivers
v0xb28d0bf20_0 .net *"_ivl_68", 0 0, L_0xb28cf9f40;  1 drivers
v0xb28d0c000_0 .net *"_ivl_70", 0 0, L_0xb28cf9fe0;  1 drivers
v0xb28d0c0a0_0 .net *"_ivl_72", 0 0, L_0xb28cfa080;  1 drivers
v0xb28d0c140_0 .net *"_ivl_74", 0 0, L_0xb28cfa120;  1 drivers
v0xb28d0c1e0_0 .net *"_ivl_76", 0 0, L_0xb28cfa1c0;  1 drivers
v0xb28d0c280_0 .net *"_ivl_78", 0 0, L_0xb28cfa260;  1 drivers
v0xb28d0c320_0 .net *"_ivl_80", 0 0, L_0xb28cfa300;  1 drivers
v0xb28d0c3c0_0 .net *"_ivl_82", 0 0, L_0xb28cfa3a0;  1 drivers
v0xb28d0c460_0 .net *"_ivl_86", 0 0, L_0xb28cfa440;  1 drivers
v0xb28d0c500_0 .net *"_ivl_88", 0 0, L_0xb28cfa4e0;  1 drivers
v0xb28d0c5a0_0 .net *"_ivl_90", 0 0, L_0xb28cfa580;  1 drivers
v0xb28d0c640_0 .net *"_ivl_92", 0 0, L_0xb28cfa620;  1 drivers
v0xb28d0c6e0_0 .net *"_ivl_94", 0 0, L_0xb28cfa6c0;  1 drivers
v0xb28d0c780_0 .net *"_ivl_96", 0 0, L_0xb28cfa760;  1 drivers
v0xb28d0c820_0 .net *"_ivl_98", 0 0, L_0xb28cfa800;  1 drivers
L_0xb28d30140 .part v0xb28cef2a0_0, 15, 1;
L_0xb28d301e0 .part v0xb28cef2a0_0, 14, 1;
L_0xb28d30280 .part v0xb28cef2a0_0, 13, 1;
L_0xb28d30320 .part v0xb28cef2a0_0, 12, 1;
L_0xb28d303c0 .part v0xb28cef2a0_0, 11, 1;
L_0xb28d30460 .part v0xb28cef2a0_0, 10, 1;
L_0xb28d30500 .part v0xb28cef2a0_0, 9, 1;
L_0xb28d305a0 .part v0xb28cef2a0_0, 8, 1;
L_0xb28d30640 .part v0xb28cef2a0_0, 7, 1;
L_0xb28d306e0 .part v0xb28cef2a0_0, 6, 1;
L_0xb28d30780 .part v0xb28cef2a0_0, 5, 1;
L_0xb28d30820 .part v0xb28cef2a0_0, 4, 1;
L_0xb28d308c0 .part v0xb28cef2a0_0, 3, 1;
L_0xb28d30960 .part v0xb28cef2a0_0, 2, 1;
L_0xb28d30a00 .part v0xb28cef2a0_0, 1, 1;
L_0xb28d30aa0 .part v0xb28cef2a0_0, 0, 1;
L_0xb28cf92c0 .ufunc/vec4 TD_ICESTORM_RAM.pd, 1, o0xb288456c0 (v0xb28cefac0_0) S_0xb28cadf80;
L_0xb28cf9360 .ufunc/vec4 TD_ICESTORM_RAM.pu, 1, o0xb288456f0 (v0xb28cefc00_0) S_0xb28cae100;
L_0xb28cf9400 .ufunc/vec4 TD_ICESTORM_RAM.pd, 1, o0xb28845a20 (v0xb28cefac0_0) S_0xb28cadf80;
L_0xb28cf94a0 .ufunc/vec4 TD_ICESTORM_RAM.pd, 1, o0xb28845510 (v0xb28cefac0_0) S_0xb28cadf80;
L_0xb28cf9540 .ufunc/vec4 TD_ICESTORM_RAM.pd, 1, o0xb28845690 (v0xb28cefac0_0) S_0xb28cadf80;
L_0xb28cf95e0 .ufunc/vec4 TD_ICESTORM_RAM.pd, 1, o0xb28845660 (v0xb28cefac0_0) S_0xb28cadf80;
L_0xb28cf9680 .ufunc/vec4 TD_ICESTORM_RAM.pd, 1, o0xb28845630 (v0xb28cefac0_0) S_0xb28cadf80;
L_0xb28cf9720 .ufunc/vec4 TD_ICESTORM_RAM.pd, 1, o0xb28845600 (v0xb28cefac0_0) S_0xb28cadf80;
L_0xb28cf97c0 .ufunc/vec4 TD_ICESTORM_RAM.pd, 1, o0xb288455d0 (v0xb28cefac0_0) S_0xb28cadf80;
L_0xb28cf9860 .ufunc/vec4 TD_ICESTORM_RAM.pd, 1, o0xb288455a0 (v0xb28cefac0_0) S_0xb28cadf80;
L_0xb28cf9900 .ufunc/vec4 TD_ICESTORM_RAM.pd, 1, o0xb28845570 (v0xb28cefac0_0) S_0xb28cadf80;
L_0xb28cf99a0 .ufunc/vec4 TD_ICESTORM_RAM.pd, 1, o0xb28845540 (v0xb28cefac0_0) S_0xb28cadf80;
L_0xb28cf9a40 .ufunc/vec4 TD_ICESTORM_RAM.pd, 1, o0xb288454e0 (v0xb28cefac0_0) S_0xb28cadf80;
L_0xb28cf9ae0 .ufunc/vec4 TD_ICESTORM_RAM.pd, 1, o0xb288454b0 (v0xb28cefac0_0) S_0xb28cadf80;
LS_0xb28cfc780_0_0 .concat [ 1 1 1 1], L_0xb28cf9ae0, L_0xb28cf9a40, L_0xb28cf99a0, L_0xb28cf9900;
LS_0xb28cfc780_0_4 .concat [ 1 1 1 1], L_0xb28cf9860, L_0xb28cf97c0, L_0xb28cf9720, L_0xb28cf9680;
LS_0xb28cfc780_0_8 .concat [ 1 1 1 0], L_0xb28cf95e0, L_0xb28cf9540, L_0xb28cf94a0;
L_0xb28cfc780 .concat [ 4 4 3 0], LS_0xb28cfc780_0_0, LS_0xb28cfc780_0_4, LS_0xb28cfc780_0_8;
L_0xb28cf9b80 .ufunc/vec4 TD_ICESTORM_RAM.pd, 1, o0xb28845c60 (v0xb28cefac0_0) S_0xb28cadf80;
L_0xb28cf9c20 .ufunc/vec4 TD_ICESTORM_RAM.pu, 1, o0xb28845c90 (v0xb28cefc00_0) S_0xb28cae100;
L_0xb28cf9cc0 .ufunc/vec4 TD_ICESTORM_RAM.pd, 1, o0xb28845fc0 (v0xb28cefac0_0) S_0xb28cadf80;
L_0xb28cf9d60 .ufunc/vec4 TD_ICESTORM_RAM.pd, 1, o0xb28845ab0 (v0xb28cefac0_0) S_0xb28cadf80;
L_0xb28cf9e00 .ufunc/vec4 TD_ICESTORM_RAM.pd, 1, o0xb28845c30 (v0xb28cefac0_0) S_0xb28cadf80;
L_0xb28cf9ea0 .ufunc/vec4 TD_ICESTORM_RAM.pd, 1, o0xb28845c00 (v0xb28cefac0_0) S_0xb28cadf80;
L_0xb28cf9f40 .ufunc/vec4 TD_ICESTORM_RAM.pd, 1, o0xb28845bd0 (v0xb28cefac0_0) S_0xb28cadf80;
L_0xb28cf9fe0 .ufunc/vec4 TD_ICESTORM_RAM.pd, 1, o0xb28845ba0 (v0xb28cefac0_0) S_0xb28cadf80;
L_0xb28cfa080 .ufunc/vec4 TD_ICESTORM_RAM.pd, 1, o0xb28845b70 (v0xb28cefac0_0) S_0xb28cadf80;
L_0xb28cfa120 .ufunc/vec4 TD_ICESTORM_RAM.pd, 1, o0xb28845b40 (v0xb28cefac0_0) S_0xb28cadf80;
L_0xb28cfa1c0 .ufunc/vec4 TD_ICESTORM_RAM.pd, 1, o0xb28845b10 (v0xb28cefac0_0) S_0xb28cadf80;
L_0xb28cfa260 .ufunc/vec4 TD_ICESTORM_RAM.pd, 1, o0xb28845ae0 (v0xb28cefac0_0) S_0xb28cadf80;
L_0xb28cfa300 .ufunc/vec4 TD_ICESTORM_RAM.pd, 1, o0xb28845a80 (v0xb28cefac0_0) S_0xb28cadf80;
L_0xb28cfa3a0 .ufunc/vec4 TD_ICESTORM_RAM.pd, 1, o0xb28845a50 (v0xb28cefac0_0) S_0xb28cadf80;
LS_0xb28cfc820_0_0 .concat [ 1 1 1 1], L_0xb28cfa3a0, L_0xb28cfa300, L_0xb28cfa260, L_0xb28cfa1c0;
LS_0xb28cfc820_0_4 .concat [ 1 1 1 1], L_0xb28cfa120, L_0xb28cfa080, L_0xb28cf9fe0, L_0xb28cf9f40;
LS_0xb28cfc820_0_8 .concat [ 1 1 1 0], L_0xb28cf9ea0, L_0xb28cf9e00, L_0xb28cf9d60;
L_0xb28cfc820 .concat [ 4 4 3 0], LS_0xb28cfc820_0_0, LS_0xb28cfc820_0_4, LS_0xb28cfc820_0_8;
L_0xb28cfa440 .ufunc/vec4 TD_ICESTORM_RAM.pd, 1, o0xb28845300 (v0xb28cefac0_0) S_0xb28cadf80;
L_0xb28cfa4e0 .ufunc/vec4 TD_ICESTORM_RAM.pd, 1, o0xb288452d0 (v0xb28cefac0_0) S_0xb28cadf80;
L_0xb28cfa580 .ufunc/vec4 TD_ICESTORM_RAM.pd, 1, o0xb288452a0 (v0xb28cefac0_0) S_0xb28cadf80;
L_0xb28cfa620 .ufunc/vec4 TD_ICESTORM_RAM.pd, 1, o0xb28845270 (v0xb28cefac0_0) S_0xb28cadf80;
L_0xb28cfa6c0 .ufunc/vec4 TD_ICESTORM_RAM.pd, 1, o0xb28845240 (v0xb28cefac0_0) S_0xb28cadf80;
L_0xb28cfa760 .ufunc/vec4 TD_ICESTORM_RAM.pd, 1, o0xb28845210 (v0xb28cefac0_0) S_0xb28cadf80;
L_0xb28cfa800 .ufunc/vec4 TD_ICESTORM_RAM.pd, 1, o0xb28845480 (v0xb28cefac0_0) S_0xb28cadf80;
L_0xb28cfa8a0 .ufunc/vec4 TD_ICESTORM_RAM.pd, 1, o0xb28845450 (v0xb28cefac0_0) S_0xb28cadf80;
L_0xb28cfa940 .ufunc/vec4 TD_ICESTORM_RAM.pd, 1, o0xb28845420 (v0xb28cefac0_0) S_0xb28cadf80;
L_0xb28cfa9e0 .ufunc/vec4 TD_ICESTORM_RAM.pd, 1, o0xb288453f0 (v0xb28cefac0_0) S_0xb28cadf80;
L_0xb28cfaa80 .ufunc/vec4 TD_ICESTORM_RAM.pd, 1, o0xb288453c0 (v0xb28cefac0_0) S_0xb28cadf80;
L_0xb28cfab20 .ufunc/vec4 TD_ICESTORM_RAM.pd, 1, o0xb28845390 (v0xb28cefac0_0) S_0xb28cadf80;
L_0xb28cfabc0 .ufunc/vec4 TD_ICESTORM_RAM.pd, 1, o0xb28845360 (v0xb28cefac0_0) S_0xb28cadf80;
L_0xb28cfac60 .ufunc/vec4 TD_ICESTORM_RAM.pd, 1, o0xb28845330 (v0xb28cefac0_0) S_0xb28cadf80;
L_0xb28cfad00 .ufunc/vec4 TD_ICESTORM_RAM.pd, 1, o0xb288451e0 (v0xb28cefac0_0) S_0xb28cadf80;
L_0xb28cfada0 .ufunc/vec4 TD_ICESTORM_RAM.pd, 1, o0xb288451b0 (v0xb28cefac0_0) S_0xb28cadf80;
LS_0xb28cfc8c0_0_0 .concat [ 1 1 1 1], L_0xb28cfada0, L_0xb28cfad00, L_0xb28cfac60, L_0xb28cfabc0;
LS_0xb28cfc8c0_0_4 .concat [ 1 1 1 1], L_0xb28cfab20, L_0xb28cfaa80, L_0xb28cfa9e0, L_0xb28cfa940;
LS_0xb28cfc8c0_0_8 .concat [ 1 1 1 1], L_0xb28cfa8a0, L_0xb28cfa800, L_0xb28cfa760, L_0xb28cfa6c0;
LS_0xb28cfc8c0_0_12 .concat [ 1 1 1 1], L_0xb28cfa620, L_0xb28cfa580, L_0xb28cfa4e0, L_0xb28cfa440;
L_0xb28cfc8c0 .concat [ 4 4 4 4], LS_0xb28cfc8c0_0_0, LS_0xb28cfc8c0_0_4, LS_0xb28cfc8c0_0_8, LS_0xb28cfc8c0_0_12;
L_0xb28cfae40 .ufunc/vec4 TD_ICESTORM_RAM.pd, 1, o0xb28845e10 (v0xb28cefac0_0) S_0xb28cadf80;
L_0xb28cfaee0 .ufunc/vec4 TD_ICESTORM_RAM.pd, 1, o0xb28845de0 (v0xb28cefac0_0) S_0xb28cadf80;
L_0xb28cfaf80 .ufunc/vec4 TD_ICESTORM_RAM.pd, 1, o0xb28845db0 (v0xb28cefac0_0) S_0xb28cadf80;
L_0xb28cfb020 .ufunc/vec4 TD_ICESTORM_RAM.pd, 1, o0xb28845d80 (v0xb28cefac0_0) S_0xb28cadf80;
L_0xb28cfb0c0 .ufunc/vec4 TD_ICESTORM_RAM.pd, 1, o0xb28845d50 (v0xb28cefac0_0) S_0xb28cadf80;
L_0xb28cfb160 .ufunc/vec4 TD_ICESTORM_RAM.pd, 1, o0xb28845d20 (v0xb28cefac0_0) S_0xb28cadf80;
L_0xb28cfb200 .ufunc/vec4 TD_ICESTORM_RAM.pd, 1, o0xb28845f90 (v0xb28cefac0_0) S_0xb28cadf80;
L_0xb28cfb2a0 .ufunc/vec4 TD_ICESTORM_RAM.pd, 1, o0xb28845f60 (v0xb28cefac0_0) S_0xb28cadf80;
L_0xb28cfb340 .ufunc/vec4 TD_ICESTORM_RAM.pd, 1, o0xb28845f30 (v0xb28cefac0_0) S_0xb28cadf80;
L_0xb28cfb3e0 .ufunc/vec4 TD_ICESTORM_RAM.pd, 1, o0xb28845f00 (v0xb28cefac0_0) S_0xb28cadf80;
L_0xb28cfb480 .ufunc/vec4 TD_ICESTORM_RAM.pd, 1, o0xb28845ed0 (v0xb28cefac0_0) S_0xb28cadf80;
L_0xb28cfb520 .ufunc/vec4 TD_ICESTORM_RAM.pd, 1, o0xb28845ea0 (v0xb28cefac0_0) S_0xb28cadf80;
L_0xb28cfb5c0 .ufunc/vec4 TD_ICESTORM_RAM.pd, 1, o0xb28845e70 (v0xb28cefac0_0) S_0xb28cadf80;
L_0xb28cfb660 .ufunc/vec4 TD_ICESTORM_RAM.pd, 1, o0xb28845e40 (v0xb28cefac0_0) S_0xb28cadf80;
L_0xb28cfb700 .ufunc/vec4 TD_ICESTORM_RAM.pd, 1, o0xb28845cf0 (v0xb28cefac0_0) S_0xb28cadf80;
L_0xb28cfb7a0 .ufunc/vec4 TD_ICESTORM_RAM.pd, 1, o0xb28845cc0 (v0xb28cefac0_0) S_0xb28cadf80;
LS_0xb28cfca00_0_0 .concat [ 1 1 1 1], L_0xb28cfb7a0, L_0xb28cfb700, L_0xb28cfb660, L_0xb28cfb5c0;
LS_0xb28cfca00_0_4 .concat [ 1 1 1 1], L_0xb28cfb520, L_0xb28cfb480, L_0xb28cfb3e0, L_0xb28cfb340;
LS_0xb28cfca00_0_8 .concat [ 1 1 1 1], L_0xb28cfb2a0, L_0xb28cfb200, L_0xb28cfb160, L_0xb28cfb0c0;
LS_0xb28cfca00_0_12 .concat [ 1 1 1 1], L_0xb28cfb020, L_0xb28cfaf80, L_0xb28cfaee0, L_0xb28cfae40;
L_0xb28cfca00 .concat [ 4 4 4 4], LS_0xb28cfca00_0_0, LS_0xb28cfca00_0_4, LS_0xb28cfca00_0_8, LS_0xb28cfca00_0_12;
S_0xb28cad680 .scope module, "RAM" "SB_RAM40_4K" 3 3233, 3 1487 0, S_0x104987180;
 .timescale -12 -12;
    .port_info 0 /OUTPUT 16 "RDATA";
    .port_info 1 /INPUT 1 "RCLK";
    .port_info 2 /INPUT 1 "RCLKE";
    .port_info 3 /INPUT 1 "RE";
    .port_info 4 /INPUT 11 "RADDR";
    .port_info 5 /INPUT 1 "WCLK";
    .port_info 6 /INPUT 1 "WCLKE";
    .port_info 7 /INPUT 1 "WE";
    .port_info 8 /INPUT 11 "WADDR";
    .port_info 9 /INPUT 16 "MASK";
    .port_info 10 /INPUT 16 "WDATA";
P_0xb29056300 .param/l "INIT_0" 0 3 1507, C4<0000000000000000000000000000000000000000000000000000000000000000000000000000000000000000000000000000000000000000000000000000000000000000000000000000000000000000000000000000000000000000000000000000000000000000000000000000000000000000000000000000000000000000>;
P_0xb29056340 .param/l "INIT_1" 0 3 1508, C4<0000000000000000000000000000000000000000000000000000000000000000000000000000000000000000000000000000000000000000000000000000000000000000000000000000000000000000000000000000000000000000000000000000000000000000000000000000000000000000000000000000000000000000>;
P_0xb29056380 .param/l "INIT_2" 0 3 1509, C4<0000000000000000000000000000000000000000000000000000000000000000000000000000000000000000000000000000000000000000000000000000000000000000000000000000000000000000000000000000000000000000000000000000000000000000000000000000000000000000000000000000000000000000>;
P_0xb290563c0 .param/l "INIT_3" 0 3 1510, C4<0000000000000000000000000000000000000000000000000000000000000000000000000000000000000000000000000000000000000000000000000000000000000000000000000000000000000000000000000000000000000000000000000000000000000000000000000000000000000000000000000000000000000000>;
P_0xb29056400 .param/l "INIT_4" 0 3 1511, C4<0000000000000000000000000000000000000000000000000000000000000000000000000000000000000000000000000000000000000000000000000000000000000000000000000000000000000000000000000000000000000000000000000000000000000000000000000000000000000000000000000000000000000000>;
P_0xb29056440 .param/l "INIT_5" 0 3 1512, C4<0000000000000000000000000000000000000000000000000000000000000000000000000000000000000000000000000000000000000000000000000000000000000000000000000000000000000000000000000000000000000000000000000000000000000000000000000000000000000000000000000000000000000000>;
P_0xb29056480 .param/l "INIT_6" 0 3 1513, C4<0000000000000000000000000000000000000000000000000000000000000000000000000000000000000000000000000000000000000000000000000000000000000000000000000000000000000000000000000000000000000000000000000000000000000000000000000000000000000000000000000000000000000000>;
P_0xb290564c0 .param/l "INIT_7" 0 3 1514, C4<0000000000000000000000000000000000000000000000000000000000000000000000000000000000000000000000000000000000000000000000000000000000000000000000000000000000000000000000000000000000000000000000000000000000000000000000000000000000000000000000000000000000000000>;
P_0xb29056500 .param/l "INIT_8" 0 3 1515, C4<0000000000000000000000000000000000000000000000000000000000000000000000000000000000000000000000000000000000000000000000000000000000000000000000000000000000000000000000000000000000000000000000000000000000000000000000000000000000000000000000000000000000000000>;
P_0xb29056540 .param/l "INIT_9" 0 3 1516, C4<0000000000000000000000000000000000000000000000000000000000000000000000000000000000000000000000000000000000000000000000000000000000000000000000000000000000000000000000000000000000000000000000000000000000000000000000000000000000000000000000000000000000000000>;
P_0xb29056580 .param/l "INIT_A" 0 3 1517, C4<0000000000000000000000000000000000000000000000000000000000000000000000000000000000000000000000000000000000000000000000000000000000000000000000000000000000000000000000000000000000000000000000000000000000000000000000000000000000000000000000000000000000000000>;
P_0xb290565c0 .param/l "INIT_B" 0 3 1518, C4<0000000000000000000000000000000000000000000000000000000000000000000000000000000000000000000000000000000000000000000000000000000000000000000000000000000000000000000000000000000000000000000000000000000000000000000000000000000000000000000000000000000000000000>;
P_0xb29056600 .param/l "INIT_C" 0 3 1519, C4<0000000000000000000000000000000000000000000000000000000000000000000000000000000000000000000000000000000000000000000000000000000000000000000000000000000000000000000000000000000000000000000000000000000000000000000000000000000000000000000000000000000000000000>;
P_0xb29056640 .param/l "INIT_D" 0 3 1520, C4<0000000000000000000000000000000000000000000000000000000000000000000000000000000000000000000000000000000000000000000000000000000000000000000000000000000000000000000000000000000000000000000000000000000000000000000000000000000000000000000000000000000000000000>;
P_0xb29056680 .param/l "INIT_E" 0 3 1521, C4<0000000000000000000000000000000000000000000000000000000000000000000000000000000000000000000000000000000000000000000000000000000000000000000000000000000000000000000000000000000000000000000000000000000000000000000000000000000000000000000000000000000000000000>;
P_0xb290566c0 .param/l "INIT_F" 0 3 1522, C4<0000000000000000000000000000000000000000000000000000000000000000000000000000000000000000000000000000000000000000000000000000000000000000000000000000000000000000000000000000000000000000000000000000000000000000000000000000000000000000000000000000000000000000>;
P_0xb29056700 .param/str "INIT_FILE" 0 3 1524, "\000";
P_0xb29056740 .param/l "READ_MODE" 0 3 1505, +C4<00000000000000000000000000000000>;
P_0xb29056780 .param/l "WRITE_MODE" 0 3 1504, +C4<00000000000000000000000000000000>;
v0xb28ceef80_0 .net "MASK", 15 0, L_0xb28cfc8c0;  1 drivers
v0xb28cef020_0 .net "RADDR", 10 0, L_0xb28cfc780;  1 drivers
v0xb28cef0c0_0 .net "RCLK", 0 0, L_0xb291f0e00;  1 drivers
v0xb28cef160_0 .net "RCLKE", 0 0, L_0xb28cf9360;  1 drivers
v0xb28cef200_0 .net "RDATA", 15 0, v0xb28cef2a0_0;  1 drivers
v0xb28cef2a0_0 .var "RDATA_I", 15 0;
v0xb28cef340_0 .net "RE", 0 0, L_0xb28cf9400;  1 drivers
L_0xb288782e0 .functor BUFT 1, C4<0000000000000000>, C4<0>, C4<0>, C4<0>;
v0xb28cef3e0_0 .net "RMASK_I", 15 0, L_0xb288782e0;  1 drivers
v0xb28cef480_0 .net "WADDR", 10 0, L_0xb28cfc820;  1 drivers
v0xb28cef520_0 .net "WCLK", 0 0, L_0xb291f0c40;  1 drivers
v0xb28cef5c0_0 .net "WCLKE", 0 0, L_0xb28cf9c20;  1 drivers
v0xb28cef660_0 .net "WDATA", 15 0, L_0xb28cfca00;  1 drivers
v0xb28cef700_0 .net "WDATA_I", 15 0, L_0xb290da8b0;  1 drivers
v0xb28cef7a0_0 .net "WE", 0 0, L_0xb28cf9cc0;  1 drivers
v0xb28cef840_0 .net "WMASK_I", 15 0, L_0xb290da840;  1 drivers
v0xb28cef8e0_0 .var/i "i", 31 0;
v0xb28cef980 .array "memory", 255 0, 15 0;
E_0xb29243b00 .event posedge, v0xb28cef0c0_0;
E_0xb29243b40 .event posedge, v0xb28cef520_0;
S_0xb28cad980 .scope generate, "genblk1" "genblk1" 3 1534, 3 1534 0, S_0xb28cad680;
 .timescale -12 -12;
L_0xb290da840 .functor BUFZ 16, L_0xb28cfc8c0, C4<0000000000000000>, C4<0000000000000000>, C4<0000000000000000>;
S_0xb28cadb00 .scope generate, "genblk2" "genblk2" 3 1555, 3 1555 0, S_0xb28cad680;
 .timescale -12 -12;
S_0xb28cadc80 .scope generate, "genblk3" "genblk3" 3 1576, 3 1576 0, S_0xb28cad680;
 .timescale -12 -12;
L_0xb290da8b0 .functor BUFZ 16, L_0xb28cfca00, C4<0000000000000000>, C4<0000000000000000>, C4<0000000000000000>;
S_0xb28cade00 .scope generate, "genblk4" "genblk4" 3 1595, 3 1595 0, S_0xb28cad680;
 .timescale -12 -12;
S_0xb28cadf80 .scope function.vec4.s1, "pd" "pd" 3 3200, 3 3200 0, S_0x104987180;
 .timescale -12 -12;
; Variable pd is vec4 return value of scope S_0xb28cadf80
v0xb28cefac0_0 .var "x", 0 0;
TD_ICESTORM_RAM.pd ;
    %load/vec4 v0xb28cefac0_0;
    %cmpi/e 0, 1, 1;
    %flag_mov 8, 6;
    %jmp/0 T_0.0, 8;
    %pushi/vec4 0, 0, 1;
    %jmp/1 T_0.1, 8;
T_0.0 ; End of true expr.
    %load/vec4 v0xb28cefac0_0;
    %jmp/0 T_0.1, 8;
 ; End of false expr.
    %blend;
T_0.1;
    %ret/vec4 0, 0, 1;  Assign to pd (store_vec4_to_lval)
    %end;
S_0xb28cae100 .scope function.vec4.s1, "pu" "pu" 3 3207, 3 3207 0, S_0x104987180;
 .timescale -12 -12;
; Variable pu is vec4 return value of scope S_0xb28cae100
v0xb28cefc00_0 .var "x", 0 0;
TD_ICESTORM_RAM.pu ;
    %load/vec4 v0xb28cefc00_0;
    %cmpi/e 0, 1, 1;
    %flag_mov 8, 6;
    %jmp/0 T_1.2, 8;
    %pushi/vec4 1, 0, 1;
    %jmp/1 T_1.3, 8;
T_1.2 ; End of true expr.
    %load/vec4 v0xb28cefc00_0;
    %jmp/0 T_1.3, 8;
 ; End of false expr.
    %blend;
T_1.3;
    %ret/vec4 0, 0, 1;  Assign to pu (store_vec4_to_lval)
    %end;
S_0x10497c100 .scope module, "SB_CARRY" "SB_CARRY" 3 228;
 .timescale -12 -12;
    .port_info 0 /OUTPUT 1 "CO";
    .port_info 1 /INPUT 1 "I0";
    .port_info 2 /INPUT 1 "I1";
    .port_info 3 /INPUT 1 "CI";
o0xb28847970 .functor BUFZ 1, c4<z>; HiZ drive
o0xb288479a0 .functor BUFZ 1, c4<z>; HiZ drive
L_0xb291f0bd0 .functor AND 1, o0xb28847970, o0xb288479a0, C4<1>, C4<1>;
L_0xb291f0cb0 .functor OR 1, o0xb28847970, o0xb288479a0, C4<0>, C4<0>;
o0xb28847910 .functor BUFZ 1, c4<z>; HiZ drive
L_0xb291f09a0 .functor AND 1, L_0xb291f0cb0, o0xb28847910, C4<1>, C4<1>;
L_0xb291f0a10 .functor OR 1, L_0xb291f0bd0, L_0xb291f09a0, C4<0>, C4<0>;
v0xb28d0c8c0_0 .net "CI", 0 0, o0xb28847910;  0 drivers
v0xb28d0c960_0 .net "CO", 0 0, L_0xb291f0a10;  1 drivers
v0xb28d0ca00_0 .net "I0", 0 0, o0xb28847970;  0 drivers
v0xb28d0caa0_0 .net "I1", 0 0, o0xb288479a0;  0 drivers
v0xb28d0cb40_0 .net *"_ivl_1", 0 0, L_0xb291f0bd0;  1 drivers
v0xb28d0cbe0_0 .net *"_ivl_3", 0 0, L_0xb291f0cb0;  1 drivers
v0xb28d0cc80_0 .net *"_ivl_5", 0 0, L_0xb291f09a0;  1 drivers
S_0x10497c280 .scope module, "SB_DFF" "SB_DFF" 3 265;
 .timescale -12 -12;
    .port_info 0 /OUTPUT 1 "Q";
    .port_info 1 /INPUT 1 "C";
    .port_info 2 /INPUT 1 "D";
o0xb28847b20 .functor BUFZ 1, c4<z>; HiZ drive
v0xb28d0cd20_0 .net "C", 0 0, o0xb28847b20;  0 drivers
o0xb28847b50 .functor BUFZ 1, c4<z>; HiZ drive
v0xb28d0cdc0_0 .net "D", 0 0, o0xb28847b50;  0 drivers
v0xb28d0ce60_0 .var "Q", 0 0;
E_0xb29243b80 .event posedge, v0xb28d0cd20_0;
S_0x104974c00 .scope module, "SB_DFFE" "SB_DFFE" 3 303;
 .timescale -12 -12;
    .port_info 0 /OUTPUT 1 "Q";
    .port_info 1 /INPUT 1 "C";
    .port_info 2 /INPUT 1 "E";
    .port_info 3 /INPUT 1 "D";
o0xb28847c40 .functor BUFZ 1, c4<z>; HiZ drive
v0xb28d0cf00_0 .net "C", 0 0, o0xb28847c40;  0 drivers
o0xb28847c70 .functor BUFZ 1, c4<z>; HiZ drive
v0xb28d0cfa0_0 .net "D", 0 0, o0xb28847c70;  0 drivers
o0xb28847ca0 .functor BUFZ 1, c4<z>; HiZ drive
v0xb28d0d040_0 .net "E", 0 0, o0xb28847ca0;  0 drivers
v0xb28d0d0e0_0 .var "Q", 0 0;
E_0xb29243bc0 .event posedge, v0xb28d0cf00_0;
S_0x104974d80 .scope module, "SB_DFFER" "SB_DFFER" 3 653;
 .timescale -12 -12;
    .port_info 0 /OUTPUT 1 "Q";
    .port_info 1 /INPUT 1 "C";
    .port_info 2 /INPUT 1 "E";
    .port_info 3 /INPUT 1 "R";
    .port_info 4 /INPUT 1 "D";
o0xb28847dc0 .functor BUFZ 1, c4<z>; HiZ drive
v0xb28d0d180_0 .net "C", 0 0, o0xb28847dc0;  0 drivers
o0xb28847df0 .functor BUFZ 1, c4<z>; HiZ drive
v0xb28d0d220_0 .net "D", 0 0, o0xb28847df0;  0 drivers
o0xb28847e20 .functor BUFZ 1, c4<z>; HiZ drive
v0xb28d0d2c0_0 .net "E", 0 0, o0xb28847e20;  0 drivers
v0xb28d0d360_0 .var "Q", 0 0;
o0xb28847e80 .functor BUFZ 1, c4<z>; HiZ drive
v0xb28d0d400_0 .net "R", 0 0, o0xb28847e80;  0 drivers
E_0xb29243c00 .event posedge, v0xb28d0d400_0, v0xb28d0d180_0;
S_0xb29258000 .scope module, "SB_DFFES" "SB_DFFES" 3 794;
 .timescale -12 -12;
    .port_info 0 /OUTPUT 1 "Q";
    .port_info 1 /INPUT 1 "C";
    .port_info 2 /INPUT 1 "E";
    .port_info 3 /INPUT 1 "S";
    .port_info 4 /INPUT 1 "D";
o0xb28847fa0 .functor BUFZ 1, c4<z>; HiZ drive
v0xb28d0d4a0_0 .net "C", 0 0, o0xb28847fa0;  0 drivers
o0xb28847fd0 .functor BUFZ 1, c4<z>; HiZ drive
v0xb28d0d540_0 .net "D", 0 0, o0xb28847fd0;  0 drivers
o0xb28848000 .functor BUFZ 1, c4<z>; HiZ drive
v0xb28d0d5e0_0 .net "E", 0 0, o0xb28848000;  0 drivers
v0xb28d0d680_0 .var "Q", 0 0;
o0xb28848060 .functor BUFZ 1, c4<z>; HiZ drive
v0xb28d0d720_0 .net "S", 0 0, o0xb28848060;  0 drivers
E_0xb29243c40 .event posedge, v0xb28d0d720_0, v0xb28d0d4a0_0;
S_0xb29258180 .scope module, "SB_DFFESR" "SB_DFFESR" 3 592;
 .timescale -12 -12;
    .port_info 0 /OUTPUT 1 "Q";
    .port_info 1 /INPUT 1 "C";
    .port_info 2 /INPUT 1 "E";
    .port_info 3 /INPUT 1 "R";
    .port_info 4 /INPUT 1 "D";
o0xb28848180 .functor BUFZ 1, c4<z>; HiZ drive
v0xb28d0d7c0_0 .net "C", 0 0, o0xb28848180;  0 drivers
o0xb288481b0 .functor BUFZ 1, c4<z>; HiZ drive
v0xb28d0d860_0 .net "D", 0 0, o0xb288481b0;  0 drivers
o0xb288481e0 .functor BUFZ 1, c4<z>; HiZ drive
v0xb28d0d900_0 .net "E", 0 0, o0xb288481e0;  0 drivers
v0xb28d0d9a0_0 .var "Q", 0 0;
o0xb28848240 .functor BUFZ 1, c4<z>; HiZ drive
v0xb28d0da40_0 .net "R", 0 0, o0xb28848240;  0 drivers
E_0xb29243c80 .event posedge, v0xb28d0d7c0_0;
S_0xb29258300 .scope module, "SB_DFFESS" "SB_DFFESS" 3 733;
 .timescale -12 -12;
    .port_info 0 /OUTPUT 1 "Q";
    .port_info 1 /INPUT 1 "C";
    .port_info 2 /INPUT 1 "E";
    .port_info 3 /INPUT 1 "S";
    .port_info 4 /INPUT 1 "D";
o0xb28848360 .functor BUFZ 1, c4<z>; HiZ drive
v0xb28d0dae0_0 .net "C", 0 0, o0xb28848360;  0 drivers
o0xb28848390 .functor BUFZ 1, c4<z>; HiZ drive
v0xb28d0db80_0 .net "D", 0 0, o0xb28848390;  0 drivers
o0xb288483c0 .functor BUFZ 1, c4<z>; HiZ drive
v0xb28d0dc20_0 .net "E", 0 0, o0xb288483c0;  0 drivers
v0xb28d0dcc0_0 .var "Q", 0 0;
o0xb28848420 .functor BUFZ 1, c4<z>; HiZ drive
v0xb28d0dd60_0 .net "S", 0 0, o0xb28848420;  0 drivers
E_0xb29243cc0 .event posedge, v0xb28d0dae0_0;
S_0xb29258480 .scope module, "SB_DFFN" "SB_DFFN" 3 876;
 .timescale -12 -12;
    .port_info 0 /OUTPUT 1 "Q";
    .port_info 1 /INPUT 1 "C";
    .port_info 2 /INPUT 1 "D";
o0xb28848540 .functor BUFZ 1, c4<z>; HiZ drive
v0xb28d0de00_0 .net "C", 0 0, o0xb28848540;  0 drivers
o0xb28848570 .functor BUFZ 1, c4<z>; HiZ drive
v0xb28d0dea0_0 .net "D", 0 0, o0xb28848570;  0 drivers
v0xb28d0df40_0 .var "Q", 0 0;
E_0xb29243d00 .event negedge, v0xb28d0de00_0;
S_0xb29258600 .scope module, "SB_DFFNE" "SB_DFFNE" 3 914;
 .timescale -12 -12;
    .port_info 0 /OUTPUT 1 "Q";
    .port_info 1 /INPUT 1 "C";
    .port_info 2 /INPUT 1 "E";
    .port_info 3 /INPUT 1 "D";
o0xb28848660 .functor BUFZ 1, c4<z>; HiZ drive
v0xb28d0dfe0_0 .net "C", 0 0, o0xb28848660;  0 drivers
o0xb28848690 .functor BUFZ 1, c4<z>; HiZ drive
v0xb28d0e080_0 .net "D", 0 0, o0xb28848690;  0 drivers
o0xb288486c0 .functor BUFZ 1, c4<z>; HiZ drive
v0xb28d0e120_0 .net "E", 0 0, o0xb288486c0;  0 drivers
v0xb28d0e1c0_0 .var "Q", 0 0;
E_0xb29243d40 .event negedge, v0xb28d0dfe0_0;
S_0xb29258780 .scope module, "SB_DFFNER" "SB_DFFNER" 3 1264;
 .timescale -12 -12;
    .port_info 0 /OUTPUT 1 "Q";
    .port_info 1 /INPUT 1 "C";
    .port_info 2 /INPUT 1 "E";
    .port_info 3 /INPUT 1 "R";
    .port_info 4 /INPUT 1 "D";
o0xb288487e0 .functor BUFZ 1, c4<z>; HiZ drive
v0xb28d0e260_0 .net "C", 0 0, o0xb288487e0;  0 drivers
o0xb28848810 .functor BUFZ 1, c4<z>; HiZ drive
v0xb28d0e300_0 .net "D", 0 0, o0xb28848810;  0 drivers
o0xb28848840 .functor BUFZ 1, c4<z>; HiZ drive
v0xb28d0e3a0_0 .net "E", 0 0, o0xb28848840;  0 drivers
v0xb28d0e440_0 .var "Q", 0 0;
o0xb288488a0 .functor BUFZ 1, c4<z>; HiZ drive
v0xb28d0e4e0_0 .net "R", 0 0, o0xb288488a0;  0 drivers
E_0xb29243d80/0 .event negedge, v0xb28d0e260_0;
E_0xb29243d80/1 .event posedge, v0xb28d0e4e0_0;
E_0xb29243d80 .event/or E_0xb29243d80/0, E_0xb29243d80/1;
S_0xb29258900 .scope module, "SB_DFFNES" "SB_DFFNES" 3 1405;
 .timescale -12 -12;
    .port_info 0 /OUTPUT 1 "Q";
    .port_info 1 /INPUT 1 "C";
    .port_info 2 /INPUT 1 "E";
    .port_info 3 /INPUT 1 "S";
    .port_info 4 /INPUT 1 "D";
o0xb288489c0 .functor BUFZ 1, c4<z>; HiZ drive
v0xb28d0e580_0 .net "C", 0 0, o0xb288489c0;  0 drivers
o0xb288489f0 .functor BUFZ 1, c4<z>; HiZ drive
v0xb28d0e620_0 .net "D", 0 0, o0xb288489f0;  0 drivers
o0xb28848a20 .functor BUFZ 1, c4<z>; HiZ drive
v0xb28d0e6c0_0 .net "E", 0 0, o0xb28848a20;  0 drivers
v0xb28d0e760_0 .var "Q", 0 0;
o0xb28848a80 .functor BUFZ 1, c4<z>; HiZ drive
v0xb28d0e800_0 .net "S", 0 0, o0xb28848a80;  0 drivers
E_0xb29243dc0/0 .event negedge, v0xb28d0e580_0;
E_0xb29243dc0/1 .event posedge, v0xb28d0e800_0;
E_0xb29243dc0 .event/or E_0xb29243dc0/0, E_0xb29243dc0/1;
S_0xb29258a80 .scope module, "SB_DFFNESR" "SB_DFFNESR" 3 1203;
 .timescale -12 -12;
    .port_info 0 /OUTPUT 1 "Q";
    .port_info 1 /INPUT 1 "C";
    .port_info 2 /INPUT 1 "E";
    .port_info 3 /INPUT 1 "R";
    .port_info 4 /INPUT 1 "D";
o0xb28848ba0 .functor BUFZ 1, c4<z>; HiZ drive
v0xb28d0e8a0_0 .net "C", 0 0, o0xb28848ba0;  0 drivers
o0xb28848bd0 .functor BUFZ 1, c4<z>; HiZ drive
v0xb28d0e940_0 .net "D", 0 0, o0xb28848bd0;  0 drivers
o0xb28848c00 .functor BUFZ 1, c4<z>; HiZ drive
v0xb28d0e9e0_0 .net "E", 0 0, o0xb28848c00;  0 drivers
v0xb28d0ea80_0 .var "Q", 0 0;
o0xb28848c60 .functor BUFZ 1, c4<z>; HiZ drive
v0xb28d0eb20_0 .net "R", 0 0, o0xb28848c60;  0 drivers
E_0xb29243e00 .event negedge, v0xb28d0e8a0_0;
S_0xb29258c00 .scope module, "SB_DFFNESS" "SB_DFFNESS" 3 1344;
 .timescale -12 -12;
    .port_info 0 /OUTPUT 1 "Q";
    .port_info 1 /INPUT 1 "C";
    .port_info 2 /INPUT 1 "E";
    .port_info 3 /INPUT 1 "S";
    .port_info 4 /INPUT 1 "D";
o0xb28848d80 .functor BUFZ 1, c4<z>; HiZ drive
v0xb28d0ebc0_0 .net "C", 0 0, o0xb28848d80;  0 drivers
o0xb28848db0 .functor BUFZ 1, c4<z>; HiZ drive
v0xb28d0ec60_0 .net "D", 0 0, o0xb28848db0;  0 drivers
o0xb28848de0 .functor BUFZ 1, c4<z>; HiZ drive
v0xb28d0ed00_0 .net "E", 0 0, o0xb28848de0;  0 drivers
v0xb28d0eda0_0 .var "Q", 0 0;
o0xb28848e40 .functor BUFZ 1, c4<z>; HiZ drive
v0xb28d0ee40_0 .net "S", 0 0, o0xb28848e40;  0 drivers
E_0xb29243e40 .event negedge, v0xb28d0ebc0_0;
S_0xb29258d80 .scope module, "SB_DFFNR" "SB_DFFNR" 3 1011;
 .timescale -12 -12;
    .port_info 0 /OUTPUT 1 "Q";
    .port_info 1 /INPUT 1 "C";
    .port_info 2 /INPUT 1 "R";
    .port_info 3 /INPUT 1 "D";
o0xb28848f60 .functor BUFZ 1, c4<z>; HiZ drive
v0xb28d0eee0_0 .net "C", 0 0, o0xb28848f60;  0 drivers
o0xb28848f90 .functor BUFZ 1, c4<z>; HiZ drive
v0xb28d0ef80_0 .net "D", 0 0, o0xb28848f90;  0 drivers
v0xb28d0f020_0 .var "Q", 0 0;
o0xb28848ff0 .functor BUFZ 1, c4<z>; HiZ drive
v0xb28d0f0c0_0 .net "R", 0 0, o0xb28848ff0;  0 drivers
E_0xb29243e80/0 .event negedge, v0xb28d0eee0_0;
E_0xb29243e80/1 .event posedge, v0xb28d0f0c0_0;
E_0xb29243e80 .event/or E_0xb29243e80/0, E_0xb29243e80/1;
S_0xb29258f00 .scope module, "SB_DFFNS" "SB_DFFNS" 3 1132;
 .timescale -12 -12;
    .port_info 0 /OUTPUT 1 "Q";
    .port_info 1 /INPUT 1 "C";
    .port_info 2 /INPUT 1 "S";
    .port_info 3 /INPUT 1 "D";
o0xb288490e0 .functor BUFZ 1, c4<z>; HiZ drive
v0xb28d0f160_0 .net "C", 0 0, o0xb288490e0;  0 drivers
o0xb28849110 .functor BUFZ 1, c4<z>; HiZ drive
v0xb28d0f200_0 .net "D", 0 0, o0xb28849110;  0 drivers
v0xb28d0f2a0_0 .var "Q", 0 0;
o0xb28849170 .functor BUFZ 1, c4<z>; HiZ drive
v0xb28d0f340_0 .net "S", 0 0, o0xb28849170;  0 drivers
E_0xb29243ec0/0 .event negedge, v0xb28d0f160_0;
E_0xb29243ec0/1 .event posedge, v0xb28d0f340_0;
E_0xb29243ec0 .event/or E_0xb29243ec0/0, E_0xb29243ec0/1;
S_0xb29259080 .scope module, "SB_DFFNSR" "SB_DFFNSR" 3 961;
 .timescale -12 -12;
    .port_info 0 /OUTPUT 1 "Q";
    .port_info 1 /INPUT 1 "C";
    .port_info 2 /INPUT 1 "R";
    .port_info 3 /INPUT 1 "D";
o0xb28849260 .functor BUFZ 1, c4<z>; HiZ drive
v0xb28d0f3e0_0 .net "C", 0 0, o0xb28849260;  0 drivers
o0xb28849290 .functor BUFZ 1, c4<z>; HiZ drive
v0xb28d0f480_0 .net "D", 0 0, o0xb28849290;  0 drivers
v0xb28d0f520_0 .var "Q", 0 0;
o0xb288492f0 .functor BUFZ 1, c4<z>; HiZ drive
v0xb28d0f5c0_0 .net "R", 0 0, o0xb288492f0;  0 drivers
E_0xb29243f00 .event negedge, v0xb28d0f3e0_0;
S_0xb29259200 .scope module, "SB_DFFNSS" "SB_DFFNSS" 3 1082;
 .timescale -12 -12;
    .port_info 0 /OUTPUT 1 "Q";
    .port_info 1 /INPUT 1 "C";
    .port_info 2 /INPUT 1 "S";
    .port_info 3 /INPUT 1 "D";
o0xb288493e0 .functor BUFZ 1, c4<z>; HiZ drive
v0xb28d0f660_0 .net "C", 0 0, o0xb288493e0;  0 drivers
o0xb28849410 .functor BUFZ 1, c4<z>; HiZ drive
v0xb28d0f700_0 .net "D", 0 0, o0xb28849410;  0 drivers
v0xb28d0f7a0_0 .var "Q", 0 0;
o0xb28849470 .functor BUFZ 1, c4<z>; HiZ drive
v0xb28d0f840_0 .net "S", 0 0, o0xb28849470;  0 drivers
E_0xb29243f40 .event negedge, v0xb28d0f660_0;
S_0xb29259380 .scope module, "SB_DFFR" "SB_DFFR" 3 400;
 .timescale -12 -12;
    .port_info 0 /OUTPUT 1 "Q";
    .port_info 1 /INPUT 1 "C";
    .port_info 2 /INPUT 1 "R";
    .port_info 3 /INPUT 1 "D";
o0xb28849560 .functor BUFZ 1, c4<z>; HiZ drive
v0xb28d0f8e0_0 .net "C", 0 0, o0xb28849560;  0 drivers
o0xb28849590 .functor BUFZ 1, c4<z>; HiZ drive
v0xb28d0f980_0 .net "D", 0 0, o0xb28849590;  0 drivers
v0xb28d0fa20_0 .var "Q", 0 0;
o0xb288495f0 .functor BUFZ 1, c4<z>; HiZ drive
v0xb28d0fac0_0 .net "R", 0 0, o0xb288495f0;  0 drivers
E_0xb29243f80 .event posedge, v0xb28d0fac0_0, v0xb28d0f8e0_0;
S_0xb29259500 .scope module, "SB_DFFS" "SB_DFFS" 3 521;
 .timescale -12 -12;
    .port_info 0 /OUTPUT 1 "Q";
    .port_info 1 /INPUT 1 "C";
    .port_info 2 /INPUT 1 "S";
    .port_info 3 /INPUT 1 "D";
o0xb288496e0 .functor BUFZ 1, c4<z>; HiZ drive
v0xb28d0fb60_0 .net "C", 0 0, o0xb288496e0;  0 drivers
o0xb28849710 .functor BUFZ 1, c4<z>; HiZ drive
v0xb28d0fc00_0 .net "D", 0 0, o0xb28849710;  0 drivers
v0xb28d0fca0_0 .var "Q", 0 0;
o0xb28849770 .functor BUFZ 1, c4<z>; HiZ drive
v0xb28d0fd40_0 .net "S", 0 0, o0xb28849770;  0 drivers
E_0xb29243fc0 .event posedge, v0xb28d0fd40_0, v0xb28d0fb60_0;
S_0xb29259680 .scope module, "SB_DFFSR" "SB_DFFSR" 3 350;
 .timescale -12 -12;
    .port_info 0 /OUTPUT 1 "Q";
    .port_info 1 /INPUT 1 "C";
    .port_info 2 /INPUT 1 "R";
    .port_info 3 /INPUT 1 "D";
o0xb28849860 .functor BUFZ 1, c4<z>; HiZ drive
v0xb28d0fde0_0 .net "C", 0 0, o0xb28849860;  0 drivers
o0xb28849890 .functor BUFZ 1, c4<z>; HiZ drive
v0xb28d0fe80_0 .net "D", 0 0, o0xb28849890;  0 drivers
v0xb28d0ff20_0 .var "Q", 0 0;
o0xb288498f0 .functor BUFZ 1, c4<z>; HiZ drive
v0xb28d10000_0 .net "R", 0 0, o0xb288498f0;  0 drivers
E_0xb29204280 .event posedge, v0xb28d0fde0_0;
S_0xb29259800 .scope module, "SB_DFFSS" "SB_DFFSS" 3 471;
 .timescale -12 -12;
    .port_info 0 /OUTPUT 1 "Q";
    .port_info 1 /INPUT 1 "C";
    .port_info 2 /INPUT 1 "S";
    .port_info 3 /INPUT 1 "D";
o0xb288499e0 .functor BUFZ 1, c4<z>; HiZ drive
v0xb28d100a0_0 .net "C", 0 0, o0xb288499e0;  0 drivers
o0xb28849a10 .functor BUFZ 1, c4<z>; HiZ drive
v0xb28d10140_0 .net "D", 0 0, o0xb28849a10;  0 drivers
v0xb28d101e0_0 .var "Q", 0 0;
o0xb28849a70 .functor BUFZ 1, c4<z>; HiZ drive
v0xb28d10280_0 .net "S", 0 0, o0xb28849a70;  0 drivers
E_0xb29204040 .event posedge, v0xb28d100a0_0;
S_0xb29259980 .scope module, "SB_FILTER_50NS" "SB_FILTER_50NS" 3 2856;
 .timescale -12 -12;
    .port_info 0 /INPUT 1 "FILTERIN";
    .port_info 1 /OUTPUT 1 "FILTEROUT";
o0xb28849b60 .functor BUFZ 1, c4<z>; HiZ drive
v0xb28d10320_0 .net "FILTERIN", 0 0, o0xb28849b60;  0 drivers
o0xb28849b90 .functor BUFZ 1, c4<z>; HiZ drive
v0xb28d103c0_0 .net "FILTEROUT", 0 0, o0xb28849b90;  0 drivers
S_0xb29259b00 .scope module, "SB_GB" "SB_GB" 3 162;
 .timescale -12 -12;
    .port_info 0 /INPUT 1 "USER_SIGNAL_TO_GLOBAL_BUFFER";
    .port_info 1 /OUTPUT 1 "GLOBAL_BUFFER_OUTPUT";
o0xb28849c50 .functor BUFZ 1, c4<z>; HiZ drive
L_0xb290da990 .functor BUFZ 1, o0xb28849c50, C4<0>, C4<0>, C4<0>;
v0xb28d10460_0 .net "GLOBAL_BUFFER_OUTPUT", 0 0, L_0xb290da990;  1 drivers
v0xb28d10500_0 .net "USER_SIGNAL_TO_GLOBAL_BUFFER", 0 0, o0xb28849c50;  0 drivers
S_0xb29259c80 .scope module, "SB_GB_IO" "SB_GB_IO" 3 123;
 .timescale -12 -12;
    .port_info 0 /INOUT 1 "PACKAGE_PIN";
    .port_info 1 /OUTPUT 1 "GLOBAL_BUFFER_OUTPUT";
    .port_info 2 /INPUT 1 "LATCH_INPUT_VALUE";
    .port_info 3 /INPUT 1 "CLOCK_ENABLE";
    .port_info 4 /INPUT 1 "INPUT_CLK";
    .port_info 5 /INPUT 1 "OUTPUT_CLK";
    .port_info 6 /INPUT 1 "OUTPUT_ENABLE";
    .port_info 7 /INPUT 1 "D_OUT_0";
    .port_info 8 /INPUT 1 "D_OUT_1";
    .port_info 9 /OUTPUT 1 "D_IN_0";
    .port_info 10 /OUTPUT 1 "D_IN_1";
P_0xb29170300 .param/str "IO_STANDARD" 0 3 139, "SB_LVCMOS";
P_0xb29170340 .param/l "NEG_TRIGGER" 0 3 138, C4<0>;
P_0xb29170380 .param/l "PIN_TYPE" 0 3 136, C4<000000>;
P_0xb291703c0 .param/l "PULLUP" 0 3 137, C4<0>;
o0xb28849e90 .functor BUFZ 1, c4<z>; HiZ drive
L_0xb290daa00 .functor BUFZ 1, o0xb28849e90, C4<0>, C4<0>, C4<0>;
o0xb28849ce0 .functor BUFZ 1, c4<z>; HiZ drive
v0xb28d11540_0 .net "CLOCK_ENABLE", 0 0, o0xb28849ce0;  0 drivers
v0xb28d115e0_0 .net "D_IN_0", 0 0, L_0xb290daa70;  1 drivers
v0xb28d11680_0 .net "D_IN_1", 0 0, L_0xb290daae0;  1 drivers
o0xb28849d70 .functor BUFZ 1, c4<z>; HiZ drive
v0xb28d11720_0 .net "D_OUT_0", 0 0, o0xb28849d70;  0 drivers
o0xb28849da0 .functor BUFZ 1, c4<z>; HiZ drive
v0xb28d117c0_0 .net "D_OUT_1", 0 0, o0xb28849da0;  0 drivers
v0xb28d11860_0 .net "GLOBAL_BUFFER_OUTPUT", 0 0, L_0xb290daa00;  1 drivers
o0xb28849dd0 .functor BUFZ 1, c4<z>; HiZ drive
v0xb28d11900_0 .net "INPUT_CLK", 0 0, o0xb28849dd0;  0 drivers
o0xb28849e00 .functor BUFZ 1, c4<z>; HiZ drive
v0xb28d119a0_0 .net "LATCH_INPUT_VALUE", 0 0, o0xb28849e00;  0 drivers
o0xb28849e30 .functor BUFZ 1, c4<z>; HiZ drive
v0xb28d11a40_0 .net "OUTPUT_CLK", 0 0, o0xb28849e30;  0 drivers
o0xb28849e60 .functor BUFZ 1, c4<z>; HiZ drive
v0xb28d11ae0_0 .net "OUTPUT_ENABLE", 0 0, o0xb28849e60;  0 drivers
v0xb28d11b80_0 .net "PACKAGE_PIN", 0 0, o0xb28849e90;  0 drivers
S_0xb28cae280 .scope module, "IO" "SB_IO" 3 148, 3 17 0, S_0xb29259c80;
 .timescale -12 -12;
    .port_info 0 /INOUT 1 "PACKAGE_PIN";
    .port_info 1 /INPUT 1 "LATCH_INPUT_VALUE";
    .port_info 2 /INPUT 1 "CLOCK_ENABLE";
    .port_info 3 /INPUT 1 "INPUT_CLK";
    .port_info 4 /INPUT 1 "OUTPUT_CLK";
    .port_info 5 /INPUT 1 "OUTPUT_ENABLE";
    .port_info 6 /INPUT 1 "D_OUT_0";
    .port_info 7 /INPUT 1 "D_OUT_1";
    .port_info 8 /OUTPUT 1 "D_IN_0";
    .port_info 9 /OUTPUT 1 "D_IN_1";
P_0xb29170900 .param/str "IO_STANDARD" 0 3 32, "SB_LVCMOS";
P_0xb29170940 .param/l "NEG_TRIGGER" 0 3 31, C4<0>;
P_0xb29170980 .param/l "PIN_TYPE" 0 3 29, C4<000000>;
P_0xb291709c0 .param/l "PULLUP" 0 3 30, C4<0>;
L_0xb291f0a80 .functor OR 1, o0xb28849ce0, L_0xb28cfb840, C4<0>, C4<0>;
L_0xb290daa70 .functor BUFZ 1, v0xb28d10f00_0, C4<0>, C4<0>, C4<0>;
L_0xb290daae0 .functor BUFZ 1, v0xb28d10fa0_0, C4<0>, C4<0>, C4<0>;
v0xb28d105a0_0 .net "CLOCK_ENABLE", 0 0, o0xb28849ce0;  alias, 0 drivers
v0xb28d10640_0 .net "D_IN_0", 0 0, L_0xb290daa70;  alias, 1 drivers
v0xb28d106e0_0 .net "D_IN_1", 0 0, L_0xb290daae0;  alias, 1 drivers
v0xb28d10780_0 .net "D_OUT_0", 0 0, o0xb28849d70;  alias, 0 drivers
v0xb28d10820_0 .net "D_OUT_1", 0 0, o0xb28849da0;  alias, 0 drivers
v0xb28d108c0_0 .net "INPUT_CLK", 0 0, o0xb28849dd0;  alias, 0 drivers
v0xb28d10960_0 .net "LATCH_INPUT_VALUE", 0 0, o0xb28849e00;  alias, 0 drivers
v0xb28d10a00_0 .net "OUTPUT_CLK", 0 0, o0xb28849e30;  alias, 0 drivers
v0xb28d10aa0_0 .net "OUTPUT_ENABLE", 0 0, o0xb28849e60;  alias, 0 drivers
v0xb28d10b40_0 .net "PACKAGE_PIN", 0 0, o0xb28849e90;  alias, 0 drivers
o0xb28849ec0 .functor BUFZ 1, c4<z>; HiZ drive
; Elide local net with no drivers, v0xb28d10be0_0 name=_ivl_0
v0xb28d10c80_0 .net *"_ivl_2", 0 0, L_0xb28cfb840;  1 drivers
v0xb28d10d20_0 .net "clken_pulled", 0 0, L_0xb291f0a80;  1 drivers
v0xb28d10dc0_0 .var "clken_pulled_ri", 0 0;
v0xb28d10e60_0 .var "clken_pulled_ro", 0 0;
v0xb28d10f00_0 .var "din_0", 0 0;
v0xb28d10fa0_0 .var "din_1", 0 0;
v0xb28d11040_0 .var "din_q_0", 0 0;
v0xb28d110e0_0 .var "din_q_1", 0 0;
v0xb28d11180_0 .var "dout", 0 0;
v0xb28d11220_0 .var "dout_q_0", 0 0;
v0xb28d112c0_0 .var "dout_q_1", 0 0;
v0xb28d11360_0 .var "outclk_delayed_1", 0 0;
v0xb28d11400_0 .var "outclk_delayed_2", 0 0;
v0xb28d114a0_0 .var "outena_q", 0 0;
E_0xb29274000 .event anyedge, v0xb28d11400_0, v0xb28d11220_0, v0xb28d112c0_0;
E_0xb29274040 .event anyedge, v0xb28d11360_0;
E_0xb29274080 .event anyedge, v0xb28d10a00_0;
E_0xb292740c0 .event anyedge, v0xb28d11040_0, v0xb28d110e0_0;
L_0xb28cfb840 .cmp/eeq 1, o0xb28849ce0, o0xb28849ec0;
S_0xb28cae400 .scope generate, "genblk1" "genblk1" 3 45, 3 45 0, S_0xb28cae280;
 .timescale -12 -12;
E_0xb29274100 .event posedge, v0xb28d10a00_0;
E_0xb29274140 .event negedge, v0xb28d10a00_0;
E_0xb29274180 .event negedge, v0xb28d108c0_0;
E_0xb292741c0 .event posedge, v0xb28d108c0_0;
S_0xb29259e00 .scope module, "SB_HFOSC" "SB_HFOSC" 3 2664;
 .timescale -12 -12;
    .port_info 0 /INPUT 1 "TRIM0";
    .port_info 1 /INPUT 1 "TRIM1";
    .port_info 2 /INPUT 1 "TRIM2";
    .port_info 3 /INPUT 1 "TRIM3";
    .port_info 4 /INPUT 1 "TRIM4";
    .port_info 5 /INPUT 1 "TRIM5";
    .port_info 6 /INPUT 1 "TRIM6";
    .port_info 7 /INPUT 1 "TRIM7";
    .port_info 8 /INPUT 1 "TRIM8";
    .port_info 9 /INPUT 1 "TRIM9";
    .port_info 10 /INPUT 1 "CLKHFPU";
    .port_info 11 /INPUT 1 "CLKHFEN";
    .port_info 12 /OUTPUT 1 "CLKHF";
P_0xb28ca8900 .param/str "CLKHF_DIV" 0 3 2680, "0b00";
P_0xb28ca8940 .param/str "TRIM_EN" 0 3 2679, "0b0";
o0xb2884a5b0 .functor BUFZ 1, c4<z>; HiZ drive
v0xb28d11c20_0 .net "CLKHF", 0 0, o0xb2884a5b0;  0 drivers
o0xb2884a5e0 .functor BUFZ 1, c4<z>; HiZ drive
v0xb28d11cc0_0 .net "CLKHFEN", 0 0, o0xb2884a5e0;  0 drivers
o0xb2884a610 .functor BUFZ 1, c4<z>; HiZ drive
v0xb28d11d60_0 .net "CLKHFPU", 0 0, o0xb2884a610;  0 drivers
o0xb2884a640 .functor BUFZ 1, c4<z>; HiZ drive
v0xb28d11e00_0 .net "TRIM0", 0 0, o0xb2884a640;  0 drivers
o0xb2884a670 .functor BUFZ 1, c4<z>; HiZ drive
v0xb28d11ea0_0 .net "TRIM1", 0 0, o0xb2884a670;  0 drivers
o0xb2884a6a0 .functor BUFZ 1, c4<z>; HiZ drive
v0xb28d11f40_0 .net "TRIM2", 0 0, o0xb2884a6a0;  0 drivers
o0xb2884a6d0 .functor BUFZ 1, c4<z>; HiZ drive
v0xb28d11fe0_0 .net "TRIM3", 0 0, o0xb2884a6d0;  0 drivers
o0xb2884a700 .functor BUFZ 1, c4<z>; HiZ drive
v0xb28d12080_0 .net "TRIM4", 0 0, o0xb2884a700;  0 drivers
o0xb2884a730 .functor BUFZ 1, c4<z>; HiZ drive
v0xb28d12120_0 .net "TRIM5", 0 0, o0xb2884a730;  0 drivers
o0xb2884a760 .functor BUFZ 1, c4<z>; HiZ drive
v0xb28d121c0_0 .net "TRIM6", 0 0, o0xb2884a760;  0 drivers
o0xb2884a790 .functor BUFZ 1, c4<z>; HiZ drive
v0xb28d12260_0 .net "TRIM7", 0 0, o0xb2884a790;  0 drivers
o0xb2884a7c0 .functor BUFZ 1, c4<z>; HiZ drive
v0xb28d12300_0 .net "TRIM8", 0 0, o0xb2884a7c0;  0 drivers
o0xb2884a7f0 .functor BUFZ 1, c4<z>; HiZ drive
v0xb28d123a0_0 .net "TRIM9", 0 0, o0xb2884a7f0;  0 drivers
S_0xb29259f80 .scope module, "SB_I2C" "SB_I2C" 3 2733;
 .timescale -12 -12;
    .port_info 0 /INPUT 1 "SBCLKI";
    .port_info 1 /INPUT 1 "SBRWI";
    .port_info 2 /INPUT 1 "SBSTBI";
    .port_info 3 /INPUT 1 "SBADRI7";
    .port_info 4 /INPUT 1 "SBADRI6";
    .port_info 5 /INPUT 1 "SBADRI5";
    .port_info 6 /INPUT 1 "SBADRI4";
    .port_info 7 /INPUT 1 "SBADRI3";
    .port_info 8 /INPUT 1 "SBADRI2";
    .port_info 9 /INPUT 1 "SBADRI1";
    .port_info 10 /INPUT 1 "SBADRI0";
    .port_info 11 /INPUT 1 "SBDATI7";
    .port_info 12 /INPUT 1 "SBDATI6";
    .port_info 13 /INPUT 1 "SBDATI5";
    .port_info 14 /INPUT 1 "SBDATI4";
    .port_info 15 /INPUT 1 "SBDATI3";
    .port_info 16 /INPUT 1 "SBDATI2";
    .port_info 17 /INPUT 1 "SBDATI1";
    .port_info 18 /INPUT 1 "SBDATI0";
    .port_info 19 /INPUT 1 "SCLI";
    .port_info 20 /INPUT 1 "SDAI";
    .port_info 21 /OUTPUT 1 "SBDATO7";
    .port_info 22 /OUTPUT 1 "SBDATO6";
    .port_info 23 /OUTPUT 1 "SBDATO5";
    .port_info 24 /OUTPUT 1 "SBDATO4";
    .port_info 25 /OUTPUT 1 "SBDATO3";
    .port_info 26 /OUTPUT 1 "SBDATO2";
    .port_info 27 /OUTPUT 1 "SBDATO1";
    .port_info 28 /OUTPUT 1 "SBDATO0";
    .port_info 29 /OUTPUT 1 "SBACKO";
    .port_info 30 /OUTPUT 1 "I2CIRQ";
    .port_info 31 /OUTPUT 1 "I2CWKUP";
    .port_info 32 /OUTPUT 1 "SCLO";
    .port_info 33 /OUTPUT 1 "SCLOE";
    .port_info 34 /OUTPUT 1 "SDAO";
    .port_info 35 /OUTPUT 1 "SDAOE";
P_0xb28ca8980 .param/str "BUS_ADDR74" 0 3 2772, "0b0001";
P_0xb28ca89c0 .param/str "I2C_SLAVE_INIT_ADDR" 0 3 2771, "0b1111100001";
o0xb2884aa90 .functor BUFZ 1, c4<z>; HiZ drive
v0xb28d12440_0 .net "I2CIRQ", 0 0, o0xb2884aa90;  0 drivers
o0xb2884aac0 .functor BUFZ 1, c4<z>; HiZ drive
v0xb28d124e0_0 .net "I2CWKUP", 0 0, o0xb2884aac0;  0 drivers
o0xb2884aaf0 .functor BUFZ 1, c4<z>; HiZ drive
v0xb28d12580_0 .net "SBACKO", 0 0, o0xb2884aaf0;  0 drivers
o0xb2884ab20 .functor BUFZ 1, c4<z>; HiZ drive
v0xb28d12620_0 .net "SBADRI0", 0 0, o0xb2884ab20;  0 drivers
o0xb2884ab50 .functor BUFZ 1, c4<z>; HiZ drive
v0xb28d126c0_0 .net "SBADRI1", 0 0, o0xb2884ab50;  0 drivers
o0xb2884ab80 .functor BUFZ 1, c4<z>; HiZ drive
v0xb28d12760_0 .net "SBADRI2", 0 0, o0xb2884ab80;  0 drivers
o0xb2884abb0 .functor BUFZ 1, c4<z>; HiZ drive
v0xb28d12800_0 .net "SBADRI3", 0 0, o0xb2884abb0;  0 drivers
o0xb2884abe0 .functor BUFZ 1, c4<z>; HiZ drive
v0xb28d128a0_0 .net "SBADRI4", 0 0, o0xb2884abe0;  0 drivers
o0xb2884ac10 .functor BUFZ 1, c4<z>; HiZ drive
v0xb28d12940_0 .net "SBADRI5", 0 0, o0xb2884ac10;  0 drivers
o0xb2884ac40 .functor BUFZ 1, c4<z>; HiZ drive
v0xb28d129e0_0 .net "SBADRI6", 0 0, o0xb2884ac40;  0 drivers
o0xb2884ac70 .functor BUFZ 1, c4<z>; HiZ drive
v0xb28d12a80_0 .net "SBADRI7", 0 0, o0xb2884ac70;  0 drivers
o0xb2884aca0 .functor BUFZ 1, c4<z>; HiZ drive
v0xb28d12b20_0 .net "SBCLKI", 0 0, o0xb2884aca0;  0 drivers
o0xb2884acd0 .functor BUFZ 1, c4<z>; HiZ drive
v0xb28d12bc0_0 .net "SBDATI0", 0 0, o0xb2884acd0;  0 drivers
o0xb2884ad00 .functor BUFZ 1, c4<z>; HiZ drive
v0xb28d12c60_0 .net "SBDATI1", 0 0, o0xb2884ad00;  0 drivers
o0xb2884ad30 .functor BUFZ 1, c4<z>; HiZ drive
v0xb28d12d00_0 .net "SBDATI2", 0 0, o0xb2884ad30;  0 drivers
o0xb2884ad60 .functor BUFZ 1, c4<z>; HiZ drive
v0xb28d12da0_0 .net "SBDATI3", 0 0, o0xb2884ad60;  0 drivers
o0xb2884ad90 .functor BUFZ 1, c4<z>; HiZ drive
v0xb28d12e40_0 .net "SBDATI4", 0 0, o0xb2884ad90;  0 drivers
o0xb2884adc0 .functor BUFZ 1, c4<z>; HiZ drive
v0xb28d12ee0_0 .net "SBDATI5", 0 0, o0xb2884adc0;  0 drivers
o0xb2884adf0 .functor BUFZ 1, c4<z>; HiZ drive
v0xb28d12f80_0 .net "SBDATI6", 0 0, o0xb2884adf0;  0 drivers
o0xb2884ae20 .functor BUFZ 1, c4<z>; HiZ drive
v0xb28d13020_0 .net "SBDATI7", 0 0, o0xb2884ae20;  0 drivers
o0xb2884ae50 .functor BUFZ 1, c4<z>; HiZ drive
v0xb28d130c0_0 .net "SBDATO0", 0 0, o0xb2884ae50;  0 drivers
o0xb2884ae80 .functor BUFZ 1, c4<z>; HiZ drive
v0xb28d13160_0 .net "SBDATO1", 0 0, o0xb2884ae80;  0 drivers
o0xb2884aeb0 .functor BUFZ 1, c4<z>; HiZ drive
v0xb28d13200_0 .net "SBDATO2", 0 0, o0xb2884aeb0;  0 drivers
o0xb2884aee0 .functor BUFZ 1, c4<z>; HiZ drive
v0xb28d132a0_0 .net "SBDATO3", 0 0, o0xb2884aee0;  0 drivers
o0xb2884af10 .functor BUFZ 1, c4<z>; HiZ drive
v0xb28d13340_0 .net "SBDATO4", 0 0, o0xb2884af10;  0 drivers
o0xb2884af40 .functor BUFZ 1, c4<z>; HiZ drive
v0xb28d133e0_0 .net "SBDATO5", 0 0, o0xb2884af40;  0 drivers
o0xb2884af70 .functor BUFZ 1, c4<z>; HiZ drive
v0xb28d13480_0 .net "SBDATO6", 0 0, o0xb2884af70;  0 drivers
o0xb2884afa0 .functor BUFZ 1, c4<z>; HiZ drive
v0xb28d13520_0 .net "SBDATO7", 0 0, o0xb2884afa0;  0 drivers
o0xb2884afd0 .functor BUFZ 1, c4<z>; HiZ drive
v0xb28d135c0_0 .net "SBRWI", 0 0, o0xb2884afd0;  0 drivers
o0xb2884b000 .functor BUFZ 1, c4<z>; HiZ drive
v0xb28d13660_0 .net "SBSTBI", 0 0, o0xb2884b000;  0 drivers
o0xb2884b030 .functor BUFZ 1, c4<z>; HiZ drive
v0xb28d13700_0 .net "SCLI", 0 0, o0xb2884b030;  0 drivers
o0xb2884b060 .functor BUFZ 1, c4<z>; HiZ drive
v0xb28d137a0_0 .net "SCLO", 0 0, o0xb2884b060;  0 drivers
o0xb2884b090 .functor BUFZ 1, c4<z>; HiZ drive
v0xb28d13840_0 .net "SCLOE", 0 0, o0xb2884b090;  0 drivers
o0xb2884b0c0 .functor BUFZ 1, c4<z>; HiZ drive
v0xb28d138e0_0 .net "SDAI", 0 0, o0xb2884b0c0;  0 drivers
o0xb2884b0f0 .functor BUFZ 1, c4<z>; HiZ drive
v0xb28d13980_0 .net "SDAO", 0 0, o0xb2884b0f0;  0 drivers
o0xb2884b120 .functor BUFZ 1, c4<z>; HiZ drive
v0xb28d13a20_0 .net "SDAOE", 0 0, o0xb2884b120;  0 drivers
S_0xb2925a100 .scope module, "SB_IO_I3C" "SB_IO_I3C" 3 2862;
 .timescale -12 -12;
    .port_info 0 /INOUT 1 "PACKAGE_PIN";
    .port_info 1 /INPUT 1 "LATCH_INPUT_VALUE";
    .port_info 2 /INPUT 1 "CLOCK_ENABLE";
    .port_info 3 /INPUT 1 "INPUT_CLK";
    .port_info 4 /INPUT 1 "OUTPUT_CLK";
    .port_info 5 /INPUT 1 "OUTPUT_ENABLE";
    .port_info 6 /INPUT 1 "D_OUT_0";
    .port_info 7 /INPUT 1 "D_OUT_1";
    .port_info 8 /OUTPUT 1 "D_IN_0";
    .port_info 9 /OUTPUT 1 "D_IN_1";
    .port_info 10 /INPUT 1 "PU_ENB";
    .port_info 11 /INPUT 1 "WEAK_PU_ENB";
P_0xb28cf0000 .param/str "IO_STANDARD" 0 3 2880, "SB_LVCMOS";
P_0xb28cf0040 .param/l "NEG_TRIGGER" 0 3 2879, C4<0>;
P_0xb28cf0080 .param/l "PIN_TYPE" 0 3 2876, C4<000000>;
P_0xb28cf00c0 .param/l "PULLUP" 0 3 2877, C4<0>;
P_0xb28cf0100 .param/l "WEAK_PULLUP" 0 3 2878, C4<0>;
L_0xb290dab50 .functor BUFZ 1, v0xb28d14280_0, C4<0>, C4<0>, C4<0>;
L_0xb290dabc0 .functor BUFZ 1, v0xb28d14320_0, C4<0>, C4<0>, C4<0>;
o0xb2884b810 .functor BUFZ 1, c4<z>; HiZ drive
v0xb28d13ac0_0 .net "CLOCK_ENABLE", 0 0, o0xb2884b810;  0 drivers
v0xb28d13b60_0 .net "D_IN_0", 0 0, L_0xb290dab50;  1 drivers
v0xb28d13c00_0 .net "D_IN_1", 0 0, L_0xb290dabc0;  1 drivers
o0xb2884b8a0 .functor BUFZ 1, c4<z>; HiZ drive
v0xb28d13ca0_0 .net "D_OUT_0", 0 0, o0xb2884b8a0;  0 drivers
o0xb2884b8d0 .functor BUFZ 1, c4<z>; HiZ drive
v0xb28d13d40_0 .net "D_OUT_1", 0 0, o0xb2884b8d0;  0 drivers
o0xb2884b900 .functor BUFZ 1, c4<z>; HiZ drive
v0xb28d13de0_0 .net "INPUT_CLK", 0 0, o0xb2884b900;  0 drivers
o0xb2884b930 .functor BUFZ 1, c4<z>; HiZ drive
v0xb28d13e80_0 .net "LATCH_INPUT_VALUE", 0 0, o0xb2884b930;  0 drivers
o0xb2884b960 .functor BUFZ 1, c4<z>; HiZ drive
v0xb28d13f20_0 .net "OUTPUT_CLK", 0 0, o0xb2884b960;  0 drivers
o0xb2884b990 .functor BUFZ 1, c4<z>; HiZ drive
v0xb28d14000_0 .net "OUTPUT_ENABLE", 0 0, o0xb2884b990;  0 drivers
o0xb2884b9c0 .functor BUFZ 1, c4<z>; HiZ drive
v0xb28d140a0_0 .net "PACKAGE_PIN", 0 0, o0xb2884b9c0;  0 drivers
o0xb2884b9f0 .functor BUFZ 1, c4<z>; HiZ drive
v0xb28d14140_0 .net "PU_ENB", 0 0, o0xb2884b9f0;  0 drivers
o0xb2884ba20 .functor BUFZ 1, c4<z>; HiZ drive
v0xb28d141e0_0 .net "WEAK_PU_ENB", 0 0, o0xb2884ba20;  0 drivers
v0xb28d14280_0 .var "din_0", 0 0;
v0xb28d14320_0 .var "din_1", 0 0;
v0xb28d143c0_0 .var "din_q_0", 0 0;
v0xb28d14460_0 .var "din_q_1", 0 0;
v0xb28d14500_0 .var "dout", 0 0;
v0xb28d145a0_0 .var "dout_q_0", 0 0;
v0xb28d14640_0 .var "dout_q_1", 0 0;
v0xb28d146e0_0 .var "outclk_delayed_1", 0 0;
v0xb28d14780_0 .var "outclk_delayed_2", 0 0;
v0xb28d14820_0 .var "outena_q", 0 0;
E_0xb29274200 .event anyedge, v0xb28d14780_0, v0xb28d145a0_0, v0xb28d14640_0;
E_0xb29274240 .event anyedge, v0xb28d146e0_0;
E_0xb29274280 .event anyedge, v0xb28d13f20_0;
E_0xb292742c0 .event anyedge, v0xb28d143c0_0, v0xb28d14460_0;
S_0xb28cae580 .scope generate, "genblk1" "genblk1" 3 2888, 3 2888 0, S_0xb2925a100;
 .timescale -12 -12;
E_0xb29274300 .event posedge, v0xb28d13f20_0;
E_0xb29274340 .event negedge, v0xb28d13f20_0;
E_0xb29274380 .event negedge, v0xb28d13de0_0;
E_0xb292743c0 .event posedge, v0xb28d13de0_0;
S_0xb2925a280 .scope module, "SB_IO_OD" "SB_IO_OD" 3 2931;
 .timescale -12 -12;
    .port_info 0 /INOUT 1 "PACKAGEPIN";
    .port_info 1 /INPUT 1 "LATCHINPUTVALUE";
    .port_info 2 /INPUT 1 "CLOCKENABLE";
    .port_info 3 /INPUT 1 "INPUTCLK";
    .port_info 4 /INPUT 1 "OUTPUTCLK";
    .port_info 5 /INPUT 1 "OUTPUTENABLE";
    .port_info 6 /INPUT 1 "DOUT1";
    .port_info 7 /INPUT 1 "DOUT0";
    .port_info 8 /OUTPUT 1 "DIN1";
    .port_info 9 /OUTPUT 1 "DIN0";
P_0xb28ca8a00 .param/l "NEG_TRIGGER" 0 3 2944, C4<0>;
P_0xb28ca8a40 .param/l "PIN_TYPE" 0 3 2943, C4<000000>;
L_0xb290dac30 .functor BUFZ 1, v0xb28d14f00_0, C4<0>, C4<0>, C4<0>;
L_0xb290daca0 .functor BUFZ 1, v0xb28d14fa0_0, C4<0>, C4<0>, C4<0>;
o0xb2884be70 .functor BUFZ 1, c4<z>; HiZ drive
v0xb28d148c0_0 .net "CLOCKENABLE", 0 0, o0xb2884be70;  0 drivers
v0xb28d14960_0 .net "DIN0", 0 0, L_0xb290dac30;  1 drivers
v0xb28d14a00_0 .net "DIN1", 0 0, L_0xb290daca0;  1 drivers
o0xb2884bf00 .functor BUFZ 1, c4<z>; HiZ drive
v0xb28d14aa0_0 .net "DOUT0", 0 0, o0xb2884bf00;  0 drivers
o0xb2884bf30 .functor BUFZ 1, c4<z>; HiZ drive
v0xb28d14b40_0 .net "DOUT1", 0 0, o0xb2884bf30;  0 drivers
o0xb2884bf60 .functor BUFZ 1, c4<z>; HiZ drive
v0xb28d14be0_0 .net "INPUTCLK", 0 0, o0xb2884bf60;  0 drivers
o0xb2884bf90 .functor BUFZ 1, c4<z>; HiZ drive
v0xb28d14c80_0 .net "LATCHINPUTVALUE", 0 0, o0xb2884bf90;  0 drivers
o0xb2884bfc0 .functor BUFZ 1, c4<z>; HiZ drive
v0xb28d14d20_0 .net "OUTPUTCLK", 0 0, o0xb2884bfc0;  0 drivers
o0xb2884bff0 .functor BUFZ 1, c4<z>; HiZ drive
v0xb28d14dc0_0 .net "OUTPUTENABLE", 0 0, o0xb2884bff0;  0 drivers
o0xb2884c020 .functor BUFZ 1, c4<z>; HiZ drive
v0xb28d14e60_0 .net "PACKAGEPIN", 0 0, o0xb2884c020;  0 drivers
v0xb28d14f00_0 .var "din_0", 0 0;
v0xb28d14fa0_0 .var "din_1", 0 0;
v0xb28d15040_0 .var "din_q_0", 0 0;
v0xb28d150e0_0 .var "din_q_1", 0 0;
v0xb28d15180_0 .var "dout", 0 0;
v0xb28d15220_0 .var "dout_q_0", 0 0;
v0xb28d152c0_0 .var "dout_q_1", 0 0;
v0xb28d15360_0 .var "outclk_delayed_1", 0 0;
v0xb28d15400_0 .var "outclk_delayed_2", 0 0;
v0xb28d154a0_0 .var "outena_q", 0 0;
E_0xb29274400 .event anyedge, v0xb28d15400_0, v0xb28d15220_0, v0xb28d152c0_0;
E_0xb29274440 .event anyedge, v0xb28d15360_0;
E_0xb29274480 .event anyedge, v0xb28d14d20_0;
E_0xb292744c0 .event anyedge, v0xb28d15040_0, v0xb28d150e0_0;
S_0xb28cae700 .scope generate, "genblk1" "genblk1" 3 2952, 3 2952 0, S_0xb2925a280;
 .timescale -12 -12;
E_0xb29274500 .event posedge, v0xb28d14d20_0;
E_0xb29274540 .event negedge, v0xb28d14d20_0;
E_0xb29274580 .event negedge, v0xb28d14be0_0;
E_0xb292745c0 .event posedge, v0xb28d14be0_0;
S_0xb2925a400 .scope module, "SB_LEDDA_IP" "SB_LEDDA_IP" 3 2830;
 .timescale -12 -12;
    .port_info 0 /INPUT 1 "LEDDCS";
    .port_info 1 /INPUT 1 "LEDDCLK";
    .port_info 2 /INPUT 1 "LEDDDAT7";
    .port_info 3 /INPUT 1 "LEDDDAT6";
    .port_info 4 /INPUT 1 "LEDDDAT5";
    .port_info 5 /INPUT 1 "LEDDDAT4";
    .port_info 6 /INPUT 1 "LEDDDAT3";
    .port_info 7 /INPUT 1 "LEDDDAT2";
    .port_info 8 /INPUT 1 "LEDDDAT1";
    .port_info 9 /INPUT 1 "LEDDDAT0";
    .port_info 10 /INPUT 1 "LEDDADDR3";
    .port_info 11 /INPUT 1 "LEDDADDR2";
    .port_info 12 /INPUT 1 "LEDDADDR1";
    .port_info 13 /INPUT 1 "LEDDADDR0";
    .port_info 14 /INPUT 1 "LEDDDEN";
    .port_info 15 /INPUT 1 "LEDDEXE";
    .port_info 16 /INPUT 1 "LEDDRST";
    .port_info 17 /OUTPUT 1 "PWMOUT0";
    .port_info 18 /OUTPUT 1 "PWMOUT1";
    .port_info 19 /OUTPUT 1 "PWMOUT2";
    .port_info 20 /OUTPUT 1 "LEDDON";
o0xb2884c410 .functor BUFZ 1, c4<z>; HiZ drive
v0xb28d15540_0 .net "LEDDADDR0", 0 0, o0xb2884c410;  0 drivers
o0xb2884c440 .functor BUFZ 1, c4<z>; HiZ drive
v0xb28d155e0_0 .net "LEDDADDR1", 0 0, o0xb2884c440;  0 drivers
o0xb2884c470 .functor BUFZ 1, c4<z>; HiZ drive
v0xb28d15680_0 .net "LEDDADDR2", 0 0, o0xb2884c470;  0 drivers
o0xb2884c4a0 .functor BUFZ 1, c4<z>; HiZ drive
v0xb28d15720_0 .net "LEDDADDR3", 0 0, o0xb2884c4a0;  0 drivers
o0xb2884c4d0 .functor BUFZ 1, c4<z>; HiZ drive
v0xb28d157c0_0 .net "LEDDCLK", 0 0, o0xb2884c4d0;  0 drivers
o0xb2884c500 .functor BUFZ 1, c4<z>; HiZ drive
v0xb28d15860_0 .net "LEDDCS", 0 0, o0xb2884c500;  0 drivers
o0xb2884c530 .functor BUFZ 1, c4<z>; HiZ drive
v0xb28d15900_0 .net "LEDDDAT0", 0 0, o0xb2884c530;  0 drivers
o0xb2884c560 .functor BUFZ 1, c4<z>; HiZ drive
v0xb28d159a0_0 .net "LEDDDAT1", 0 0, o0xb2884c560;  0 drivers
o0xb2884c590 .functor BUFZ 1, c4<z>; HiZ drive
v0xb28d15a40_0 .net "LEDDDAT2", 0 0, o0xb2884c590;  0 drivers
o0xb2884c5c0 .functor BUFZ 1, c4<z>; HiZ drive
v0xb28d15ae0_0 .net "LEDDDAT3", 0 0, o0xb2884c5c0;  0 drivers
o0xb2884c5f0 .functor BUFZ 1, c4<z>; HiZ drive
v0xb28d15b80_0 .net "LEDDDAT4", 0 0, o0xb2884c5f0;  0 drivers
o0xb2884c620 .functor BUFZ 1, c4<z>; HiZ drive
v0xb28d15c20_0 .net "LEDDDAT5", 0 0, o0xb2884c620;  0 drivers
o0xb2884c650 .functor BUFZ 1, c4<z>; HiZ drive
v0xb28d15cc0_0 .net "LEDDDAT6", 0 0, o0xb2884c650;  0 drivers
o0xb2884c680 .functor BUFZ 1, c4<z>; HiZ drive
v0xb28d15d60_0 .net "LEDDDAT7", 0 0, o0xb2884c680;  0 drivers
o0xb2884c6b0 .functor BUFZ 1, c4<z>; HiZ drive
v0xb28d15e00_0 .net "LEDDDEN", 0 0, o0xb2884c6b0;  0 drivers
o0xb2884c6e0 .functor BUFZ 1, c4<z>; HiZ drive
v0xb28d15ea0_0 .net "LEDDEXE", 0 0, o0xb2884c6e0;  0 drivers
o0xb2884c710 .functor BUFZ 1, c4<z>; HiZ drive
v0xb28d15f40_0 .net "LEDDON", 0 0, o0xb2884c710;  0 drivers
o0xb2884c740 .functor BUFZ 1, c4<z>; HiZ drive
v0xb28d15fe0_0 .net "LEDDRST", 0 0, o0xb2884c740;  0 drivers
o0xb2884c770 .functor BUFZ 1, c4<z>; HiZ drive
v0xb28d16080_0 .net "PWMOUT0", 0 0, o0xb2884c770;  0 drivers
o0xb2884c7a0 .functor BUFZ 1, c4<z>; HiZ drive
v0xb28d16120_0 .net "PWMOUT1", 0 0, o0xb2884c7a0;  0 drivers
o0xb2884c7d0 .functor BUFZ 1, c4<z>; HiZ drive
v0xb28d161c0_0 .net "PWMOUT2", 0 0, o0xb2884c7d0;  0 drivers
S_0xb2925a580 .scope module, "SB_LED_DRV_CUR" "SB_LED_DRV_CUR" 3 2709;
 .timescale -12 -12;
    .port_info 0 /INPUT 1 "EN";
    .port_info 1 /OUTPUT 1 "LEDPU";
o0xb2884cbf0 .functor BUFZ 1, c4<z>; HiZ drive
v0xb28d16260_0 .net "EN", 0 0, o0xb2884cbf0;  0 drivers
o0xb2884cc20 .functor BUFZ 1, c4<z>; HiZ drive
v0xb28d16300_0 .net "LEDPU", 0 0, o0xb2884cc20;  0 drivers
S_0xb2925a700 .scope module, "SB_LFOSC" "SB_LFOSC" 3 2684;
 .timescale -12 -12;
    .port_info 0 /INPUT 1 "CLKLFPU";
    .port_info 1 /INPUT 1 "CLKLFEN";
    .port_info 2 /OUTPUT 1 "CLKLF";
o0xb2884ccb0 .functor BUFZ 1, c4<z>; HiZ drive
v0xb28d163a0_0 .net "CLKLF", 0 0, o0xb2884ccb0;  0 drivers
o0xb2884cce0 .functor BUFZ 1, c4<z>; HiZ drive
v0xb28d16440_0 .net "CLKLFEN", 0 0, o0xb2884cce0;  0 drivers
o0xb2884cd10 .functor BUFZ 1, c4<z>; HiZ drive
v0xb28d164e0_0 .net "CLKLFPU", 0 0, o0xb2884cd10;  0 drivers
S_0xb2925a880 .scope module, "SB_LUT4" "SB_LUT4" 3 177;
 .timescale -12 -12;
    .port_info 0 /OUTPUT 1 "O";
    .port_info 1 /INPUT 1 "I0";
    .port_info 2 /INPUT 1 "I1";
    .port_info 3 /INPUT 1 "I2";
    .port_info 4 /INPUT 1 "I3";
P_0xb28cf6f80 .param/l "LUT_INIT" 0 3 184, C4<0000000000000000>;
o0xb2884cdd0 .functor BUFZ 1, c4<z>; HiZ drive
v0xb28d16580_0 .net "I0", 0 0, o0xb2884cdd0;  0 drivers
o0xb2884ce00 .functor BUFZ 1, c4<z>; HiZ drive
v0xb28d16620_0 .net "I1", 0 0, o0xb2884ce00;  0 drivers
o0xb2884ce30 .functor BUFZ 1, c4<z>; HiZ drive
v0xb28d166c0_0 .net "I2", 0 0, o0xb2884ce30;  0 drivers
o0xb2884ce60 .functor BUFZ 1, c4<z>; HiZ drive
v0xb28d16760_0 .net "I3", 0 0, o0xb2884ce60;  0 drivers
v0xb28d16800_0 .net "O", 0 0, L_0xb28cfbac0;  1 drivers
L_0xb288783b8 .functor BUFT 1, C4<00000000>, C4<0>, C4<0>, C4<0>;
v0xb28d168a0_0 .net/2u *"_ivl_0", 7 0, L_0xb288783b8;  1 drivers
v0xb28d16940_0 .net *"_ivl_13", 1 0, L_0xb28d30c80;  1 drivers
v0xb28d169e0_0 .net *"_ivl_15", 1 0, L_0xb28d30d20;  1 drivers
v0xb28d16a80_0 .net *"_ivl_19", 0 0, L_0xb28d30dc0;  1 drivers
L_0xb28878400 .functor BUFT 1, C4<00000000>, C4<0>, C4<0>, C4<0>;
v0xb28d16b20_0 .net/2u *"_ivl_2", 7 0, L_0xb28878400;  1 drivers
v0xb28d16bc0_0 .net *"_ivl_21", 0 0, L_0xb28d30e60;  1 drivers
v0xb28d16c60_0 .net *"_ivl_7", 3 0, L_0xb28d30b40;  1 drivers
v0xb28d16d00_0 .net *"_ivl_9", 3 0, L_0xb28d30be0;  1 drivers
v0xb28d16da0_0 .net "s1", 1 0, L_0xb28cfba20;  1 drivers
v0xb28d16e40_0 .net "s2", 3 0, L_0xb28cfb980;  1 drivers
v0xb28d16ee0_0 .net "s3", 7 0, L_0xb28cfb8e0;  1 drivers
L_0xb28cfb8e0 .functor MUXZ 8, L_0xb28878400, L_0xb288783b8, o0xb2884ce60, C4<>;
L_0xb28d30b40 .part L_0xb28cfb8e0, 4, 4;
L_0xb28d30be0 .part L_0xb28cfb8e0, 0, 4;
L_0xb28cfb980 .functor MUXZ 4, L_0xb28d30be0, L_0xb28d30b40, o0xb2884ce30, C4<>;
L_0xb28d30c80 .part L_0xb28cfb980, 2, 2;
L_0xb28d30d20 .part L_0xb28cfb980, 0, 2;
L_0xb28cfba20 .functor MUXZ 2, L_0xb28d30d20, L_0xb28d30c80, o0xb2884ce00, C4<>;
L_0xb28d30dc0 .part L_0xb28cfba20, 1, 1;
L_0xb28d30e60 .part L_0xb28cfba20, 0, 1;
L_0xb28cfbac0 .functor MUXZ 1, L_0xb28d30e60, L_0xb28d30dc0, o0xb2884cdd0, C4<>;
S_0xb2925aa00 .scope module, "SB_MAC16" "SB_MAC16" 3 2996;
 .timescale -12 -12;
    .port_info 0 /INPUT 1 "CLK";
    .port_info 1 /INPUT 1 "CE";
    .port_info 2 /INPUT 16 "C";
    .port_info 3 /INPUT 16 "A";
    .port_info 4 /INPUT 16 "B";
    .port_info 5 /INPUT 16 "D";
    .port_info 6 /INPUT 1 "AHOLD";
    .port_info 7 /INPUT 1 "BHOLD";
    .port_info 8 /INPUT 1 "CHOLD";
    .port_info 9 /INPUT 1 "DHOLD";
    .port_info 10 /INPUT 1 "IRSTTOP";
    .port_info 11 /INPUT 1 "IRSTBOT";
    .port_info 12 /INPUT 1 "ORSTTOP";
    .port_info 13 /INPUT 1 "ORSTBOT";
    .port_info 14 /INPUT 1 "OLOADTOP";
    .port_info 15 /INPUT 1 "OLOADBOT";
    .port_info 16 /INPUT 1 "ADDSUBTOP";
    .port_info 17 /INPUT 1 "ADDSUBBOT";
    .port_info 18 /INPUT 1 "OHOLDTOP";
    .port_info 19 /INPUT 1 "OHOLDBOT";
    .port_info 20 /INPUT 1 "CI";
    .port_info 21 /INPUT 1 "ACCUMCI";
    .port_info 22 /INPUT 1 "SIGNEXTIN";
    .port_info 23 /OUTPUT 32 "O";
    .port_info 24 /OUTPUT 1 "CO";
    .port_info 25 /OUTPUT 1 "ACCUMCO";
    .port_info 26 /OUTPUT 1 "SIGNEXTOUT";
P_0xb29054f00 .param/l "A_REG" 0 3 3011, C4<0>;
P_0xb29054f40 .param/l "A_SIGNED" 0 3 3027, C4<0>;
P_0xb29054f80 .param/l "BOTADDSUB_CARRYSELECT" 0 3 3025, C4<00>;
P_0xb29054fc0 .param/l "BOTADDSUB_LOWERINPUT" 0 3 3023, C4<00>;
P_0xb29055000 .param/l "BOTADDSUB_UPPERINPUT" 0 3 3024, C4<0>;
P_0xb29055040 .param/l "BOTOUTPUT_SELECT" 0 3 3022, C4<00>;
P_0xb29055080 .param/l "BOT_8x8_MULT_REG" 0 3 3015, C4<0>;
P_0xb290550c0 .param/l "B_REG" 0 3 3012, C4<0>;
P_0xb29055100 .param/l "B_SIGNED" 0 3 3028, C4<0>;
P_0xb29055140 .param/l "C_REG" 0 3 3010, C4<0>;
P_0xb29055180 .param/l "D_REG" 0 3 3013, C4<0>;
P_0xb290551c0 .param/l "MODE_8x8" 0 3 3026, C4<0>;
P_0xb29055200 .param/l "NEG_TRIGGER" 0 3 3009, C4<0>;
P_0xb29055240 .param/l "PIPELINE_16x16_MULT_REG1" 0 3 3016, C4<0>;
P_0xb29055280 .param/l "PIPELINE_16x16_MULT_REG2" 0 3 3017, C4<0>;
P_0xb290552c0 .param/l "TOPADDSUB_CARRYSELECT" 0 3 3021, C4<00>;
P_0xb29055300 .param/l "TOPADDSUB_LOWERINPUT" 0 3 3019, C4<00>;
P_0xb29055340 .param/l "TOPADDSUB_UPPERINPUT" 0 3 3020, C4<0>;
P_0xb29055380 .param/l "TOPOUTPUT_SELECT" 0 3 3018, C4<00>;
P_0xb290553c0 .param/l "TOP_8x8_MULT_REG" 0 3 3014, C4<0>;
o0xb2884d4c0 .functor BUFZ 1, c4<z>; HiZ drive
L_0xb28878448 .functor BUFT 1, C4<0>, C4<0>, C4<0>, C4<0>;
L_0xb291f0af0 .functor XOR 1, o0xb2884d4c0, L_0xb28878448, C4<0>, C4<0>;
o0xb2884d400 .functor BUFZ 16, c4<zzzzzzzzzzzzzzzz>; HiZ drive
L_0xb290dad10 .functor BUFZ 16, o0xb2884d400, C4<0000000000000000>, C4<0000000000000000>, C4<0000000000000000>;
o0xb2884d1c0 .functor BUFZ 16, c4<zzzzzzzzzzzzzzzz>; HiZ drive
L_0xb290dad80 .functor BUFZ 16, o0xb2884d1c0, C4<0000000000000000>, C4<0000000000000000>, C4<0000000000000000>;
o0xb2884d340 .functor BUFZ 16, c4<zzzzzzzzzzzzzzzz>; HiZ drive
L_0xb290dadf0 .functor BUFZ 16, o0xb2884d340, C4<0000000000000000>, C4<0000000000000000>, C4<0000000000000000>;
o0xb2884d520 .functor BUFZ 16, c4<zzzzzzzzzzzzzzzz>; HiZ drive
L_0xb290dae60 .functor BUFZ 16, o0xb2884d520, C4<0000000000000000>, C4<0000000000000000>, C4<0000000000000000>;
L_0xb290daed0 .functor BUFZ 16, L_0xb28cfbb60, C4<0000000000000000>, C4<0000000000000000>, C4<0000000000000000>;
L_0xb290daf40 .functor BUFZ 16, L_0xb28cfbc00, C4<0000000000000000>, C4<0000000000000000>, C4<0000000000000000>;
L_0xb290dafb0 .functor BUFZ 16, L_0xb28cfbca0, C4<0000000000000000>, C4<0000000000000000>, C4<0000000000000000>;
L_0xb290db020 .functor BUFZ 16, L_0xb28cfbd40, C4<0000000000000000>, C4<0000000000000000>, C4<0000000000000000>;
L_0xb290db090 .functor BUFZ 32, L_0xb28cfbf20, C4<00000000000000000000000000000000>, C4<00000000000000000000000000000000>, C4<00000000000000000000000000000000>;
L_0xb290db100 .functor BUFZ 16, v0xb28d1c3c0_0, C4<0000000000000000>, C4<0000000000000000>, C4<0000000000000000>;
L_0xb290db170 .functor BUFZ 16, L_0xb290dad80, C4<0000000000000000>, C4<0000000000000000>, C4<0000000000000000>;
L_0xb291f0b60 .functor XOR 17, L_0xb28cfd540, L_0xb28cfd5e0, C4<00000000000000000>, C4<00000000000000000>;
o0xb2884d280 .functor BUFZ 1, c4<z>; HiZ drive
L_0xb291f02a0 .functor XOR 1, L_0xb28d314a0, o0xb2884d280, C4<0>, C4<0>;
L_0xb291f0310 .functor XOR 16, L_0xb28d31540, L_0xb28ca4780, C4<0000000000000000>, C4<0000000000000000>;
L_0xb290db250 .functor BUFZ 16, L_0xb28ca4500, C4<0000000000000000>, C4<0000000000000000>, C4<0000000000000000>;
L_0xb290db2c0 .functor BUFZ 16, v0xb28d1c460_0, C4<0000000000000000>, C4<0000000000000000>, C4<0000000000000000>;
L_0xb290db330 .functor BUFZ 16, L_0xb290dadf0, C4<0000000000000000>, C4<0000000000000000>, C4<0000000000000000>;
L_0xb291f03f0 .functor XOR 17, L_0xb28cfd7c0, L_0xb28cfd860, C4<00000000000000000>, C4<00000000000000000>;
L_0xb291f0e70 .functor XOR 16, L_0xb28d31720, L_0xb28d3c0a0, C4<0000000000000000>, C4<0000000000000000>;
L_0xb290db410 .functor BUFZ 16, L_0xb28d3c140, C4<0000000000000000>, C4<0000000000000000>, C4<0000000000000000>;
v0xb28d16f80_0 .net "A", 15 0, o0xb2884d1c0;  0 drivers
o0xb2884d1f0 .functor BUFZ 1, c4<z>; HiZ drive
v0xb28d17020_0 .net "ACCUMCI", 0 0, o0xb2884d1f0;  0 drivers
v0xb28d170c0_0 .net "ACCUMCO", 0 0, L_0xb28d314a0;  1 drivers
o0xb2884d250 .functor BUFZ 1, c4<z>; HiZ drive
v0xb28d17160_0 .net "ADDSUBBOT", 0 0, o0xb2884d250;  0 drivers
v0xb28d17200_0 .net "ADDSUBTOP", 0 0, o0xb2884d280;  0 drivers
o0xb2884d2b0 .functor BUFZ 1, c4<z>; HiZ drive
v0xb28d172a0_0 .net "AHOLD", 0 0, o0xb2884d2b0;  0 drivers
v0xb28d17340_0 .net "Ah", 15 0, L_0xb28cfcb40;  1 drivers
v0xb28d173e0_0 .net "Al", 15 0, L_0xb28cfcbe0;  1 drivers
v0xb28d17480_0 .net "B", 15 0, o0xb2884d340;  0 drivers
o0xb2884d370 .functor BUFZ 1, c4<z>; HiZ drive
v0xb28d17520_0 .net "BHOLD", 0 0, o0xb2884d370;  0 drivers
v0xb28d175c0_0 .net "Bh", 15 0, L_0xb28cfcc80;  1 drivers
v0xb28d17660_0 .net "Bl", 15 0, L_0xb28cfcd20;  1 drivers
v0xb28d17700_0 .net "C", 15 0, o0xb2884d400;  0 drivers
o0xb2884d430 .functor BUFZ 1, c4<z>; HiZ drive
v0xb28d177a0_0 .net "CE", 0 0, o0xb2884d430;  0 drivers
o0xb2884d460 .functor BUFZ 1, c4<z>; HiZ drive
v0xb28d17840_0 .net "CHOLD", 0 0, o0xb2884d460;  0 drivers
o0xb2884d490 .functor BUFZ 1, c4<z>; HiZ drive
v0xb28d178e0_0 .net "CI", 0 0, o0xb2884d490;  0 drivers
v0xb28d17980_0 .net "CLK", 0 0, o0xb2884d4c0;  0 drivers
v0xb28d17a20_0 .net "CO", 0 0, L_0xb291f02a0;  1 drivers
v0xb28d17ac0_0 .net "D", 15 0, o0xb2884d520;  0 drivers
o0xb2884d550 .functor BUFZ 1, c4<z>; HiZ drive
v0xb28d17b60_0 .net "DHOLD", 0 0, o0xb2884d550;  0 drivers
L_0xb288789a0 .functor BUFT 1, C4<0>, C4<0>, C4<0>, C4<0>;
v0xb28d17c00_0 .net "HCI", 0 0, L_0xb288789a0;  1 drivers
o0xb2884d5b0 .functor BUFZ 1, c4<z>; HiZ drive
v0xb28d17ca0_0 .net "IRSTBOT", 0 0, o0xb2884d5b0;  0 drivers
o0xb2884d5e0 .functor BUFZ 1, c4<z>; HiZ drive
v0xb28d17d40_0 .net "IRSTTOP", 0 0, o0xb2884d5e0;  0 drivers
L_0xb28878ac0 .functor BUFT 1, C4<0>, C4<0>, C4<0>, C4<0>;
v0xb28d17de0_0 .net "LCI", 0 0, L_0xb28878ac0;  1 drivers
v0xb28d17e80_0 .net "LCO", 0 0, L_0xb28d31680;  1 drivers
v0xb28d17f20_0 .net "O", 31 0, L_0xb28cfd680;  1 drivers
o0xb2884d6a0 .functor BUFZ 1, c4<z>; HiZ drive
v0xb28d18000_0 .net "OHOLDBOT", 0 0, o0xb2884d6a0;  0 drivers
o0xb2884d6d0 .functor BUFZ 1, c4<z>; HiZ drive
v0xb28d180a0_0 .net "OHOLDTOP", 0 0, o0xb2884d6d0;  0 drivers
o0xb2884d700 .functor BUFZ 1, c4<z>; HiZ drive
v0xb28d18140_0 .net "OLOADBOT", 0 0, o0xb2884d700;  0 drivers
o0xb2884d730 .functor BUFZ 1, c4<z>; HiZ drive
v0xb28d181e0_0 .net "OLOADTOP", 0 0, o0xb2884d730;  0 drivers
o0xb2884d760 .functor BUFZ 1, c4<z>; HiZ drive
v0xb28d18280_0 .net "ORSTBOT", 0 0, o0xb2884d760;  0 drivers
o0xb2884d790 .functor BUFZ 1, c4<z>; HiZ drive
v0xb28d18320_0 .net "ORSTTOP", 0 0, o0xb2884d790;  0 drivers
v0xb28d183c0_0 .net "Oh", 15 0, L_0xb290db250;  1 drivers
v0xb28d18460_0 .net "Ol", 15 0, L_0xb290db410;  1 drivers
o0xb2884d820 .functor BUFZ 1, c4<z>; HiZ drive
v0xb28d18500_0 .net "SIGNEXTIN", 0 0, o0xb2884d820;  0 drivers
v0xb28d185a0_0 .net "SIGNEXTOUT", 0 0, L_0xb28d315e0;  1 drivers
v0xb28d18640_0 .net "XW", 15 0, L_0xb28d31540;  1 drivers
v0xb28d186e0_0 .net "YZ", 15 0, L_0xb28d31720;  1 drivers
v0xb28d18780_0 .net/2u *"_ivl_0", 0 0, L_0xb28878448;  1 drivers
v0xb28d18820_0 .net *"_ivl_100", 31 0, L_0xb28cfd360;  1 drivers
L_0xb28878838 .functor BUFT 1, C4<0000000000000000>, C4<0>, C4<0>, C4<0>;
v0xb28d188c0_0 .net *"_ivl_103", 15 0, L_0xb28878838;  1 drivers
v0xb28d18960_0 .net *"_ivl_104", 31 0, L_0xb28cfd400;  1 drivers
v0xb28d18a00_0 .net *"_ivl_106", 15 0, L_0xb28d31400;  1 drivers
L_0xb28878880 .functor BUFT 1, C4<0000000000000000>, C4<0>, C4<0>, C4<0>;
v0xb28d18aa0_0 .net *"_ivl_108", 15 0, L_0xb28878880;  1 drivers
L_0xb28878490 .functor BUFT 1, C4<00000000>, C4<0>, C4<0>, C4<0>;
v0xb28d18b40_0 .net/2u *"_ivl_12", 7 0, L_0xb28878490;  1 drivers
v0xb28d18be0_0 .net *"_ivl_121", 16 0, L_0xb28cfd4a0;  1 drivers
L_0xb288788c8 .functor BUFT 1, C4<0>, C4<0>, C4<0>, C4<0>;
v0xb28d18c80_0 .net *"_ivl_124", 0 0, L_0xb288788c8;  1 drivers
v0xb28d18d20_0 .net *"_ivl_125", 16 0, L_0xb28cfd540;  1 drivers
L_0xb28878910 .functor BUFT 1, C4<0>, C4<0>, C4<0>, C4<0>;
v0xb28d18dc0_0 .net *"_ivl_128", 0 0, L_0xb28878910;  1 drivers
v0xb28d18e60_0 .net *"_ivl_130", 15 0, L_0xb28ca59a0;  1 drivers
v0xb28d18f00_0 .net *"_ivl_131", 16 0, L_0xb28cfd5e0;  1 drivers
L_0xb28878958 .functor BUFT 1, C4<0>, C4<0>, C4<0>, C4<0>;
v0xb28d18fa0_0 .net *"_ivl_134", 0 0, L_0xb28878958;  1 drivers
v0xb28d19040_0 .net *"_ivl_135", 16 0, L_0xb291f0b60;  1 drivers
v0xb28d190e0_0 .net *"_ivl_137", 16 0, L_0xb28ca4c80;  1 drivers
L_0xb28879060 .functor BUFT 1, C4<00000000000000000>, C4<0>, C4<0>, C4<0>;
v0xb28d19180_0 .net *"_ivl_139", 16 0, L_0xb28879060;  1 drivers
v0xb28d19220_0 .net *"_ivl_143", 16 0, L_0xb28ca4a00;  1 drivers
v0xb28d192c0_0 .net *"_ivl_148", 15 0, L_0xb28ca4780;  1 drivers
v0xb28d19360_0 .net *"_ivl_149", 15 0, L_0xb291f0310;  1 drivers
v0xb28d19400_0 .net *"_ivl_15", 7 0, L_0xb28d30f00;  1 drivers
v0xb28d194a0_0 .net *"_ivl_168", 16 0, L_0xb28cfd720;  1 drivers
L_0xb288789e8 .functor BUFT 1, C4<0>, C4<0>, C4<0>, C4<0>;
v0xb28d19540_0 .net *"_ivl_171", 0 0, L_0xb288789e8;  1 drivers
v0xb28d195e0_0 .net *"_ivl_172", 16 0, L_0xb28cfd7c0;  1 drivers
L_0xb28878a30 .functor BUFT 1, C4<0>, C4<0>, C4<0>, C4<0>;
v0xb28d19680_0 .net *"_ivl_175", 0 0, L_0xb28878a30;  1 drivers
v0xb28d19720_0 .net *"_ivl_177", 15 0, L_0xb28ca4280;  1 drivers
v0xb28d197c0_0 .net *"_ivl_178", 16 0, L_0xb28cfd860;  1 drivers
L_0xb288784d8 .functor BUFT 1, C4<00000000>, C4<0>, C4<0>, C4<0>;
v0xb28d19860_0 .net/2u *"_ivl_18", 7 0, L_0xb288784d8;  1 drivers
L_0xb28878a78 .functor BUFT 1, C4<0>, C4<0>, C4<0>, C4<0>;
v0xb28d19900_0 .net *"_ivl_181", 0 0, L_0xb28878a78;  1 drivers
v0xb28d199a0_0 .net *"_ivl_182", 16 0, L_0xb291f03f0;  1 drivers
v0xb28d19a40_0 .net *"_ivl_184", 16 0, L_0xb28ca4000;  1 drivers
L_0xb288790a8 .functor BUFT 1, C4<00000000000000000>, C4<0>, C4<0>, C4<0>;
v0xb28d19ae0_0 .net *"_ivl_186", 16 0, L_0xb288790a8;  1 drivers
v0xb28d19b80_0 .net *"_ivl_190", 16 0, L_0xb28d3c000;  1 drivers
v0xb28d19c20_0 .net *"_ivl_193", 15 0, L_0xb28d3c0a0;  1 drivers
v0xb28d19cc0_0 .net *"_ivl_194", 15 0, L_0xb291f0e70;  1 drivers
v0xb28d19d60_0 .net *"_ivl_21", 7 0, L_0xb28d30fa0;  1 drivers
L_0xb28878520 .functor BUFT 1, C4<00000000>, C4<0>, C4<0>, C4<0>;
v0xb28d19e00_0 .net/2u *"_ivl_24", 7 0, L_0xb28878520;  1 drivers
v0xb28d19ea0_0 .net *"_ivl_27", 7 0, L_0xb28d31040;  1 drivers
L_0xb28878568 .functor BUFT 1, C4<00000000>, C4<0>, C4<0>, C4<0>;
v0xb28d19f40_0 .net/2u *"_ivl_30", 7 0, L_0xb28878568;  1 drivers
v0xb28d19fe0_0 .net *"_ivl_33", 7 0, L_0xb28d310e0;  1 drivers
L_0xb288785b0 .functor BUFT 1, C4<00000000>, C4<0>, C4<0>, C4<0>;
v0xb28d1a080_0 .net/2u *"_ivl_38", 7 0, L_0xb288785b0;  1 drivers
v0xb28d1a120_0 .net *"_ivl_41", 7 0, L_0xb28d31180;  1 drivers
v0xb28d1a1c0_0 .net *"_ivl_42", 15 0, L_0xb28cfcdc0;  1 drivers
L_0xb288785f8 .functor BUFT 1, C4<00000000>, C4<0>, C4<0>, C4<0>;
v0xb28d1a260_0 .net/2u *"_ivl_46", 7 0, L_0xb288785f8;  1 drivers
v0xb28d1a300_0 .net *"_ivl_49", 7 0, L_0xb28d31220;  1 drivers
v0xb28d1a3a0_0 .net *"_ivl_50", 15 0, L_0xb28cfce60;  1 drivers
L_0xb28878640 .functor BUFT 1, C4<00000000>, C4<0>, C4<0>, C4<0>;
v0xb28d1a440_0 .net/2u *"_ivl_64", 7 0, L_0xb28878640;  1 drivers
L_0xb28878688 .functor BUFT 1, C4<00000000>, C4<0>, C4<0>, C4<0>;
v0xb28d1a4e0_0 .net/2u *"_ivl_68", 7 0, L_0xb28878688;  1 drivers
v0xb28d1a580_0 .net *"_ivl_72", 31 0, L_0xb28cfd040;  1 drivers
L_0xb288786d0 .functor BUFT 1, C4<0000000000000000>, C4<0>, C4<0>, C4<0>;
v0xb28d1a620_0 .net *"_ivl_75", 15 0, L_0xb288786d0;  1 drivers
v0xb28d1a6c0_0 .net *"_ivl_76", 31 0, L_0xb28cfd0e0;  1 drivers
L_0xb28878718 .functor BUFT 1, C4<00000000>, C4<0>, C4<0>, C4<0>;
v0xb28d1a760_0 .net *"_ivl_79", 7 0, L_0xb28878718;  1 drivers
v0xb28d1a800_0 .net *"_ivl_80", 31 0, L_0xb28cfd180;  1 drivers
v0xb28d1a8a0_0 .net *"_ivl_82", 23 0, L_0xb28d312c0;  1 drivers
L_0xb28878760 .functor BUFT 1, C4<00000000>, C4<0>, C4<0>, C4<0>;
v0xb28d1a940_0 .net *"_ivl_84", 7 0, L_0xb28878760;  1 drivers
v0xb28d1a9e0_0 .net *"_ivl_86", 31 0, L_0xb28cfbde0;  1 drivers
v0xb28d1aa80_0 .net *"_ivl_88", 31 0, L_0xb28cfd220;  1 drivers
L_0xb288787a8 .functor BUFT 1, C4<00000000>, C4<0>, C4<0>, C4<0>;
v0xb28d1ab20_0 .net *"_ivl_91", 7 0, L_0xb288787a8;  1 drivers
v0xb28d1abc0_0 .net *"_ivl_92", 31 0, L_0xb28cfd2c0;  1 drivers
v0xb28d1ac60_0 .net *"_ivl_94", 23 0, L_0xb28d31360;  1 drivers
L_0xb288787f0 .functor BUFT 1, C4<00000000>, C4<0>, C4<0>, C4<0>;
v0xb28d1ad00_0 .net *"_ivl_96", 7 0, L_0xb288787f0;  1 drivers
v0xb28d1ada0_0 .net *"_ivl_98", 31 0, L_0xb28cfbe80;  1 drivers
v0xb28d1ae40_0 .net "clock", 0 0, L_0xb291f0af0;  1 drivers
v0xb28d1aee0_0 .net "iA", 15 0, L_0xb290dad80;  1 drivers
v0xb28d1af80_0 .net "iB", 15 0, L_0xb290dadf0;  1 drivers
v0xb28d1b020_0 .net "iC", 15 0, L_0xb290dad10;  1 drivers
v0xb28d1b0c0_0 .net "iD", 15 0, L_0xb290dae60;  1 drivers
v0xb28d1b160_0 .net "iF", 15 0, L_0xb290daed0;  1 drivers
v0xb28d1b200_0 .net "iG", 15 0, L_0xb290db020;  1 drivers
v0xb28d1b2a0_0 .net "iH", 31 0, L_0xb290db090;  1 drivers
v0xb28d1b340_0 .net "iJ", 15 0, L_0xb290daf40;  1 drivers
v0xb28d1b3e0_0 .net "iJ_e", 23 0, L_0xb28cfcfa0;  1 drivers
v0xb28d1b480_0 .net "iK", 15 0, L_0xb290dafb0;  1 drivers
v0xb28d1b520_0 .net "iK_e", 23 0, L_0xb28cfcf00;  1 drivers
v0xb28d1b5c0_0 .net "iL", 31 0, L_0xb28cfbf20;  1 drivers
v0xb28d1b660_0 .net "iP", 15 0, L_0xb28ca4500;  1 drivers
v0xb28d1b700_0 .net "iQ", 15 0, v0xb28d1c3c0_0;  1 drivers
v0xb28d1b7a0_0 .net "iR", 15 0, L_0xb28d3c140;  1 drivers
v0xb28d1b840_0 .net "iS", 15 0, v0xb28d1c460_0;  1 drivers
v0xb28d1b8e0_0 .net "iW", 15 0, L_0xb290db100;  1 drivers
v0xb28d1b980_0 .net "iX", 15 0, L_0xb290db170;  1 drivers
v0xb28d1ba20_0 .net "iY", 15 0, L_0xb290db2c0;  1 drivers
v0xb28d1bac0_0 .net "iZ", 15 0, L_0xb290db330;  1 drivers
v0xb28d1bb60_0 .net "p_Ah_Bh", 15 0, L_0xb28cfbb60;  1 drivers
v0xb28d1bc00_0 .net "p_Ah_Bl", 15 0, L_0xb28cfbca0;  1 drivers
v0xb28d1bca0_0 .net "p_Al_Bh", 15 0, L_0xb28cfbc00;  1 drivers
v0xb28d1bd40_0 .net "p_Al_Bl", 15 0, L_0xb28cfbd40;  1 drivers
v0xb28d1bde0_0 .var "rA", 15 0;
v0xb28d1be80_0 .var "rB", 15 0;
v0xb28d1bf20_0 .var "rC", 15 0;
v0xb28d1c000_0 .var "rD", 15 0;
v0xb28d1c0a0_0 .var "rF", 15 0;
v0xb28d1c140_0 .var "rG", 15 0;
v0xb28d1c1e0_0 .var "rH", 31 0;
v0xb28d1c280_0 .var "rJ", 15 0;
v0xb28d1c320_0 .var "rK", 15 0;
v0xb28d1c3c0_0 .var "rQ", 15 0;
v0xb28d1c460_0 .var "rS", 15 0;
E_0xb29274600 .event posedge, v0xb28d18280_0, v0xb28d1ae40_0;
E_0xb29274640 .event posedge, v0xb28d18320_0, v0xb28d1ae40_0;
E_0xb29274680 .event posedge, v0xb28d17ca0_0, v0xb28d1ae40_0;
E_0xb292746c0 .event posedge, v0xb28d17d40_0, v0xb28d1ae40_0;
L_0xb28d30f00 .part L_0xb290dad80, 8, 8;
L_0xb28cfcb40 .concat [ 8 8 0 0], L_0xb28d30f00, L_0xb28878490;
L_0xb28d30fa0 .part L_0xb290dad80, 0, 8;
L_0xb28cfcbe0 .concat [ 8 8 0 0], L_0xb28d30fa0, L_0xb288784d8;
L_0xb28d31040 .part L_0xb290dadf0, 8, 8;
L_0xb28cfcc80 .concat [ 8 8 0 0], L_0xb28d31040, L_0xb28878520;
L_0xb28d310e0 .part L_0xb290dadf0, 0, 8;
L_0xb28cfcd20 .concat [ 8 8 0 0], L_0xb28d310e0, L_0xb28878568;
L_0xb28cfbb60 .arith/mult 16, L_0xb28cfcb40, L_0xb28cfcc80;
L_0xb28d31180 .part L_0xb28cfcbe0, 0, 8;
L_0xb28cfcdc0 .concat [ 8 8 0 0], L_0xb28d31180, L_0xb288785b0;
L_0xb28cfbc00 .arith/mult 16, L_0xb28cfcdc0, L_0xb28cfcc80;
L_0xb28d31220 .part L_0xb28cfcd20, 0, 8;
L_0xb28cfce60 .concat [ 8 8 0 0], L_0xb28d31220, L_0xb288785f8;
L_0xb28cfbca0 .arith/mult 16, L_0xb28cfcb40, L_0xb28cfce60;
L_0xb28cfbd40 .arith/mult 16, L_0xb28cfcbe0, L_0xb28cfcd20;
L_0xb28cfcf00 .concat [ 16 8 0 0], L_0xb290dafb0, L_0xb28878640;
L_0xb28cfcfa0 .concat [ 16 8 0 0], L_0xb290daf40, L_0xb28878688;
L_0xb28cfd040 .concat [ 16 16 0 0], L_0xb290db020, L_0xb288786d0;
L_0xb28cfd0e0 .concat [ 24 8 0 0], L_0xb28cfcf00, L_0xb28878718;
L_0xb28d312c0 .part L_0xb28cfd0e0, 0, 24;
L_0xb28cfd180 .concat [ 8 24 0 0], L_0xb28878760, L_0xb28d312c0;
L_0xb28cfbde0 .arith/sum 32, L_0xb28cfd040, L_0xb28cfd180;
L_0xb28cfd220 .concat [ 24 8 0 0], L_0xb28cfcfa0, L_0xb288787a8;
L_0xb28d31360 .part L_0xb28cfd220, 0, 24;
L_0xb28cfd2c0 .concat [ 8 24 0 0], L_0xb288787f0, L_0xb28d31360;
L_0xb28cfbe80 .arith/sum 32, L_0xb28cfbde0, L_0xb28cfd2c0;
L_0xb28cfd360 .concat [ 16 16 0 0], L_0xb290daed0, L_0xb28878838;
L_0xb28d31400 .part L_0xb28cfd360, 0, 16;
L_0xb28cfd400 .concat [ 16 16 0 0], L_0xb28878880, L_0xb28d31400;
L_0xb28cfbf20 .arith/sum 32, L_0xb28cfbe80, L_0xb28cfd400;
L_0xb28d314a0 .part L_0xb28ca4a00, 16, 1;
L_0xb28d31540 .part L_0xb28ca4a00, 0, 16;
L_0xb28cfd4a0 .concat [ 16 1 0 0], L_0xb290db170, L_0xb288788c8;
L_0xb28cfd540 .concat [ 16 1 0 0], L_0xb290db100, L_0xb28878910;
L_0xb28ca59a0 .repeat 16, 16, o0xb2884d280;
L_0xb28cfd5e0 .concat [ 16 1 0 0], L_0xb28ca59a0, L_0xb28878958;
L_0xb28ca4c80 .arith/sum 17, L_0xb28cfd4a0, L_0xb291f0b60;
L_0xb28ca4a00 .arith/sum 17, L_0xb28ca4c80, L_0xb28879060;
L_0xb28ca4780 .repeat 16, 16, o0xb2884d280;
L_0xb28ca4500 .functor MUXZ 16, L_0xb291f0310, L_0xb290dad10, o0xb2884d730, C4<>;
L_0xb28d315e0 .part L_0xb290db170, 15, 1;
L_0xb28d31680 .part L_0xb28d3c000, 16, 1;
L_0xb28d31720 .part L_0xb28d3c000, 0, 16;
L_0xb28cfd720 .concat [ 16 1 0 0], L_0xb290db330, L_0xb288789e8;
L_0xb28cfd7c0 .concat [ 16 1 0 0], L_0xb290db2c0, L_0xb28878a30;
L_0xb28ca4280 .repeat 16, 16, o0xb2884d250;
L_0xb28cfd860 .concat [ 16 1 0 0], L_0xb28ca4280, L_0xb28878a78;
L_0xb28ca4000 .arith/sum 17, L_0xb28cfd720, L_0xb291f03f0;
L_0xb28d3c000 .arith/sum 17, L_0xb28ca4000, L_0xb288790a8;
L_0xb28d3c0a0 .repeat 16, 16, o0xb2884d250;
L_0xb28d3c140 .functor MUXZ 16, L_0xb291f0e70, L_0xb290dae60, o0xb2884d700, C4<>;
L_0xb28cfd680 .concat [ 16 16 0 0], L_0xb290db410, L_0xb290db250;
S_0xb2925ab80 .scope module, "SB_PLL40_2F_CORE" "SB_PLL40_2F_CORE" 3 2521;
 .timescale -12 -12;
    .port_info 0 /INPUT 1 "REFERENCECLK";
    .port_info 1 /OUTPUT 1 "PLLOUTCOREA";
    .port_info 2 /OUTPUT 1 "PLLOUTGLOBALA";
    .port_info 3 /OUTPUT 1 "PLLOUTCOREB";
    .port_info 4 /OUTPUT 1 "PLLOUTGLOBALB";
    .port_info 5 /INPUT 1 "EXTFEEDBACK";
    .port_info 6 /INPUT 8 "DYNAMICDELAY";
    .port_info 7 /OUTPUT 1 "LOCK";
    .port_info 8 /INPUT 1 "BYPASS";
    .port_info 9 /INPUT 1 "RESETB";
    .port_info 10 /INPUT 1 "LATCHINPUTVALUE";
    .port_info 11 /OUTPUT 1 "SDO";
    .port_info 12 /INPUT 1 "SDI";
    .port_info 13 /INPUT 1 "SCLK";
P_0x104996a50 .param/str "DELAY_ADJUSTMENT_MODE_FEEDBACK" 0 3 2538, "FIXED";
P_0x104996a90 .param/str "DELAY_ADJUSTMENT_MODE_RELATIVE" 0 3 2539, "FIXED";
P_0x104996ad0 .param/l "DIVF" 0 3 2546, C4<0000000>;
P_0x104996b10 .param/l "DIVQ" 0 3 2547, C4<000>;
P_0x104996b50 .param/l "DIVR" 0 3 2545, C4<0000>;
P_0x104996b90 .param/l "ENABLE_ICEGATE_PORTA" 0 3 2549, C4<0>;
P_0x104996bd0 .param/l "ENABLE_ICEGATE_PORTB" 0 3 2550, C4<0>;
P_0x104996c10 .param/l "EXTERNAL_DIVIDE_FACTOR" 0 3 2552, +C4<00000000000000000000000000000001>;
P_0x104996c50 .param/l "FDA_FEEDBACK" 0 3 2541, C4<0000>;
P_0x104996c90 .param/l "FDA_RELATIVE" 0 3 2542, C4<0000>;
P_0x104996cd0 .param/str "FEEDBACK_PATH" 0 3 2537, "SIMPLE";
P_0x104996d10 .param/l "FILTER_RANGE" 0 3 2548, C4<000>;
P_0x104996d50 .param/str "PLLOUT_SELECT_PORTA" 0 3 2543, "GENCLK";
P_0x104996d90 .param/str "PLLOUT_SELECT_PORTB" 0 3 2544, "GENCLK";
P_0x104996dd0 .param/l "SHIFTREG_DIV_MODE" 0 3 2540, C4<0>;
P_0x104996e10 .param/l "TEST_MODE" 0 3 2551, C4<0>;
o0xb2884f050 .functor BUFZ 1, c4<z>; HiZ drive
v0xb28d1c500_0 .net "BYPASS", 0 0, o0xb2884f050;  0 drivers
o0xb2884f080 .functor BUFZ 8, c4<zzzzzzzz>; HiZ drive
v0xb28d1c5a0_0 .net "DYNAMICDELAY", 7 0, o0xb2884f080;  0 drivers
o0xb2884f0b0 .functor BUFZ 1, c4<z>; HiZ drive
v0xb28d1c640_0 .net "EXTFEEDBACK", 0 0, o0xb2884f0b0;  0 drivers
o0xb2884f0e0 .functor BUFZ 1, c4<z>; HiZ drive
v0xb28d1c6e0_0 .net "LATCHINPUTVALUE", 0 0, o0xb2884f0e0;  0 drivers
o0xb2884f110 .functor BUFZ 1, c4<z>; HiZ drive
v0xb28d1c780_0 .net "LOCK", 0 0, o0xb2884f110;  0 drivers
o0xb2884f140 .functor BUFZ 1, c4<z>; HiZ drive
v0xb28d1c820_0 .net "PLLOUTCOREA", 0 0, o0xb2884f140;  0 drivers
o0xb2884f170 .functor BUFZ 1, c4<z>; HiZ drive
v0xb28d1c8c0_0 .net "PLLOUTCOREB", 0 0, o0xb2884f170;  0 drivers
o0xb2884f1a0 .functor BUFZ 1, c4<z>; HiZ drive
v0xb28d1c960_0 .net "PLLOUTGLOBALA", 0 0, o0xb2884f1a0;  0 drivers
o0xb2884f1d0 .functor BUFZ 1, c4<z>; HiZ drive
v0xb28d1ca00_0 .net "PLLOUTGLOBALB", 0 0, o0xb2884f1d0;  0 drivers
o0xb2884f200 .functor BUFZ 1, c4<z>; HiZ drive
v0xb28d1caa0_0 .net "REFERENCECLK", 0 0, o0xb2884f200;  0 drivers
o0xb2884f230 .functor BUFZ 1, c4<z>; HiZ drive
v0xb28d1cb40_0 .net "RESETB", 0 0, o0xb2884f230;  0 drivers
o0xb2884f260 .functor BUFZ 1, c4<z>; HiZ drive
v0xb28d1cbe0_0 .net "SCLK", 0 0, o0xb2884f260;  0 drivers
o0xb2884f290 .functor BUFZ 1, c4<z>; HiZ drive
v0xb28d1cc80_0 .net "SDI", 0 0, o0xb2884f290;  0 drivers
o0xb2884f2c0 .functor BUFZ 1, c4<z>; HiZ drive
v0xb28d1cd20_0 .net "SDO", 0 0, o0xb2884f2c0;  0 drivers
S_0xb2925ad00 .scope module, "SB_PLL40_2F_PAD" "SB_PLL40_2F_PAD" 3 2556;
 .timescale -12 -12;
    .port_info 0 /INPUT 1 "PACKAGEPIN";
    .port_info 1 /OUTPUT 1 "PLLOUTCOREA";
    .port_info 2 /OUTPUT 1 "PLLOUTGLOBALA";
    .port_info 3 /OUTPUT 1 "PLLOUTCOREB";
    .port_info 4 /OUTPUT 1 "PLLOUTGLOBALB";
    .port_info 5 /INPUT 1 "EXTFEEDBACK";
    .port_info 6 /INPUT 8 "DYNAMICDELAY";
    .port_info 7 /OUTPUT 1 "LOCK";
    .port_info 8 /INPUT 1 "BYPASS";
    .port_info 9 /INPUT 1 "RESETB";
    .port_info 10 /INPUT 1 "LATCHINPUTVALUE";
    .port_info 11 /OUTPUT 1 "SDO";
    .port_info 12 /INPUT 1 "SDI";
    .port_info 13 /INPUT 1 "SCLK";
P_0x1049959f0 .param/str "DELAY_ADJUSTMENT_MODE_FEEDBACK" 0 3 2573, "FIXED";
P_0x104995a30 .param/str "DELAY_ADJUSTMENT_MODE_RELATIVE" 0 3 2574, "FIXED";
P_0x104995a70 .param/l "DIVF" 0 3 2581, C4<0000000>;
P_0x104995ab0 .param/l "DIVQ" 0 3 2582, C4<000>;
P_0x104995af0 .param/l "DIVR" 0 3 2580, C4<0000>;
P_0x104995b30 .param/l "ENABLE_ICEGATE_PORTA" 0 3 2584, C4<0>;
P_0x104995b70 .param/l "ENABLE_ICEGATE_PORTB" 0 3 2585, C4<0>;
P_0x104995bb0 .param/l "EXTERNAL_DIVIDE_FACTOR" 0 3 2587, +C4<00000000000000000000000000000001>;
P_0x104995bf0 .param/l "FDA_FEEDBACK" 0 3 2576, C4<0000>;
P_0x104995c30 .param/l "FDA_RELATIVE" 0 3 2577, C4<0000>;
P_0x104995c70 .param/str "FEEDBACK_PATH" 0 3 2572, "SIMPLE";
P_0x104995cb0 .param/l "FILTER_RANGE" 0 3 2583, C4<000>;
P_0x104995cf0 .param/str "PLLOUT_SELECT_PORTA" 0 3 2578, "GENCLK";
P_0x104995d30 .param/str "PLLOUT_SELECT_PORTB" 0 3 2579, "GENCLK";
P_0x104995d70 .param/l "SHIFTREG_DIV_MODE" 0 3 2575, C4<00>;
P_0x104995db0 .param/l "TEST_MODE" 0 3 2586, C4<0>;
o0xb2884f590 .functor BUFZ 1, c4<z>; HiZ drive
v0xb28d1cdc0_0 .net "BYPASS", 0 0, o0xb2884f590;  0 drivers
o0xb2884f5c0 .functor BUFZ 8, c4<zzzzzzzz>; HiZ drive
v0xb28d1ce60_0 .net "DYNAMICDELAY", 7 0, o0xb2884f5c0;  0 drivers
o0xb2884f5f0 .functor BUFZ 1, c4<z>; HiZ drive
v0xb28d1cf00_0 .net "EXTFEEDBACK", 0 0, o0xb2884f5f0;  0 drivers
o0xb2884f620 .functor BUFZ 1, c4<z>; HiZ drive
v0xb28d1cfa0_0 .net "LATCHINPUTVALUE", 0 0, o0xb2884f620;  0 drivers
o0xb2884f650 .functor BUFZ 1, c4<z>; HiZ drive
v0xb28d1d040_0 .net "LOCK", 0 0, o0xb2884f650;  0 drivers
o0xb2884f680 .functor BUFZ 1, c4<z>; HiZ drive
v0xb28d1d0e0_0 .net "PACKAGEPIN", 0 0, o0xb2884f680;  0 drivers
o0xb2884f6b0 .functor BUFZ 1, c4<z>; HiZ drive
v0xb28d1d180_0 .net "PLLOUTCOREA", 0 0, o0xb2884f6b0;  0 drivers
o0xb2884f6e0 .functor BUFZ 1, c4<z>; HiZ drive
v0xb28d1d220_0 .net "PLLOUTCOREB", 0 0, o0xb2884f6e0;  0 drivers
o0xb2884f710 .functor BUFZ 1, c4<z>; HiZ drive
v0xb28d1d2c0_0 .net "PLLOUTGLOBALA", 0 0, o0xb2884f710;  0 drivers
o0xb2884f740 .functor BUFZ 1, c4<z>; HiZ drive
v0xb28d1d360_0 .net "PLLOUTGLOBALB", 0 0, o0xb2884f740;  0 drivers
o0xb2884f770 .functor BUFZ 1, c4<z>; HiZ drive
v0xb28d1d400_0 .net "RESETB", 0 0, o0xb2884f770;  0 drivers
o0xb2884f7a0 .functor BUFZ 1, c4<z>; HiZ drive
v0xb28d1d4a0_0 .net "SCLK", 0 0, o0xb2884f7a0;  0 drivers
o0xb2884f7d0 .functor BUFZ 1, c4<z>; HiZ drive
v0xb28d1d540_0 .net "SDI", 0 0, o0xb2884f7d0;  0 drivers
o0xb2884f800 .functor BUFZ 1, c4<z>; HiZ drive
v0xb28d1d5e0_0 .net "SDO", 0 0, o0xb2884f800;  0 drivers
S_0xb2925ae80 .scope module, "SB_PLL40_2_PAD" "SB_PLL40_2_PAD" 3 2487;
 .timescale -12 -12;
    .port_info 0 /INPUT 1 "PACKAGEPIN";
    .port_info 1 /OUTPUT 1 "PLLOUTCOREA";
    .port_info 2 /OUTPUT 1 "PLLOUTGLOBALA";
    .port_info 3 /OUTPUT 1 "PLLOUTCOREB";
    .port_info 4 /OUTPUT 1 "PLLOUTGLOBALB";
    .port_info 5 /INPUT 1 "EXTFEEDBACK";
    .port_info 6 /INPUT 8 "DYNAMICDELAY";
    .port_info 7 /OUTPUT 1 "LOCK";
    .port_info 8 /INPUT 1 "BYPASS";
    .port_info 9 /INPUT 1 "RESETB";
    .port_info 10 /INPUT 1 "LATCHINPUTVALUE";
    .port_info 11 /OUTPUT 1 "SDO";
    .port_info 12 /INPUT 1 "SDI";
    .port_info 13 /INPUT 1 "SCLK";
P_0x104998170 .param/str "DELAY_ADJUSTMENT_MODE_FEEDBACK" 0 3 2504, "FIXED";
P_0x1049981b0 .param/str "DELAY_ADJUSTMENT_MODE_RELATIVE" 0 3 2505, "FIXED";
P_0x1049981f0 .param/l "DIVF" 0 3 2511, C4<0000000>;
P_0x104998230 .param/l "DIVQ" 0 3 2512, C4<000>;
P_0x104998270 .param/l "DIVR" 0 3 2510, C4<0000>;
P_0x1049982b0 .param/l "ENABLE_ICEGATE_PORTA" 0 3 2514, C4<0>;
P_0x1049982f0 .param/l "ENABLE_ICEGATE_PORTB" 0 3 2515, C4<0>;
P_0x104998330 .param/l "EXTERNAL_DIVIDE_FACTOR" 0 3 2517, +C4<00000000000000000000000000000001>;
P_0x104998370 .param/l "FDA_FEEDBACK" 0 3 2507, C4<0000>;
P_0x1049983b0 .param/l "FDA_RELATIVE" 0 3 2508, C4<0000>;
P_0x1049983f0 .param/str "FEEDBACK_PATH" 0 3 2503, "SIMPLE";
P_0x104998430 .param/l "FILTER_RANGE" 0 3 2513, C4<000>;
P_0x104998470 .param/str "PLLOUT_SELECT_PORTB" 0 3 2509, "GENCLK";
P_0x1049984b0 .param/l "SHIFTREG_DIV_MODE" 0 3 2506, C4<0>;
P_0x1049984f0 .param/l "TEST_MODE" 0 3 2516, C4<0>;
o0xb2884fad0 .functor BUFZ 1, c4<z>; HiZ drive
v0xb28d1d680_0 .net "BYPASS", 0 0, o0xb2884fad0;  0 drivers
o0xb2884fb00 .functor BUFZ 8, c4<zzzzzzzz>; HiZ drive
v0xb28d1d720_0 .net "DYNAMICDELAY", 7 0, o0xb2884fb00;  0 drivers
o0xb2884fb30 .functor BUFZ 1, c4<z>; HiZ drive
v0xb28d1d7c0_0 .net "EXTFEEDBACK", 0 0, o0xb2884fb30;  0 drivers
o0xb2884fb60 .functor BUFZ 1, c4<z>; HiZ drive
v0xb28d1d860_0 .net "LATCHINPUTVALUE", 0 0, o0xb2884fb60;  0 drivers
o0xb2884fb90 .functor BUFZ 1, c4<z>; HiZ drive
v0xb28d1d900_0 .net "LOCK", 0 0, o0xb2884fb90;  0 drivers
o0xb2884fbc0 .functor BUFZ 1, c4<z>; HiZ drive
v0xb28d1d9a0_0 .net "PACKAGEPIN", 0 0, o0xb2884fbc0;  0 drivers
o0xb2884fbf0 .functor BUFZ 1, c4<z>; HiZ drive
v0xb28d1da40_0 .net "PLLOUTCOREA", 0 0, o0xb2884fbf0;  0 drivers
o0xb2884fc20 .functor BUFZ 1, c4<z>; HiZ drive
v0xb28d1dae0_0 .net "PLLOUTCOREB", 0 0, o0xb2884fc20;  0 drivers
o0xb2884fc50 .functor BUFZ 1, c4<z>; HiZ drive
v0xb28d1db80_0 .net "PLLOUTGLOBALA", 0 0, o0xb2884fc50;  0 drivers
o0xb2884fc80 .functor BUFZ 1, c4<z>; HiZ drive
v0xb28d1dc20_0 .net "PLLOUTGLOBALB", 0 0, o0xb2884fc80;  0 drivers
o0xb2884fcb0 .functor BUFZ 1, c4<z>; HiZ drive
v0xb28d1dcc0_0 .net "RESETB", 0 0, o0xb2884fcb0;  0 drivers
o0xb2884fce0 .functor BUFZ 1, c4<z>; HiZ drive
v0xb28d1dd60_0 .net "SCLK", 0 0, o0xb2884fce0;  0 drivers
o0xb2884fd10 .functor BUFZ 1, c4<z>; HiZ drive
v0xb28d1de00_0 .net "SDI", 0 0, o0xb2884fd10;  0 drivers
o0xb2884fd40 .functor BUFZ 1, c4<z>; HiZ drive
v0xb28d1dea0_0 .net "SDO", 0 0, o0xb2884fd40;  0 drivers
S_0xb2925b000 .scope module, "SB_PLL40_CORE" "SB_PLL40_CORE" 3 2425;
 .timescale -12 -12;
    .port_info 0 /INPUT 1 "REFERENCECLK";
    .port_info 1 /OUTPUT 1 "PLLOUTCORE";
    .port_info 2 /OUTPUT 1 "PLLOUTGLOBAL";
    .port_info 3 /INPUT 1 "EXTFEEDBACK";
    .port_info 4 /INPUT 8 "DYNAMICDELAY";
    .port_info 5 /OUTPUT 1 "LOCK";
    .port_info 6 /INPUT 1 "BYPASS";
    .port_info 7 /INPUT 1 "RESETB";
    .port_info 8 /INPUT 1 "LATCHINPUTVALUE";
    .port_info 9 /OUTPUT 1 "SDO";
    .port_info 10 /INPUT 1 "SDI";
    .port_info 11 /INPUT 1 "SCLK";
P_0x104998570 .param/str "DELAY_ADJUSTMENT_MODE_FEEDBACK" 0 3 2440, "FIXED";
P_0x1049985b0 .param/str "DELAY_ADJUSTMENT_MODE_RELATIVE" 0 3 2441, "FIXED";
P_0x1049985f0 .param/l "DIVF" 0 3 2447, C4<0000000>;
P_0x104998630 .param/l "DIVQ" 0 3 2448, C4<000>;
P_0x104998670 .param/l "DIVR" 0 3 2446, C4<0000>;
P_0x1049986b0 .param/l "ENABLE_ICEGATE" 0 3 2450, C4<0>;
P_0x1049986f0 .param/l "EXTERNAL_DIVIDE_FACTOR" 0 3 2452, +C4<00000000000000000000000000000001>;
P_0x104998730 .param/l "FDA_FEEDBACK" 0 3 2443, C4<0000>;
P_0x104998770 .param/l "FDA_RELATIVE" 0 3 2444, C4<0000>;
P_0x1049987b0 .param/str "FEEDBACK_PATH" 0 3 2439, "SIMPLE";
P_0x1049987f0 .param/l "FILTER_RANGE" 0 3 2449, C4<000>;
P_0x104998830 .param/str "PLLOUT_SELECT" 0 3 2445, "GENCLK";
P_0x104998870 .param/l "SHIFTREG_DIV_MODE" 0 3 2442, C4<0>;
P_0x1049988b0 .param/l "TEST_MODE" 0 3 2451, C4<0>;
o0xb28850010 .functor BUFZ 1, c4<z>; HiZ drive
v0xb28d1df40_0 .net "BYPASS", 0 0, o0xb28850010;  0 drivers
o0xb28850040 .functor BUFZ 8, c4<zzzzzzzz>; HiZ drive
v0xb28d1dfe0_0 .net "DYNAMICDELAY", 7 0, o0xb28850040;  0 drivers
o0xb28850070 .functor BUFZ 1, c4<z>; HiZ drive
v0xb28d1e080_0 .net "EXTFEEDBACK", 0 0, o0xb28850070;  0 drivers
o0xb288500a0 .functor BUFZ 1, c4<z>; HiZ drive
v0xb28d1e120_0 .net "LATCHINPUTVALUE", 0 0, o0xb288500a0;  0 drivers
o0xb288500d0 .functor BUFZ 1, c4<z>; HiZ drive
v0xb28d1e1c0_0 .net "LOCK", 0 0, o0xb288500d0;  0 drivers
o0xb28850100 .functor BUFZ 1, c4<z>; HiZ drive
v0xb28d1e260_0 .net "PLLOUTCORE", 0 0, o0xb28850100;  0 drivers
o0xb28850130 .functor BUFZ 1, c4<z>; HiZ drive
v0xb28d1e300_0 .net "PLLOUTGLOBAL", 0 0, o0xb28850130;  0 drivers
o0xb28850160 .functor BUFZ 1, c4<z>; HiZ drive
v0xb28d1e3a0_0 .net "REFERENCECLK", 0 0, o0xb28850160;  0 drivers
o0xb28850190 .functor BUFZ 1, c4<z>; HiZ drive
v0xb28d1e440_0 .net "RESETB", 0 0, o0xb28850190;  0 drivers
o0xb288501c0 .functor BUFZ 1, c4<z>; HiZ drive
v0xb28d1e4e0_0 .net "SCLK", 0 0, o0xb288501c0;  0 drivers
o0xb288501f0 .functor BUFZ 1, c4<z>; HiZ drive
v0xb28d1e580_0 .net "SDI", 0 0, o0xb288501f0;  0 drivers
o0xb28850220 .functor BUFZ 1, c4<z>; HiZ drive
v0xb28d1e620_0 .net "SDO", 0 0, o0xb28850220;  0 drivers
S_0xb2925b180 .scope module, "SB_RAM40_4KNR" "SB_RAM40_4KNR" 3 1726;
 .timescale -12 -12;
    .port_info 0 /OUTPUT 16 "RDATA";
    .port_info 1 /INPUT 1 "RCLKN";
    .port_info 2 /INPUT 1 "RCLKE";
    .port_info 3 /INPUT 1 "RE";
    .port_info 4 /INPUT 11 "RADDR";
    .port_info 5 /INPUT 1 "WCLK";
    .port_info 6 /INPUT 1 "WCLKE";
    .port_info 7 /INPUT 1 "WE";
    .port_info 8 /INPUT 11 "WADDR";
    .port_info 9 /INPUT 16 "MASK";
    .port_info 10 /INPUT 16 "WDATA";
P_0xb29055400 .param/l "INIT_0" 0 3 1742, C4<0000000000000000000000000000000000000000000000000000000000000000000000000000000000000000000000000000000000000000000000000000000000000000000000000000000000000000000000000000000000000000000000000000000000000000000000000000000000000000000000000000000000000000>;
P_0xb29055440 .param/l "INIT_1" 0 3 1743, C4<0000000000000000000000000000000000000000000000000000000000000000000000000000000000000000000000000000000000000000000000000000000000000000000000000000000000000000000000000000000000000000000000000000000000000000000000000000000000000000000000000000000000000000>;
P_0xb29055480 .param/l "INIT_2" 0 3 1744, C4<0000000000000000000000000000000000000000000000000000000000000000000000000000000000000000000000000000000000000000000000000000000000000000000000000000000000000000000000000000000000000000000000000000000000000000000000000000000000000000000000000000000000000000>;
P_0xb290554c0 .param/l "INIT_3" 0 3 1745, C4<0000000000000000000000000000000000000000000000000000000000000000000000000000000000000000000000000000000000000000000000000000000000000000000000000000000000000000000000000000000000000000000000000000000000000000000000000000000000000000000000000000000000000000>;
P_0xb29055500 .param/l "INIT_4" 0 3 1746, C4<0000000000000000000000000000000000000000000000000000000000000000000000000000000000000000000000000000000000000000000000000000000000000000000000000000000000000000000000000000000000000000000000000000000000000000000000000000000000000000000000000000000000000000>;
P_0xb29055540 .param/l "INIT_5" 0 3 1747, C4<0000000000000000000000000000000000000000000000000000000000000000000000000000000000000000000000000000000000000000000000000000000000000000000000000000000000000000000000000000000000000000000000000000000000000000000000000000000000000000000000000000000000000000>;
P_0xb29055580 .param/l "INIT_6" 0 3 1748, C4<0000000000000000000000000000000000000000000000000000000000000000000000000000000000000000000000000000000000000000000000000000000000000000000000000000000000000000000000000000000000000000000000000000000000000000000000000000000000000000000000000000000000000000>;
P_0xb290555c0 .param/l "INIT_7" 0 3 1749, C4<0000000000000000000000000000000000000000000000000000000000000000000000000000000000000000000000000000000000000000000000000000000000000000000000000000000000000000000000000000000000000000000000000000000000000000000000000000000000000000000000000000000000000000>;
P_0xb29055600 .param/l "INIT_8" 0 3 1750, C4<0000000000000000000000000000000000000000000000000000000000000000000000000000000000000000000000000000000000000000000000000000000000000000000000000000000000000000000000000000000000000000000000000000000000000000000000000000000000000000000000000000000000000000>;
P_0xb29055640 .param/l "INIT_9" 0 3 1751, C4<0000000000000000000000000000000000000000000000000000000000000000000000000000000000000000000000000000000000000000000000000000000000000000000000000000000000000000000000000000000000000000000000000000000000000000000000000000000000000000000000000000000000000000>;
P_0xb29055680 .param/l "INIT_A" 0 3 1752, C4<0000000000000000000000000000000000000000000000000000000000000000000000000000000000000000000000000000000000000000000000000000000000000000000000000000000000000000000000000000000000000000000000000000000000000000000000000000000000000000000000000000000000000000>;
P_0xb290556c0 .param/l "INIT_B" 0 3 1753, C4<0000000000000000000000000000000000000000000000000000000000000000000000000000000000000000000000000000000000000000000000000000000000000000000000000000000000000000000000000000000000000000000000000000000000000000000000000000000000000000000000000000000000000000>;
P_0xb29055700 .param/l "INIT_C" 0 3 1754, C4<0000000000000000000000000000000000000000000000000000000000000000000000000000000000000000000000000000000000000000000000000000000000000000000000000000000000000000000000000000000000000000000000000000000000000000000000000000000000000000000000000000000000000000>;
P_0xb29055740 .param/l "INIT_D" 0 3 1755, C4<0000000000000000000000000000000000000000000000000000000000000000000000000000000000000000000000000000000000000000000000000000000000000000000000000000000000000000000000000000000000000000000000000000000000000000000000000000000000000000000000000000000000000000>;
P_0xb29055780 .param/l "INIT_E" 0 3 1756, C4<0000000000000000000000000000000000000000000000000000000000000000000000000000000000000000000000000000000000000000000000000000000000000000000000000000000000000000000000000000000000000000000000000000000000000000000000000000000000000000000000000000000000000000>;
P_0xb290557c0 .param/l "INIT_F" 0 3 1757, C4<0000000000000000000000000000000000000000000000000000000000000000000000000000000000000000000000000000000000000000000000000000000000000000000000000000000000000000000000000000000000000000000000000000000000000000000000000000000000000000000000000000000000000000>;
P_0xb29055800 .param/str "INIT_FILE" 0 3 1759, "\000";
P_0xb29055840 .param/l "READ_MODE" 0 3 1740, +C4<00000000000000000000000000000000>;
P_0xb29055880 .param/l "WRITE_MODE" 0 3 1739, +C4<00000000000000000000000000000000>;
o0xb288509a0 .functor BUFZ 1, c4<z>; HiZ drive
L_0xb291f0ee0 .functor NOT 1, o0xb288509a0, C4<0>, C4<0>, C4<0>;
o0xb28850490 .functor BUFZ 16, c4<zzzzzzzzzzzzzzzz>; HiZ drive
v0xb28d1f160_0 .net "MASK", 15 0, o0xb28850490;  0 drivers
o0xb288504c0 .functor BUFZ 11, c4<zzzzzzzzzzz>; HiZ drive
v0xb28d1f200_0 .net "RADDR", 10 0, o0xb288504c0;  0 drivers
o0xb28850520 .functor BUFZ 1, c4<z>; HiZ drive
v0xb28d1f2a0_0 .net "RCLKE", 0 0, o0xb28850520;  0 drivers
v0xb28d1f340_0 .net "RCLKN", 0 0, o0xb288509a0;  0 drivers
v0xb28d1f3e0_0 .net "RDATA", 15 0, L_0xb290db560;  1 drivers
o0xb288505b0 .functor BUFZ 1, c4<z>; HiZ drive
v0xb28d1f480_0 .net "RE", 0 0, o0xb288505b0;  0 drivers
o0xb28850610 .functor BUFZ 11, c4<zzzzzzzzzzz>; HiZ drive
v0xb28d1f520_0 .net "WADDR", 10 0, o0xb28850610;  0 drivers
o0xb28850640 .functor BUFZ 1, c4<z>; HiZ drive
v0xb28d1f5c0_0 .net "WCLK", 0 0, o0xb28850640;  0 drivers
o0xb28850670 .functor BUFZ 1, c4<z>; HiZ drive
v0xb28d1f660_0 .net "WCLKE", 0 0, o0xb28850670;  0 drivers
o0xb288506a0 .functor BUFZ 16, c4<zzzzzzzzzzzzzzzz>; HiZ drive
v0xb28d1f700_0 .net "WDATA", 15 0, o0xb288506a0;  0 drivers
o0xb28850700 .functor BUFZ 1, c4<z>; HiZ drive
v0xb28d1f7a0_0 .net "WE", 0 0, o0xb28850700;  0 drivers
S_0xb28cae880 .scope module, "RAM" "SB_RAM40_4K" 3 1781, 3 1487 0, S_0xb2925b180;
 .timescale -12 -12;
    .port_info 0 /OUTPUT 16 "RDATA";
    .port_info 1 /INPUT 1 "RCLK";
    .port_info 2 /INPUT 1 "RCLKE";
    .port_info 3 /INPUT 1 "RE";
    .port_info 4 /INPUT 11 "RADDR";
    .port_info 5 /INPUT 1 "WCLK";
    .port_info 6 /INPUT 1 "WCLKE";
    .port_info 7 /INPUT 1 "WE";
    .port_info 8 /INPUT 11 "WADDR";
    .port_info 9 /INPUT 16 "MASK";
    .port_info 10 /INPUT 16 "WDATA";
P_0xb29056800 .param/l "INIT_0" 0 3 1507, C4<0000000000000000000000000000000000000000000000000000000000000000000000000000000000000000000000000000000000000000000000000000000000000000000000000000000000000000000000000000000000000000000000000000000000000000000000000000000000000000000000000000000000000000>;
P_0xb29056840 .param/l "INIT_1" 0 3 1508, C4<0000000000000000000000000000000000000000000000000000000000000000000000000000000000000000000000000000000000000000000000000000000000000000000000000000000000000000000000000000000000000000000000000000000000000000000000000000000000000000000000000000000000000000>;
P_0xb29056880 .param/l "INIT_2" 0 3 1509, C4<0000000000000000000000000000000000000000000000000000000000000000000000000000000000000000000000000000000000000000000000000000000000000000000000000000000000000000000000000000000000000000000000000000000000000000000000000000000000000000000000000000000000000000>;
P_0xb290568c0 .param/l "INIT_3" 0 3 1510, C4<0000000000000000000000000000000000000000000000000000000000000000000000000000000000000000000000000000000000000000000000000000000000000000000000000000000000000000000000000000000000000000000000000000000000000000000000000000000000000000000000000000000000000000>;
P_0xb29056900 .param/l "INIT_4" 0 3 1511, C4<0000000000000000000000000000000000000000000000000000000000000000000000000000000000000000000000000000000000000000000000000000000000000000000000000000000000000000000000000000000000000000000000000000000000000000000000000000000000000000000000000000000000000000>;
P_0xb29056940 .param/l "INIT_5" 0 3 1512, C4<0000000000000000000000000000000000000000000000000000000000000000000000000000000000000000000000000000000000000000000000000000000000000000000000000000000000000000000000000000000000000000000000000000000000000000000000000000000000000000000000000000000000000000>;
P_0xb29056980 .param/l "INIT_6" 0 3 1513, C4<0000000000000000000000000000000000000000000000000000000000000000000000000000000000000000000000000000000000000000000000000000000000000000000000000000000000000000000000000000000000000000000000000000000000000000000000000000000000000000000000000000000000000000>;
P_0xb290569c0 .param/l "INIT_7" 0 3 1514, C4<0000000000000000000000000000000000000000000000000000000000000000000000000000000000000000000000000000000000000000000000000000000000000000000000000000000000000000000000000000000000000000000000000000000000000000000000000000000000000000000000000000000000000000>;
P_0xb29056a00 .param/l "INIT_8" 0 3 1515, C4<0000000000000000000000000000000000000000000000000000000000000000000000000000000000000000000000000000000000000000000000000000000000000000000000000000000000000000000000000000000000000000000000000000000000000000000000000000000000000000000000000000000000000000>;
P_0xb29056a40 .param/l "INIT_9" 0 3 1516, C4<0000000000000000000000000000000000000000000000000000000000000000000000000000000000000000000000000000000000000000000000000000000000000000000000000000000000000000000000000000000000000000000000000000000000000000000000000000000000000000000000000000000000000000>;
P_0xb29056a80 .param/l "INIT_A" 0 3 1517, C4<0000000000000000000000000000000000000000000000000000000000000000000000000000000000000000000000000000000000000000000000000000000000000000000000000000000000000000000000000000000000000000000000000000000000000000000000000000000000000000000000000000000000000000>;
P_0xb29056ac0 .param/l "INIT_B" 0 3 1518, C4<0000000000000000000000000000000000000000000000000000000000000000000000000000000000000000000000000000000000000000000000000000000000000000000000000000000000000000000000000000000000000000000000000000000000000000000000000000000000000000000000000000000000000000>;
P_0xb29056b00 .param/l "INIT_C" 0 3 1519, C4<0000000000000000000000000000000000000000000000000000000000000000000000000000000000000000000000000000000000000000000000000000000000000000000000000000000000000000000000000000000000000000000000000000000000000000000000000000000000000000000000000000000000000000>;
P_0xb29056b40 .param/l "INIT_D" 0 3 1520, C4<0000000000000000000000000000000000000000000000000000000000000000000000000000000000000000000000000000000000000000000000000000000000000000000000000000000000000000000000000000000000000000000000000000000000000000000000000000000000000000000000000000000000000000>;
P_0xb29056b80 .param/l "INIT_E" 0 3 1521, C4<0000000000000000000000000000000000000000000000000000000000000000000000000000000000000000000000000000000000000000000000000000000000000000000000000000000000000000000000000000000000000000000000000000000000000000000000000000000000000000000000000000000000000000>;
P_0xb29056bc0 .param/l "INIT_F" 0 3 1522, C4<0000000000000000000000000000000000000000000000000000000000000000000000000000000000000000000000000000000000000000000000000000000000000000000000000000000000000000000000000000000000000000000000000000000000000000000000000000000000000000000000000000000000000000>;
P_0xb29056c00 .param/str "INIT_FILE" 0 3 1524, "\000";
P_0xb29056c40 .param/l "READ_MODE" 0 3 1505, +C4<00000000000000000000000000000000>;
P_0xb29056c80 .param/l "WRITE_MODE" 0 3 1504, +C4<00000000000000000000000000000000>;
v0xb28d1e6c0_0 .net "MASK", 15 0, o0xb28850490;  alias, 0 drivers
v0xb28d1e760_0 .net "RADDR", 10 0, o0xb288504c0;  alias, 0 drivers
v0xb28d1e800_0 .net "RCLK", 0 0, L_0xb291f0ee0;  1 drivers
v0xb28d1e8a0_0 .net "RCLKE", 0 0, o0xb28850520;  alias, 0 drivers
v0xb28d1e940_0 .net "RDATA", 15 0, L_0xb290db560;  alias, 1 drivers
v0xb28d1e9e0_0 .var "RDATA_I", 15 0;
v0xb28d1ea80_0 .net "RE", 0 0, o0xb288505b0;  alias, 0 drivers
L_0xb28878b08 .functor BUFT 1, C4<0000000000000000>, C4<0>, C4<0>, C4<0>;
v0xb28d1eb20_0 .net "RMASK_I", 15 0, L_0xb28878b08;  1 drivers
v0xb28d1ebc0_0 .net "WADDR", 10 0, o0xb28850610;  alias, 0 drivers
v0xb28d1ec60_0 .net "WCLK", 0 0, o0xb28850640;  alias, 0 drivers
v0xb28d1ed00_0 .net "WCLKE", 0 0, o0xb28850670;  alias, 0 drivers
v0xb28d1eda0_0 .net "WDATA", 15 0, o0xb288506a0;  alias, 0 drivers
v0xb28d1ee40_0 .net "WDATA_I", 15 0, L_0xb290db4f0;  1 drivers
v0xb28d1eee0_0 .net "WE", 0 0, o0xb28850700;  alias, 0 drivers
v0xb28d1ef80_0 .net "WMASK_I", 15 0, L_0xb290db480;  1 drivers
v0xb28d1f020_0 .var/i "i", 31 0;
v0xb28d1f0c0 .array "memory", 255 0, 15 0;
E_0xb29274700 .event posedge, v0xb28d1e800_0;
E_0xb29274740 .event posedge, v0xb28d1ec60_0;
S_0xb28caeb80 .scope generate, "genblk1" "genblk1" 3 1534, 3 1534 0, S_0xb28cae880;
 .timescale -12 -12;
L_0xb290db480 .functor BUFZ 16, o0xb28850490, C4<0000000000000000>, C4<0000000000000000>, C4<0000000000000000>;
S_0xb28caed00 .scope generate, "genblk2" "genblk2" 3 1555, 3 1555 0, S_0xb28cae880;
 .timescale -12 -12;
S_0xb28caee80 .scope generate, "genblk3" "genblk3" 3 1576, 3 1576 0, S_0xb28cae880;
 .timescale -12 -12;
L_0xb290db4f0 .functor BUFZ 16, o0xb288506a0, C4<0000000000000000>, C4<0000000000000000>, C4<0000000000000000>;
S_0xb28caf000 .scope generate, "genblk4" "genblk4" 3 1595, 3 1595 0, S_0xb28cae880;
 .timescale -12 -12;
L_0xb290db560 .functor BUFZ 16, v0xb28d1e9e0_0, C4<0000000000000000>, C4<0000000000000000>, C4<0000000000000000>;
S_0xb2925b300 .scope module, "SB_RAM40_4KNRNW" "SB_RAM40_4KNRNW" 3 1998;
 .timescale -12 -12;
    .port_info 0 /OUTPUT 16 "RDATA";
    .port_info 1 /INPUT 1 "RCLKN";
    .port_info 2 /INPUT 1 "RCLKE";
    .port_info 3 /INPUT 1 "RE";
    .port_info 4 /INPUT 11 "RADDR";
    .port_info 5 /INPUT 1 "WCLKN";
    .port_info 6 /INPUT 1 "WCLKE";
    .port_info 7 /INPUT 1 "WE";
    .port_info 8 /INPUT 11 "WADDR";
    .port_info 9 /INPUT 16 "MASK";
    .port_info 10 /INPUT 16 "WDATA";
P_0xb29055900 .param/l "INIT_0" 0 3 2014, C4<0000000000000000000000000000000000000000000000000000000000000000000000000000000000000000000000000000000000000000000000000000000000000000000000000000000000000000000000000000000000000000000000000000000000000000000000000000000000000000000000000000000000000000>;
P_0xb29055940 .param/l "INIT_1" 0 3 2015, C4<0000000000000000000000000000000000000000000000000000000000000000000000000000000000000000000000000000000000000000000000000000000000000000000000000000000000000000000000000000000000000000000000000000000000000000000000000000000000000000000000000000000000000000>;
P_0xb29055980 .param/l "INIT_2" 0 3 2016, C4<0000000000000000000000000000000000000000000000000000000000000000000000000000000000000000000000000000000000000000000000000000000000000000000000000000000000000000000000000000000000000000000000000000000000000000000000000000000000000000000000000000000000000000>;
P_0xb290559c0 .param/l "INIT_3" 0 3 2017, C4<0000000000000000000000000000000000000000000000000000000000000000000000000000000000000000000000000000000000000000000000000000000000000000000000000000000000000000000000000000000000000000000000000000000000000000000000000000000000000000000000000000000000000000>;
P_0xb29055a00 .param/l "INIT_4" 0 3 2018, C4<0000000000000000000000000000000000000000000000000000000000000000000000000000000000000000000000000000000000000000000000000000000000000000000000000000000000000000000000000000000000000000000000000000000000000000000000000000000000000000000000000000000000000000>;
P_0xb29055a40 .param/l "INIT_5" 0 3 2019, C4<0000000000000000000000000000000000000000000000000000000000000000000000000000000000000000000000000000000000000000000000000000000000000000000000000000000000000000000000000000000000000000000000000000000000000000000000000000000000000000000000000000000000000000>;
P_0xb29055a80 .param/l "INIT_6" 0 3 2020, C4<0000000000000000000000000000000000000000000000000000000000000000000000000000000000000000000000000000000000000000000000000000000000000000000000000000000000000000000000000000000000000000000000000000000000000000000000000000000000000000000000000000000000000000>;
P_0xb29055ac0 .param/l "INIT_7" 0 3 2021, C4<0000000000000000000000000000000000000000000000000000000000000000000000000000000000000000000000000000000000000000000000000000000000000000000000000000000000000000000000000000000000000000000000000000000000000000000000000000000000000000000000000000000000000000>;
P_0xb29055b00 .param/l "INIT_8" 0 3 2022, C4<0000000000000000000000000000000000000000000000000000000000000000000000000000000000000000000000000000000000000000000000000000000000000000000000000000000000000000000000000000000000000000000000000000000000000000000000000000000000000000000000000000000000000000>;
P_0xb29055b40 .param/l "INIT_9" 0 3 2023, C4<0000000000000000000000000000000000000000000000000000000000000000000000000000000000000000000000000000000000000000000000000000000000000000000000000000000000000000000000000000000000000000000000000000000000000000000000000000000000000000000000000000000000000000>;
P_0xb29055b80 .param/l "INIT_A" 0 3 2024, C4<0000000000000000000000000000000000000000000000000000000000000000000000000000000000000000000000000000000000000000000000000000000000000000000000000000000000000000000000000000000000000000000000000000000000000000000000000000000000000000000000000000000000000000>;
P_0xb29055bc0 .param/l "INIT_B" 0 3 2025, C4<0000000000000000000000000000000000000000000000000000000000000000000000000000000000000000000000000000000000000000000000000000000000000000000000000000000000000000000000000000000000000000000000000000000000000000000000000000000000000000000000000000000000000000>;
P_0xb29055c00 .param/l "INIT_C" 0 3 2026, C4<0000000000000000000000000000000000000000000000000000000000000000000000000000000000000000000000000000000000000000000000000000000000000000000000000000000000000000000000000000000000000000000000000000000000000000000000000000000000000000000000000000000000000000>;
P_0xb29055c40 .param/l "INIT_D" 0 3 2027, C4<0000000000000000000000000000000000000000000000000000000000000000000000000000000000000000000000000000000000000000000000000000000000000000000000000000000000000000000000000000000000000000000000000000000000000000000000000000000000000000000000000000000000000000>;
P_0xb29055c80 .param/l "INIT_E" 0 3 2028, C4<0000000000000000000000000000000000000000000000000000000000000000000000000000000000000000000000000000000000000000000000000000000000000000000000000000000000000000000000000000000000000000000000000000000000000000000000000000000000000000000000000000000000000000>;
P_0xb29055cc0 .param/l "INIT_F" 0 3 2029, C4<0000000000000000000000000000000000000000000000000000000000000000000000000000000000000000000000000000000000000000000000000000000000000000000000000000000000000000000000000000000000000000000000000000000000000000000000000000000000000000000000000000000000000000>;
P_0xb29055d00 .param/str "INIT_FILE" 0 3 2031, "\000";
P_0xb29055d40 .param/l "READ_MODE" 0 3 2012, +C4<00000000000000000000000000000000>;
P_0xb29055d80 .param/l "WRITE_MODE" 0 3 2011, +C4<00000000000000000000000000000000>;
o0xb288510f0 .functor BUFZ 1, c4<z>; HiZ drive
L_0xb291f0f50 .functor NOT 1, o0xb288510f0, C4<0>, C4<0>, C4<0>;
o0xb28851120 .functor BUFZ 1, c4<z>; HiZ drive
L_0xb291f0fc0 .functor NOT 1, o0xb28851120, C4<0>, C4<0>, C4<0>;
o0xb28850be0 .functor BUFZ 16, c4<zzzzzzzzzzzzzzzz>; HiZ drive
v0xb28d20320_0 .net "MASK", 15 0, o0xb28850be0;  0 drivers
o0xb28850c10 .functor BUFZ 11, c4<zzzzzzzzzzz>; HiZ drive
v0xb28d203c0_0 .net "RADDR", 10 0, o0xb28850c10;  0 drivers
o0xb28850c70 .functor BUFZ 1, c4<z>; HiZ drive
v0xb28d20460_0 .net "RCLKE", 0 0, o0xb28850c70;  0 drivers
v0xb28d20500_0 .net "RCLKN", 0 0, o0xb288510f0;  0 drivers
v0xb28d205a0_0 .net "RDATA", 15 0, L_0xb290db6b0;  1 drivers
o0xb28850d00 .functor BUFZ 1, c4<z>; HiZ drive
v0xb28d20640_0 .net "RE", 0 0, o0xb28850d00;  0 drivers
o0xb28850d60 .functor BUFZ 11, c4<zzzzzzzzzzz>; HiZ drive
v0xb28d206e0_0 .net "WADDR", 10 0, o0xb28850d60;  0 drivers
o0xb28850dc0 .functor BUFZ 1, c4<z>; HiZ drive
v0xb28d20780_0 .net "WCLKE", 0 0, o0xb28850dc0;  0 drivers
v0xb28d20820_0 .net "WCLKN", 0 0, o0xb28851120;  0 drivers
o0xb28850df0 .functor BUFZ 16, c4<zzzzzzzzzzzzzzzz>; HiZ drive
v0xb28d208c0_0 .net "WDATA", 15 0, o0xb28850df0;  0 drivers
o0xb28850e50 .functor BUFZ 1, c4<z>; HiZ drive
v0xb28d20960_0 .net "WE", 0 0, o0xb28850e50;  0 drivers
S_0xb28caf180 .scope module, "RAM" "SB_RAM40_4K" 3 2053, 3 1487 0, S_0xb2925b300;
 .timescale -12 -12;
    .port_info 0 /OUTPUT 16 "RDATA";
    .port_info 1 /INPUT 1 "RCLK";
    .port_info 2 /INPUT 1 "RCLKE";
    .port_info 3 /INPUT 1 "RE";
    .port_info 4 /INPUT 11 "RADDR";
    .port_info 5 /INPUT 1 "WCLK";
    .port_info 6 /INPUT 1 "WCLKE";
    .port_info 7 /INPUT 1 "WE";
    .port_info 8 /INPUT 11 "WADDR";
    .port_info 9 /INPUT 16 "MASK";
    .port_info 10 /INPUT 16 "WDATA";
P_0xb29056d00 .param/l "INIT_0" 0 3 1507, C4<0000000000000000000000000000000000000000000000000000000000000000000000000000000000000000000000000000000000000000000000000000000000000000000000000000000000000000000000000000000000000000000000000000000000000000000000000000000000000000000000000000000000000000>;
P_0xb29056d40 .param/l "INIT_1" 0 3 1508, C4<0000000000000000000000000000000000000000000000000000000000000000000000000000000000000000000000000000000000000000000000000000000000000000000000000000000000000000000000000000000000000000000000000000000000000000000000000000000000000000000000000000000000000000>;
P_0xb29056d80 .param/l "INIT_2" 0 3 1509, C4<0000000000000000000000000000000000000000000000000000000000000000000000000000000000000000000000000000000000000000000000000000000000000000000000000000000000000000000000000000000000000000000000000000000000000000000000000000000000000000000000000000000000000000>;
P_0xb29056dc0 .param/l "INIT_3" 0 3 1510, C4<0000000000000000000000000000000000000000000000000000000000000000000000000000000000000000000000000000000000000000000000000000000000000000000000000000000000000000000000000000000000000000000000000000000000000000000000000000000000000000000000000000000000000000>;
P_0xb29056e00 .param/l "INIT_4" 0 3 1511, C4<0000000000000000000000000000000000000000000000000000000000000000000000000000000000000000000000000000000000000000000000000000000000000000000000000000000000000000000000000000000000000000000000000000000000000000000000000000000000000000000000000000000000000000>;
P_0xb29056e40 .param/l "INIT_5" 0 3 1512, C4<0000000000000000000000000000000000000000000000000000000000000000000000000000000000000000000000000000000000000000000000000000000000000000000000000000000000000000000000000000000000000000000000000000000000000000000000000000000000000000000000000000000000000000>;
P_0xb29056e80 .param/l "INIT_6" 0 3 1513, C4<0000000000000000000000000000000000000000000000000000000000000000000000000000000000000000000000000000000000000000000000000000000000000000000000000000000000000000000000000000000000000000000000000000000000000000000000000000000000000000000000000000000000000000>;
P_0xb29056ec0 .param/l "INIT_7" 0 3 1514, C4<0000000000000000000000000000000000000000000000000000000000000000000000000000000000000000000000000000000000000000000000000000000000000000000000000000000000000000000000000000000000000000000000000000000000000000000000000000000000000000000000000000000000000000>;
P_0xb29056f00 .param/l "INIT_8" 0 3 1515, C4<0000000000000000000000000000000000000000000000000000000000000000000000000000000000000000000000000000000000000000000000000000000000000000000000000000000000000000000000000000000000000000000000000000000000000000000000000000000000000000000000000000000000000000>;
P_0xb29056f40 .param/l "INIT_9" 0 3 1516, C4<0000000000000000000000000000000000000000000000000000000000000000000000000000000000000000000000000000000000000000000000000000000000000000000000000000000000000000000000000000000000000000000000000000000000000000000000000000000000000000000000000000000000000000>;
P_0xb29056f80 .param/l "INIT_A" 0 3 1517, C4<0000000000000000000000000000000000000000000000000000000000000000000000000000000000000000000000000000000000000000000000000000000000000000000000000000000000000000000000000000000000000000000000000000000000000000000000000000000000000000000000000000000000000000>;
P_0xb29056fc0 .param/l "INIT_B" 0 3 1518, C4<0000000000000000000000000000000000000000000000000000000000000000000000000000000000000000000000000000000000000000000000000000000000000000000000000000000000000000000000000000000000000000000000000000000000000000000000000000000000000000000000000000000000000000>;
P_0xb29057000 .param/l "INIT_C" 0 3 1519, C4<0000000000000000000000000000000000000000000000000000000000000000000000000000000000000000000000000000000000000000000000000000000000000000000000000000000000000000000000000000000000000000000000000000000000000000000000000000000000000000000000000000000000000000>;
P_0xb29057040 .param/l "INIT_D" 0 3 1520, C4<0000000000000000000000000000000000000000000000000000000000000000000000000000000000000000000000000000000000000000000000000000000000000000000000000000000000000000000000000000000000000000000000000000000000000000000000000000000000000000000000000000000000000000>;
P_0xb29057080 .param/l "INIT_E" 0 3 1521, C4<0000000000000000000000000000000000000000000000000000000000000000000000000000000000000000000000000000000000000000000000000000000000000000000000000000000000000000000000000000000000000000000000000000000000000000000000000000000000000000000000000000000000000000>;
P_0xb290570c0 .param/l "INIT_F" 0 3 1522, C4<0000000000000000000000000000000000000000000000000000000000000000000000000000000000000000000000000000000000000000000000000000000000000000000000000000000000000000000000000000000000000000000000000000000000000000000000000000000000000000000000000000000000000000>;
P_0xb29057100 .param/str "INIT_FILE" 0 3 1524, "\000";
P_0xb29057140 .param/l "READ_MODE" 0 3 1505, +C4<00000000000000000000000000000000>;
P_0xb29057180 .param/l "WRITE_MODE" 0 3 1504, +C4<00000000000000000000000000000000>;
v0xb28d1f840_0 .net "MASK", 15 0, o0xb28850be0;  alias, 0 drivers
v0xb28d1f8e0_0 .net "RADDR", 10 0, o0xb28850c10;  alias, 0 drivers
v0xb28d1f980_0 .net "RCLK", 0 0, L_0xb291f0f50;  1 drivers
v0xb28d1fa20_0 .net "RCLKE", 0 0, o0xb28850c70;  alias, 0 drivers
v0xb28d1fac0_0 .net "RDATA", 15 0, L_0xb290db6b0;  alias, 1 drivers
v0xb28d1fb60_0 .var "RDATA_I", 15 0;
v0xb28d1fc00_0 .net "RE", 0 0, o0xb28850d00;  alias, 0 drivers
L_0xb28878b50 .functor BUFT 1, C4<0000000000000000>, C4<0>, C4<0>, C4<0>;
v0xb28d1fca0_0 .net "RMASK_I", 15 0, L_0xb28878b50;  1 drivers
v0xb28d1fd40_0 .net "WADDR", 10 0, o0xb28850d60;  alias, 0 drivers
v0xb28d1fde0_0 .net "WCLK", 0 0, L_0xb291f0fc0;  1 drivers
v0xb28d1fe80_0 .net "WCLKE", 0 0, o0xb28850dc0;  alias, 0 drivers
v0xb28d1ff20_0 .net "WDATA", 15 0, o0xb28850df0;  alias, 0 drivers
v0xb28d20000_0 .net "WDATA_I", 15 0, L_0xb290db640;  1 drivers
v0xb28d200a0_0 .net "WE", 0 0, o0xb28850e50;  alias, 0 drivers
v0xb28d20140_0 .net "WMASK_I", 15 0, L_0xb290db5d0;  1 drivers
v0xb28d201e0_0 .var/i "i", 31 0;
v0xb28d20280 .array "memory", 255 0, 15 0;
E_0xb29274780 .event posedge, v0xb28d1f980_0;
E_0xb292747c0 .event posedge, v0xb28d1fde0_0;
S_0xb28caf480 .scope generate, "genblk1" "genblk1" 3 1534, 3 1534 0, S_0xb28caf180;
 .timescale -12 -12;
L_0xb290db5d0 .functor BUFZ 16, o0xb28850be0, C4<0000000000000000>, C4<0000000000000000>, C4<0000000000000000>;
S_0xb28caf600 .scope generate, "genblk2" "genblk2" 3 1555, 3 1555 0, S_0xb28caf180;
 .timescale -12 -12;
S_0xb28caf780 .scope generate, "genblk3" "genblk3" 3 1576, 3 1576 0, S_0xb28caf180;
 .timescale -12 -12;
L_0xb290db640 .functor BUFZ 16, o0xb28850df0, C4<0000000000000000>, C4<0000000000000000>, C4<0000000000000000>;
S_0xb28caf900 .scope generate, "genblk4" "genblk4" 3 1595, 3 1595 0, S_0xb28caf180;
 .timescale -12 -12;
L_0xb290db6b0 .functor BUFZ 16, v0xb28d1fb60_0, C4<0000000000000000>, C4<0000000000000000>, C4<0000000000000000>;
S_0xb2925b480 .scope module, "SB_RAM40_4KNW" "SB_RAM40_4KNW" 3 1862;
 .timescale -12 -12;
    .port_info 0 /OUTPUT 16 "RDATA";
    .port_info 1 /INPUT 1 "RCLK";
    .port_info 2 /INPUT 1 "RCLKE";
    .port_info 3 /INPUT 1 "RE";
    .port_info 4 /INPUT 11 "RADDR";
    .port_info 5 /INPUT 1 "WCLKN";
    .port_info 6 /INPUT 1 "WCLKE";
    .port_info 7 /INPUT 1 "WE";
    .port_info 8 /INPUT 11 "WADDR";
    .port_info 9 /INPUT 16 "MASK";
    .port_info 10 /INPUT 16 "WDATA";
P_0xb29055e00 .param/l "INIT_0" 0 3 1878, C4<0000000000000000000000000000000000000000000000000000000000000000000000000000000000000000000000000000000000000000000000000000000000000000000000000000000000000000000000000000000000000000000000000000000000000000000000000000000000000000000000000000000000000000>;
P_0xb29055e40 .param/l "INIT_1" 0 3 1879, C4<0000000000000000000000000000000000000000000000000000000000000000000000000000000000000000000000000000000000000000000000000000000000000000000000000000000000000000000000000000000000000000000000000000000000000000000000000000000000000000000000000000000000000000>;
P_0xb29055e80 .param/l "INIT_2" 0 3 1880, C4<0000000000000000000000000000000000000000000000000000000000000000000000000000000000000000000000000000000000000000000000000000000000000000000000000000000000000000000000000000000000000000000000000000000000000000000000000000000000000000000000000000000000000000>;
P_0xb29055ec0 .param/l "INIT_3" 0 3 1881, C4<0000000000000000000000000000000000000000000000000000000000000000000000000000000000000000000000000000000000000000000000000000000000000000000000000000000000000000000000000000000000000000000000000000000000000000000000000000000000000000000000000000000000000000>;
P_0xb29055f00 .param/l "INIT_4" 0 3 1882, C4<0000000000000000000000000000000000000000000000000000000000000000000000000000000000000000000000000000000000000000000000000000000000000000000000000000000000000000000000000000000000000000000000000000000000000000000000000000000000000000000000000000000000000000>;
P_0xb29055f40 .param/l "INIT_5" 0 3 1883, C4<0000000000000000000000000000000000000000000000000000000000000000000000000000000000000000000000000000000000000000000000000000000000000000000000000000000000000000000000000000000000000000000000000000000000000000000000000000000000000000000000000000000000000000>;
P_0xb29055f80 .param/l "INIT_6" 0 3 1884, C4<0000000000000000000000000000000000000000000000000000000000000000000000000000000000000000000000000000000000000000000000000000000000000000000000000000000000000000000000000000000000000000000000000000000000000000000000000000000000000000000000000000000000000000>;
P_0xb29055fc0 .param/l "INIT_7" 0 3 1885, C4<0000000000000000000000000000000000000000000000000000000000000000000000000000000000000000000000000000000000000000000000000000000000000000000000000000000000000000000000000000000000000000000000000000000000000000000000000000000000000000000000000000000000000000>;
P_0xb29056000 .param/l "INIT_8" 0 3 1886, C4<0000000000000000000000000000000000000000000000000000000000000000000000000000000000000000000000000000000000000000000000000000000000000000000000000000000000000000000000000000000000000000000000000000000000000000000000000000000000000000000000000000000000000000>;
P_0xb29056040 .param/l "INIT_9" 0 3 1887, C4<0000000000000000000000000000000000000000000000000000000000000000000000000000000000000000000000000000000000000000000000000000000000000000000000000000000000000000000000000000000000000000000000000000000000000000000000000000000000000000000000000000000000000000>;
P_0xb29056080 .param/l "INIT_A" 0 3 1888, C4<0000000000000000000000000000000000000000000000000000000000000000000000000000000000000000000000000000000000000000000000000000000000000000000000000000000000000000000000000000000000000000000000000000000000000000000000000000000000000000000000000000000000000000>;
P_0xb290560c0 .param/l "INIT_B" 0 3 1889, C4<0000000000000000000000000000000000000000000000000000000000000000000000000000000000000000000000000000000000000000000000000000000000000000000000000000000000000000000000000000000000000000000000000000000000000000000000000000000000000000000000000000000000000000>;
P_0xb29056100 .param/l "INIT_C" 0 3 1890, C4<0000000000000000000000000000000000000000000000000000000000000000000000000000000000000000000000000000000000000000000000000000000000000000000000000000000000000000000000000000000000000000000000000000000000000000000000000000000000000000000000000000000000000000>;
P_0xb29056140 .param/l "INIT_D" 0 3 1891, C4<0000000000000000000000000000000000000000000000000000000000000000000000000000000000000000000000000000000000000000000000000000000000000000000000000000000000000000000000000000000000000000000000000000000000000000000000000000000000000000000000000000000000000000>;
P_0xb29056180 .param/l "INIT_E" 0 3 1892, C4<0000000000000000000000000000000000000000000000000000000000000000000000000000000000000000000000000000000000000000000000000000000000000000000000000000000000000000000000000000000000000000000000000000000000000000000000000000000000000000000000000000000000000000>;
P_0xb290561c0 .param/l "INIT_F" 0 3 1893, C4<0000000000000000000000000000000000000000000000000000000000000000000000000000000000000000000000000000000000000000000000000000000000000000000000000000000000000000000000000000000000000000000000000000000000000000000000000000000000000000000000000000000000000000>;
P_0xb29056200 .param/str "INIT_FILE" 0 3 1895, "\000";
P_0xb29056240 .param/l "READ_MODE" 0 3 1876, +C4<00000000000000000000000000000000>;
P_0xb29056280 .param/l "WRITE_MODE" 0 3 1875, +C4<00000000000000000000000000000000>;
o0xb28851870 .functor BUFZ 1, c4<z>; HiZ drive
L_0xb291f1030 .functor NOT 1, o0xb28851870, C4<0>, C4<0>, C4<0>;
o0xb28851360 .functor BUFZ 16, c4<zzzzzzzzzzzzzzzz>; HiZ drive
v0xb28d214a0_0 .net "MASK", 15 0, o0xb28851360;  0 drivers
o0xb28851390 .functor BUFZ 11, c4<zzzzzzzzzzz>; HiZ drive
v0xb28d21540_0 .net "RADDR", 10 0, o0xb28851390;  0 drivers
o0xb288513c0 .functor BUFZ 1, c4<z>; HiZ drive
v0xb28d215e0_0 .net "RCLK", 0 0, o0xb288513c0;  0 drivers
o0xb288513f0 .functor BUFZ 1, c4<z>; HiZ drive
v0xb28d21680_0 .net "RCLKE", 0 0, o0xb288513f0;  0 drivers
v0xb28d21720_0 .net "RDATA", 15 0, L_0xb290db800;  1 drivers
o0xb28851480 .functor BUFZ 1, c4<z>; HiZ drive
v0xb28d217c0_0 .net "RE", 0 0, o0xb28851480;  0 drivers
o0xb288514e0 .functor BUFZ 11, c4<zzzzzzzzzzz>; HiZ drive
v0xb28d21860_0 .net "WADDR", 10 0, o0xb288514e0;  0 drivers
o0xb28851540 .functor BUFZ 1, c4<z>; HiZ drive
v0xb28d21900_0 .net "WCLKE", 0 0, o0xb28851540;  0 drivers
v0xb28d219a0_0 .net "WCLKN", 0 0, o0xb28851870;  0 drivers
o0xb28851570 .functor BUFZ 16, c4<zzzzzzzzzzzzzzzz>; HiZ drive
v0xb28d21a40_0 .net "WDATA", 15 0, o0xb28851570;  0 drivers
o0xb288515d0 .functor BUFZ 1, c4<z>; HiZ drive
v0xb28d21ae0_0 .net "WE", 0 0, o0xb288515d0;  0 drivers
S_0xb28cafa80 .scope module, "RAM" "SB_RAM40_4K" 3 1917, 3 1487 0, S_0xb2925b480;
 .timescale -12 -12;
    .port_info 0 /OUTPUT 16 "RDATA";
    .port_info 1 /INPUT 1 "RCLK";
    .port_info 2 /INPUT 1 "RCLKE";
    .port_info 3 /INPUT 1 "RE";
    .port_info 4 /INPUT 11 "RADDR";
    .port_info 5 /INPUT 1 "WCLK";
    .port_info 6 /INPUT 1 "WCLKE";
    .port_info 7 /INPUT 1 "WE";
    .port_info 8 /INPUT 11 "WADDR";
    .port_info 9 /INPUT 16 "MASK";
    .port_info 10 /INPUT 16 "WDATA";
P_0xb29057200 .param/l "INIT_0" 0 3 1507, C4<0000000000000000000000000000000000000000000000000000000000000000000000000000000000000000000000000000000000000000000000000000000000000000000000000000000000000000000000000000000000000000000000000000000000000000000000000000000000000000000000000000000000000000>;
P_0xb29057240 .param/l "INIT_1" 0 3 1508, C4<0000000000000000000000000000000000000000000000000000000000000000000000000000000000000000000000000000000000000000000000000000000000000000000000000000000000000000000000000000000000000000000000000000000000000000000000000000000000000000000000000000000000000000>;
P_0xb29057280 .param/l "INIT_2" 0 3 1509, C4<0000000000000000000000000000000000000000000000000000000000000000000000000000000000000000000000000000000000000000000000000000000000000000000000000000000000000000000000000000000000000000000000000000000000000000000000000000000000000000000000000000000000000000>;
P_0xb290572c0 .param/l "INIT_3" 0 3 1510, C4<0000000000000000000000000000000000000000000000000000000000000000000000000000000000000000000000000000000000000000000000000000000000000000000000000000000000000000000000000000000000000000000000000000000000000000000000000000000000000000000000000000000000000000>;
P_0xb29057300 .param/l "INIT_4" 0 3 1511, C4<0000000000000000000000000000000000000000000000000000000000000000000000000000000000000000000000000000000000000000000000000000000000000000000000000000000000000000000000000000000000000000000000000000000000000000000000000000000000000000000000000000000000000000>;
P_0xb29057340 .param/l "INIT_5" 0 3 1512, C4<0000000000000000000000000000000000000000000000000000000000000000000000000000000000000000000000000000000000000000000000000000000000000000000000000000000000000000000000000000000000000000000000000000000000000000000000000000000000000000000000000000000000000000>;
P_0xb29057380 .param/l "INIT_6" 0 3 1513, C4<0000000000000000000000000000000000000000000000000000000000000000000000000000000000000000000000000000000000000000000000000000000000000000000000000000000000000000000000000000000000000000000000000000000000000000000000000000000000000000000000000000000000000000>;
P_0xb290573c0 .param/l "INIT_7" 0 3 1514, C4<0000000000000000000000000000000000000000000000000000000000000000000000000000000000000000000000000000000000000000000000000000000000000000000000000000000000000000000000000000000000000000000000000000000000000000000000000000000000000000000000000000000000000000>;
P_0xb29057400 .param/l "INIT_8" 0 3 1515, C4<0000000000000000000000000000000000000000000000000000000000000000000000000000000000000000000000000000000000000000000000000000000000000000000000000000000000000000000000000000000000000000000000000000000000000000000000000000000000000000000000000000000000000000>;
P_0xb29057440 .param/l "INIT_9" 0 3 1516, C4<0000000000000000000000000000000000000000000000000000000000000000000000000000000000000000000000000000000000000000000000000000000000000000000000000000000000000000000000000000000000000000000000000000000000000000000000000000000000000000000000000000000000000000>;
P_0xb29057480 .param/l "INIT_A" 0 3 1517, C4<0000000000000000000000000000000000000000000000000000000000000000000000000000000000000000000000000000000000000000000000000000000000000000000000000000000000000000000000000000000000000000000000000000000000000000000000000000000000000000000000000000000000000000>;
P_0xb290574c0 .param/l "INIT_B" 0 3 1518, C4<0000000000000000000000000000000000000000000000000000000000000000000000000000000000000000000000000000000000000000000000000000000000000000000000000000000000000000000000000000000000000000000000000000000000000000000000000000000000000000000000000000000000000000>;
P_0xb29057500 .param/l "INIT_C" 0 3 1519, C4<0000000000000000000000000000000000000000000000000000000000000000000000000000000000000000000000000000000000000000000000000000000000000000000000000000000000000000000000000000000000000000000000000000000000000000000000000000000000000000000000000000000000000000>;
P_0xb29057540 .param/l "INIT_D" 0 3 1520, C4<0000000000000000000000000000000000000000000000000000000000000000000000000000000000000000000000000000000000000000000000000000000000000000000000000000000000000000000000000000000000000000000000000000000000000000000000000000000000000000000000000000000000000000>;
P_0xb29057580 .param/l "INIT_E" 0 3 1521, C4<0000000000000000000000000000000000000000000000000000000000000000000000000000000000000000000000000000000000000000000000000000000000000000000000000000000000000000000000000000000000000000000000000000000000000000000000000000000000000000000000000000000000000000>;
P_0xb290575c0 .param/l "INIT_F" 0 3 1522, C4<0000000000000000000000000000000000000000000000000000000000000000000000000000000000000000000000000000000000000000000000000000000000000000000000000000000000000000000000000000000000000000000000000000000000000000000000000000000000000000000000000000000000000000>;
P_0xb29057600 .param/str "INIT_FILE" 0 3 1524, "\000";
P_0xb29057640 .param/l "READ_MODE" 0 3 1505, +C4<00000000000000000000000000000000>;
P_0xb29057680 .param/l "WRITE_MODE" 0 3 1504, +C4<00000000000000000000000000000000>;
v0xb28d20a00_0 .net "MASK", 15 0, o0xb28851360;  alias, 0 drivers
v0xb28d20aa0_0 .net "RADDR", 10 0, o0xb28851390;  alias, 0 drivers
v0xb28d20b40_0 .net "RCLK", 0 0, o0xb288513c0;  alias, 0 drivers
v0xb28d20be0_0 .net "RCLKE", 0 0, o0xb288513f0;  alias, 0 drivers
v0xb28d20c80_0 .net "RDATA", 15 0, L_0xb290db800;  alias, 1 drivers
v0xb28d20d20_0 .var "RDATA_I", 15 0;
v0xb28d20dc0_0 .net "RE", 0 0, o0xb28851480;  alias, 0 drivers
L_0xb28878b98 .functor BUFT 1, C4<0000000000000000>, C4<0>, C4<0>, C4<0>;
v0xb28d20e60_0 .net "RMASK_I", 15 0, L_0xb28878b98;  1 drivers
v0xb28d20f00_0 .net "WADDR", 10 0, o0xb288514e0;  alias, 0 drivers
v0xb28d20fa0_0 .net "WCLK", 0 0, L_0xb291f1030;  1 drivers
v0xb28d21040_0 .net "WCLKE", 0 0, o0xb28851540;  alias, 0 drivers
v0xb28d210e0_0 .net "WDATA", 15 0, o0xb28851570;  alias, 0 drivers
v0xb28d21180_0 .net "WDATA_I", 15 0, L_0xb290db790;  1 drivers
v0xb28d21220_0 .net "WE", 0 0, o0xb288515d0;  alias, 0 drivers
v0xb28d212c0_0 .net "WMASK_I", 15 0, L_0xb290db720;  1 drivers
v0xb28d21360_0 .var/i "i", 31 0;
v0xb28d21400 .array "memory", 255 0, 15 0;
E_0xb29274800 .event posedge, v0xb28d20b40_0;
E_0xb29274840 .event posedge, v0xb28d20fa0_0;
S_0xb28cafd80 .scope generate, "genblk1" "genblk1" 3 1534, 3 1534 0, S_0xb28cafa80;
 .timescale -12 -12;
L_0xb290db720 .functor BUFZ 16, o0xb28851360, C4<0000000000000000>, C4<0000000000000000>, C4<0000000000000000>;
S_0xb28d24000 .scope generate, "genblk2" "genblk2" 3 1555, 3 1555 0, S_0xb28cafa80;
 .timescale -12 -12;
S_0xb28d24180 .scope generate, "genblk3" "genblk3" 3 1576, 3 1576 0, S_0xb28cafa80;
 .timescale -12 -12;
L_0xb290db790 .functor BUFZ 16, o0xb28851570, C4<0000000000000000>, C4<0000000000000000>, C4<0000000000000000>;
S_0xb28d24300 .scope generate, "genblk4" "genblk4" 3 1595, 3 1595 0, S_0xb28cafa80;
 .timescale -12 -12;
L_0xb290db800 .functor BUFZ 16, v0xb28d20d20_0, C4<0000000000000000>, C4<0000000000000000>, C4<0000000000000000>;
S_0xb2925b600 .scope module, "SB_RGBA_DRV" "SB_RGBA_DRV" 3 2692;
 .timescale -12 -12;
    .port_info 0 /INPUT 1 "CURREN";
    .port_info 1 /INPUT 1 "RGBLEDEN";
    .port_info 2 /INPUT 1 "RGB0PWM";
    .port_info 3 /INPUT 1 "RGB1PWM";
    .port_info 4 /INPUT 1 "RGB2PWM";
    .port_info 5 /OUTPUT 1 "RGB0";
    .port_info 6 /OUTPUT 1 "RGB1";
    .port_info 7 /OUTPUT 1 "RGB2";
P_0xb29170400 .param/str "CURRENT_MODE" 0 3 2702, "0b0";
P_0xb29170440 .param/str "RGB0_CURRENT" 0 3 2703, "0b000000";
P_0xb29170480 .param/str "RGB1_CURRENT" 0 3 2704, "0b000000";
P_0xb291704c0 .param/str "RGB2_CURRENT" 0 3 2705, "0b000000";
o0xb28851ab0 .functor BUFZ 1, c4<z>; HiZ drive
v0xb28d21b80_0 .net "CURREN", 0 0, o0xb28851ab0;  0 drivers
o0xb28851ae0 .functor BUFZ 1, c4<z>; HiZ drive
v0xb28d21c20_0 .net "RGB0", 0 0, o0xb28851ae0;  0 drivers
o0xb28851b10 .functor BUFZ 1, c4<z>; HiZ drive
v0xb28d21cc0_0 .net "RGB0PWM", 0 0, o0xb28851b10;  0 drivers
o0xb28851b40 .functor BUFZ 1, c4<z>; HiZ drive
v0xb28d21d60_0 .net "RGB1", 0 0, o0xb28851b40;  0 drivers
o0xb28851b70 .functor BUFZ 1, c4<z>; HiZ drive
v0xb28d21e00_0 .net "RGB1PWM", 0 0, o0xb28851b70;  0 drivers
o0xb28851ba0 .functor BUFZ 1, c4<z>; HiZ drive
v0xb28d21ea0_0 .net "RGB2", 0 0, o0xb28851ba0;  0 drivers
o0xb28851bd0 .functor BUFZ 1, c4<z>; HiZ drive
v0xb28d21f40_0 .net "RGB2PWM", 0 0, o0xb28851bd0;  0 drivers
o0xb28851c00 .functor BUFZ 1, c4<z>; HiZ drive
v0xb28d21fe0_0 .net "RGBLEDEN", 0 0, o0xb28851c00;  0 drivers
S_0xb2925b780 .scope module, "SB_RGB_DRV" "SB_RGB_DRV" 3 2716;
 .timescale -12 -12;
    .port_info 0 /INPUT 1 "RGBLEDEN";
    .port_info 1 /INPUT 1 "RGB0PWM";
    .port_info 2 /INPUT 1 "RGB1PWM";
    .port_info 3 /INPUT 1 "RGB2PWM";
    .port_info 4 /INPUT 1 "RGBPU";
    .port_info 5 /OUTPUT 1 "RGB0";
    .port_info 6 /OUTPUT 1 "RGB1";
    .port_info 7 /OUTPUT 1 "RGB2";
P_0xb29170600 .param/str "CURRENT_MODE" 0 3 2726, "0b0";
P_0xb29170640 .param/str "RGB0_CURRENT" 0 3 2727, "0b000000";
P_0xb29170680 .param/str "RGB1_CURRENT" 0 3 2728, "0b000000";
P_0xb291706c0 .param/str "RGB2_CURRENT" 0 3 2729, "0b000000";
o0xb28851db0 .functor BUFZ 1, c4<z>; HiZ drive
v0xb28d22080_0 .net "RGB0", 0 0, o0xb28851db0;  0 drivers
o0xb28851de0 .functor BUFZ 1, c4<z>; HiZ drive
v0xb28d22120_0 .net "RGB0PWM", 0 0, o0xb28851de0;  0 drivers
o0xb28851e10 .functor BUFZ 1, c4<z>; HiZ drive
v0xb28d221c0_0 .net "RGB1", 0 0, o0xb28851e10;  0 drivers
o0xb28851e40 .functor BUFZ 1, c4<z>; HiZ drive
v0xb28d22260_0 .net "RGB1PWM", 0 0, o0xb28851e40;  0 drivers
o0xb28851e70 .functor BUFZ 1, c4<z>; HiZ drive
v0xb28d22300_0 .net "RGB2", 0 0, o0xb28851e70;  0 drivers
o0xb28851ea0 .functor BUFZ 1, c4<z>; HiZ drive
v0xb28d223a0_0 .net "RGB2PWM", 0 0, o0xb28851ea0;  0 drivers
o0xb28851ed0 .functor BUFZ 1, c4<z>; HiZ drive
v0xb28d22440_0 .net "RGBLEDEN", 0 0, o0xb28851ed0;  0 drivers
o0xb28851f00 .functor BUFZ 1, c4<z>; HiZ drive
v0xb28d224e0_0 .net "RGBPU", 0 0, o0xb28851f00;  0 drivers
S_0xb2925b900 .scope module, "SB_SPI" "SB_SPI" 3 2776;
 .timescale -12 -12;
    .port_info 0 /INPUT 1 "SBCLKI";
    .port_info 1 /INPUT 1 "SBRWI";
    .port_info 2 /INPUT 1 "SBSTBI";
    .port_info 3 /INPUT 1 "SBADRI7";
    .port_info 4 /INPUT 1 "SBADRI6";
    .port_info 5 /INPUT 1 "SBADRI5";
    .port_info 6 /INPUT 1 "SBADRI4";
    .port_info 7 /INPUT 1 "SBADRI3";
    .port_info 8 /INPUT 1 "SBADRI2";
    .port_info 9 /INPUT 1 "SBADRI1";
    .port_info 10 /INPUT 1 "SBADRI0";
    .port_info 11 /INPUT 1 "SBDATI7";
    .port_info 12 /INPUT 1 "SBDATI6";
    .port_info 13 /INPUT 1 "SBDATI5";
    .port_info 14 /INPUT 1 "SBDATI4";
    .port_info 15 /INPUT 1 "SBDATI3";
    .port_info 16 /INPUT 1 "SBDATI2";
    .port_info 17 /INPUT 1 "SBDATI1";
    .port_info 18 /INPUT 1 "SBDATI0";
    .port_info 19 /INPUT 1 "MI";
    .port_info 20 /INPUT 1 "SI";
    .port_info 21 /INPUT 1 "SCKI";
    .port_info 22 /INPUT 1 "SCSNI";
    .port_info 23 /OUTPUT 1 "SBDATO7";
    .port_info 24 /OUTPUT 1 "SBDATO6";
    .port_info 25 /OUTPUT 1 "SBDATO5";
    .port_info 26 /OUTPUT 1 "SBDATO4";
    .port_info 27 /OUTPUT 1 "SBDATO3";
    .port_info 28 /OUTPUT 1 "SBDATO2";
    .port_info 29 /OUTPUT 1 "SBDATO1";
    .port_info 30 /OUTPUT 1 "SBDATO0";
    .port_info 31 /OUTPUT 1 "SBACKO";
    .port_info 32 /OUTPUT 1 "SPIIRQ";
    .port_info 33 /OUTPUT 1 "SPIWKUP";
    .port_info 34 /OUTPUT 1 "SO";
    .port_info 35 /OUTPUT 1 "SOE";
    .port_info 36 /OUTPUT 1 "MO";
    .port_info 37 /OUTPUT 1 "MOE";
    .port_info 38 /OUTPUT 1 "SCKO";
    .port_info 39 /OUTPUT 1 "SCKOE";
    .port_info 40 /OUTPUT 1 "MCSNO3";
    .port_info 41 /OUTPUT 1 "MCSNO2";
    .port_info 42 /OUTPUT 1 "MCSNO1";
    .port_info 43 /OUTPUT 1 "MCSNO0";
    .port_info 44 /OUTPUT 1 "MCSNOE3";
    .port_info 45 /OUTPUT 1 "MCSNOE2";
    .port_info 46 /OUTPUT 1 "MCSNOE1";
    .port_info 47 /OUTPUT 1 "MCSNOE0";
P_0xb28d053c0 .param/str "BUS_ADDR74" 0 3 2826, "0b0000";
o0xb288520b0 .functor BUFZ 1, c4<z>; HiZ drive
v0xb28d22580_0 .net "MCSNO0", 0 0, o0xb288520b0;  0 drivers
o0xb288520e0 .functor BUFZ 1, c4<z>; HiZ drive
v0xb28d22620_0 .net "MCSNO1", 0 0, o0xb288520e0;  0 drivers
o0xb28852110 .functor BUFZ 1, c4<z>; HiZ drive
v0xb28d226c0_0 .net "MCSNO2", 0 0, o0xb28852110;  0 drivers
o0xb28852140 .functor BUFZ 1, c4<z>; HiZ drive
v0xb28d22760_0 .net "MCSNO3", 0 0, o0xb28852140;  0 drivers
o0xb28852170 .functor BUFZ 1, c4<z>; HiZ drive
v0xb28d22800_0 .net "MCSNOE0", 0 0, o0xb28852170;  0 drivers
o0xb288521a0 .functor BUFZ 1, c4<z>; HiZ drive
v0xb28d228a0_0 .net "MCSNOE1", 0 0, o0xb288521a0;  0 drivers
o0xb288521d0 .functor BUFZ 1, c4<z>; HiZ drive
v0xb28d22940_0 .net "MCSNOE2", 0 0, o0xb288521d0;  0 drivers
o0xb28852200 .functor BUFZ 1, c4<z>; HiZ drive
v0xb28d229e0_0 .net "MCSNOE3", 0 0, o0xb28852200;  0 drivers
o0xb28852230 .functor BUFZ 1, c4<z>; HiZ drive
v0xb28d22a80_0 .net "MI", 0 0, o0xb28852230;  0 drivers
o0xb28852260 .functor BUFZ 1, c4<z>; HiZ drive
v0xb28d22b20_0 .net "MO", 0 0, o0xb28852260;  0 drivers
o0xb28852290 .functor BUFZ 1, c4<z>; HiZ drive
v0xb28d22bc0_0 .net "MOE", 0 0, o0xb28852290;  0 drivers
o0xb288522c0 .functor BUFZ 1, c4<z>; HiZ drive
v0xb28d22c60_0 .net "SBACKO", 0 0, o0xb288522c0;  0 drivers
o0xb288522f0 .functor BUFZ 1, c4<z>; HiZ drive
v0xb28d22d00_0 .net "SBADRI0", 0 0, o0xb288522f0;  0 drivers
o0xb28852320 .functor BUFZ 1, c4<z>; HiZ drive
v0xb28d22da0_0 .net "SBADRI1", 0 0, o0xb28852320;  0 drivers
o0xb28852350 .functor BUFZ 1, c4<z>; HiZ drive
v0xb28d22e40_0 .net "SBADRI2", 0 0, o0xb28852350;  0 drivers
o0xb28852380 .functor BUFZ 1, c4<z>; HiZ drive
v0xb28d22ee0_0 .net "SBADRI3", 0 0, o0xb28852380;  0 drivers
o0xb288523b0 .functor BUFZ 1, c4<z>; HiZ drive
v0xb28d22f80_0 .net "SBADRI4", 0 0, o0xb288523b0;  0 drivers
o0xb288523e0 .functor BUFZ 1, c4<z>; HiZ drive
v0xb28d23020_0 .net "SBADRI5", 0 0, o0xb288523e0;  0 drivers
o0xb28852410 .functor BUFZ 1, c4<z>; HiZ drive
v0xb28d230c0_0 .net "SBADRI6", 0 0, o0xb28852410;  0 drivers
o0xb28852440 .functor BUFZ 1, c4<z>; HiZ drive
v0xb28d23160_0 .net "SBADRI7", 0 0, o0xb28852440;  0 drivers
o0xb28852470 .functor BUFZ 1, c4<z>; HiZ drive
v0xb28d23200_0 .net "SBCLKI", 0 0, o0xb28852470;  0 drivers
o0xb288524a0 .functor BUFZ 1, c4<z>; HiZ drive
v0xb28d232a0_0 .net "SBDATI0", 0 0, o0xb288524a0;  0 drivers
o0xb288524d0 .functor BUFZ 1, c4<z>; HiZ drive
v0xb28d23340_0 .net "SBDATI1", 0 0, o0xb288524d0;  0 drivers
o0xb28852500 .functor BUFZ 1, c4<z>; HiZ drive
v0xb28d233e0_0 .net "SBDATI2", 0 0, o0xb28852500;  0 drivers
o0xb28852530 .functor BUFZ 1, c4<z>; HiZ drive
v0xb28d23480_0 .net "SBDATI3", 0 0, o0xb28852530;  0 drivers
o0xb28852560 .functor BUFZ 1, c4<z>; HiZ drive
v0xb28d23520_0 .net "SBDATI4", 0 0, o0xb28852560;  0 drivers
o0xb28852590 .functor BUFZ 1, c4<z>; HiZ drive
v0xb28d235c0_0 .net "SBDATI5", 0 0, o0xb28852590;  0 drivers
o0xb288525c0 .functor BUFZ 1, c4<z>; HiZ drive
v0xb28d23660_0 .net "SBDATI6", 0 0, o0xb288525c0;  0 drivers
o0xb288525f0 .functor BUFZ 1, c4<z>; HiZ drive
v0xb28d23700_0 .net "SBDATI7", 0 0, o0xb288525f0;  0 drivers
o0xb28852620 .functor BUFZ 1, c4<z>; HiZ drive
v0xb28d237a0_0 .net "SBDATO0", 0 0, o0xb28852620;  0 drivers
o0xb28852650 .functor BUFZ 1, c4<z>; HiZ drive
v0xb28d23840_0 .net "SBDATO1", 0 0, o0xb28852650;  0 drivers
o0xb28852680 .functor BUFZ 1, c4<z>; HiZ drive
v0xb28d238e0_0 .net "SBDATO2", 0 0, o0xb28852680;  0 drivers
o0xb288526b0 .functor BUFZ 1, c4<z>; HiZ drive
v0xb28d23980_0 .net "SBDATO3", 0 0, o0xb288526b0;  0 drivers
o0xb288526e0 .functor BUFZ 1, c4<z>; HiZ drive
v0xb28d23a20_0 .net "SBDATO4", 0 0, o0xb288526e0;  0 drivers
o0xb28852710 .functor BUFZ 1, c4<z>; HiZ drive
v0xb28d23ac0_0 .net "SBDATO5", 0 0, o0xb28852710;  0 drivers
o0xb28852740 .functor BUFZ 1, c4<z>; HiZ drive
v0xb28d23b60_0 .net "SBDATO6", 0 0, o0xb28852740;  0 drivers
o0xb28852770 .functor BUFZ 1, c4<z>; HiZ drive
v0xb28d23c00_0 .net "SBDATO7", 0 0, o0xb28852770;  0 drivers
o0xb288527a0 .functor BUFZ 1, c4<z>; HiZ drive
v0xb28d23ca0_0 .net "SBRWI", 0 0, o0xb288527a0;  0 drivers
o0xb288527d0 .functor BUFZ 1, c4<z>; HiZ drive
v0xb28d23d40_0 .net "SBSTBI", 0 0, o0xb288527d0;  0 drivers
o0xb28852800 .functor BUFZ 1, c4<z>; HiZ drive
v0xb28d23de0_0 .net "SCKI", 0 0, o0xb28852800;  0 drivers
o0xb28852830 .functor BUFZ 1, c4<z>; HiZ drive
v0xb28d23e80_0 .net "SCKO", 0 0, o0xb28852830;  0 drivers
o0xb28852860 .functor BUFZ 1, c4<z>; HiZ drive
v0xb28d23f20_0 .net "SCKOE", 0 0, o0xb28852860;  0 drivers
o0xb28852890 .functor BUFZ 1, c4<z>; HiZ drive
v0xb28d28000_0 .net "SCSNI", 0 0, o0xb28852890;  0 drivers
o0xb288528c0 .functor BUFZ 1, c4<z>; HiZ drive
v0xb28d280a0_0 .net "SI", 0 0, o0xb288528c0;  0 drivers
o0xb288528f0 .functor BUFZ 1, c4<z>; HiZ drive
v0xb28d28140_0 .net "SO", 0 0, o0xb288528f0;  0 drivers
o0xb28852920 .functor BUFZ 1, c4<z>; HiZ drive
v0xb28d281e0_0 .net "SOE", 0 0, o0xb28852920;  0 drivers
o0xb28852950 .functor BUFZ 1, c4<z>; HiZ drive
v0xb28d28280_0 .net "SPIIRQ", 0 0, o0xb28852950;  0 drivers
o0xb28852980 .functor BUFZ 1, c4<z>; HiZ drive
v0xb28d28320_0 .net "SPIWKUP", 0 0, o0xb28852980;  0 drivers
S_0xb2925ba80 .scope module, "SB_SPRAM256KA" "SB_SPRAM256KA" 3 2600;
 .timescale -12 -12;
    .port_info 0 /INPUT 14 "ADDRESS";
    .port_info 1 /INPUT 16 "DATAIN";
    .port_info 2 /INPUT 4 "MASKWREN";
    .port_info 3 /INPUT 1 "WREN";
    .port_info 4 /INPUT 1 "CHIPSELECT";
    .port_info 5 /INPUT 1 "CLOCK";
    .port_info 6 /INPUT 1 "STANDBY";
    .port_info 7 /INPUT 1 "SLEEP";
    .port_info 8 /INPUT 1 "POWEROFF";
    .port_info 9 /OUTPUT 16 "DATAOUT";
o0xb28853400 .functor BUFZ 1, c4<z>; HiZ drive
L_0xb291f10a0 .functor OR 1, o0xb28853400, L_0xb28d317c0, C4<0>, C4<0>;
o0xb288532b0 .functor BUFZ 14, c4<zzzzzzzzzzzzzz>; HiZ drive
v0xb28d283c0_0 .net "ADDRESS", 13 0, o0xb288532b0;  0 drivers
o0xb288532e0 .functor BUFZ 1, c4<z>; HiZ drive
v0xb28d28460_0 .net "CHIPSELECT", 0 0, o0xb288532e0;  0 drivers
o0xb28853310 .functor BUFZ 1, c4<z>; HiZ drive
v0xb28d28500_0 .net "CLOCK", 0 0, o0xb28853310;  0 drivers
o0xb28853340 .functor BUFZ 16, c4<zzzzzzzzzzzzzzzz>; HiZ drive
v0xb28d285a0_0 .net "DATAIN", 15 0, o0xb28853340;  0 drivers
v0xb28d28640_0 .var "DATAOUT", 15 0;
o0xb288533a0 .functor BUFZ 4, c4<zzzz>; HiZ drive
v0xb28d286e0_0 .net "MASKWREN", 3 0, o0xb288533a0;  0 drivers
o0xb288533d0 .functor BUFZ 1, c4<z>; HiZ drive
v0xb28d28780_0 .net "POWEROFF", 0 0, o0xb288533d0;  0 drivers
v0xb28d28820_0 .net "SLEEP", 0 0, o0xb28853400;  0 drivers
o0xb28853430 .functor BUFZ 1, c4<z>; HiZ drive
v0xb28d288c0_0 .net "STANDBY", 0 0, o0xb28853430;  0 drivers
o0xb28853460 .functor BUFZ 1, c4<z>; HiZ drive
v0xb28d28960_0 .net "WREN", 0 0, o0xb28853460;  0 drivers
v0xb28d28a00_0 .net *"_ivl_1", 0 0, L_0xb28d317c0;  1 drivers
v0xb28d28aa0_0 .var/i "i", 31 0;
v0xb28d28b40 .array "mem", 16383 0, 15 0;
v0xb28d28be0_0 .net "off", 0 0, L_0xb291f10a0;  1 drivers
E_0xb29274880 .event posedge, v0xb28d28be0_0, v0xb28d28500_0;
E_0xb292748c0 .event negedge, v0xb28d28780_0;
L_0xb28d317c0 .reduce/nor o0xb288533d0;
S_0xb2925bc00 .scope module, "SB_WARMBOOT" "SB_WARMBOOT" 3 2593;
 .timescale -12 -12;
    .port_info 0 /INPUT 1 "BOOT";
    .port_info 1 /INPUT 1 "S1";
    .port_info 2 /INPUT 1 "S0";
o0xb28853700 .functor BUFZ 1, c4<z>; HiZ drive
v0xb28d28c80_0 .net "BOOT", 0 0, o0xb28853700;  0 drivers
o0xb28853730 .functor BUFZ 1, c4<z>; HiZ drive
v0xb28d28d20_0 .net "S0", 0 0, o0xb28853730;  0 drivers
o0xb28853760 .functor BUFZ 1, c4<z>; HiZ drive
v0xb28d28dc0_0 .net "S1", 0 0, o0xb28853760;  0 drivers
S_0xb2925bd80 .scope module, "clock_recovery_tb" "clock_recovery_tb" 4 3;
 .timescale -9 -12;
v0xb28d29e00_0 .var "clk", 0 0;
v0xb28d29ea0_0 .net "level", 4 0, v0xb28d29540_0;  1 drivers
v0xb28d29f40_0 .var/i "output_count", 31 0;
v0xb28d29fe0_0 .var/i "output_limit", 31 0;
v0xb28d2a080_0 .net/s "rate_adjust", 31 0, v0xb28d29720_0;  1 drivers
v0xb28d2a120_0 .net "ready", 0 0, v0xb28d29860_0;  1 drivers
v0xb28d2a1c0_0 .var "reset", 0 0;
v0xb28d2a260_0 .var/s "sample_l_in", 15 0;
v0xb28d2a300_0 .net/s "sample_l_out", 15 0, v0xb28d29a40_0;  1 drivers
v0xb28d2a3a0_0 .var/s "sample_r_in", 15 0;
v0xb28d2a440_0 .net/s "sample_r_out", 15 0, v0xb28d29b80_0;  1 drivers
v0xb28d2a4e0_0 .var "sample_req", 0 0;
v0xb28d2a580_0 .var "sample_strobe", 0 0;
v0xb28d2a620_0 .var/i "source_count", 31 0;
v0xb28d2a6c0_0 .var/i "source_limit", 31 0;
S_0xb28d24600 .scope module, "dut" "audio_clock_recovery" 4 24, 5 90 0, S_0xb2925bd80;
 .timescale -12 -12;
    .port_info 0 /INPUT 1 "clk";
    .port_info 1 /INPUT 1 "reset";
    .port_info 2 /INPUT 1 "sample_strobe";
    .port_info 3 /INPUT 16 "sample_l_in";
    .port_info 4 /INPUT 16 "sample_r_in";
    .port_info 5 /INPUT 1 "sample_req";
    .port_info 6 /OUTPUT 16 "sample_l_out";
    .port_info 7 /OUTPUT 16 "sample_r_out";
    .port_info 8 /OUTPUT 32 "rate_adjust";
    .port_info 9 /OUTPUT 1 "ready";
    .port_info 10 /OUTPUT 5 "level";
P_0xb28cf1180 .param/l "FIFO_ADDR_BITS" 0 5 92, +C4<00000000000000000000000000000100>;
P_0xb28cf11c0 .param/l "FIFO_DEPTH" 0 5 91, +C4<00000000000000000000000000010000>;
P_0xb28cf1200 .param/l "RATE_LIMIT" 0 5 94, +C4<00000000000100000000000000000000>;
P_0xb28cf1240 .param/l "RATE_STEP" 0 5 93, +C4<00000000000000000000000100000000>;
P_0xb28cf1280 .param/l "TARGET_LEVEL" 1 5 108, +C4<00000000000000000000000000001000>;
L_0xb291f1110 .functor AND 1, v0xb28d2a580_0, L_0xb28cfd9a0, C4<1>, C4<1>;
L_0xb291f1180 .functor AND 1, v0xb28d2a4e0_0, v0xb28d29860_0, C4<1>, C4<1>;
L_0xb291f11f0 .functor AND 1, L_0xb291f1180, L_0xb28cfdae0, C4<1>, C4<1>;
v0xb28d28e60_0 .net *"_ivl_0", 31 0, L_0xb28cfd900;  1 drivers
v0xb28d28f00_0 .net *"_ivl_11", 0 0, L_0xb291f1180;  1 drivers
v0xb28d28fa0_0 .net *"_ivl_12", 31 0, L_0xb28cfda40;  1 drivers
L_0xb28878c70 .functor BUFT 1, C4<000000000000000000000000000>, C4<0>, C4<0>, C4<0>;
v0xb28d29040_0 .net *"_ivl_15", 26 0, L_0xb28878c70;  1 drivers
L_0xb28878cb8 .functor BUFT 1, C4<00000000000000000000000000000000>, C4<0>, C4<0>, C4<0>;
v0xb28d290e0_0 .net/2u *"_ivl_16", 31 0, L_0xb28878cb8;  1 drivers
v0xb28d29180_0 .net *"_ivl_18", 0 0, L_0xb28cfdae0;  1 drivers
L_0xb28878be0 .functor BUFT 1, C4<000000000000000000000000000>, C4<0>, C4<0>, C4<0>;
v0xb28d29220_0 .net *"_ivl_3", 26 0, L_0xb28878be0;  1 drivers
L_0xb28878c28 .functor BUFT 1, C4<00000000000000000000000000010000>, C4<0>, C4<0>, C4<0>;
v0xb28d292c0_0 .net/2u *"_ivl_4", 31 0, L_0xb28878c28;  1 drivers
v0xb28d29360_0 .net *"_ivl_6", 0 0, L_0xb28cfd9a0;  1 drivers
v0xb28d29400_0 .net "clk", 0 0, v0xb28d29e00_0;  1 drivers
v0xb28d294a0 .array "fifo", 15 0, 31 0;
v0xb28d29540_0 .var "level", 4 0;
v0xb28d295e0_0 .net "pop", 0 0, L_0xb291f11f0;  1 drivers
v0xb28d29680_0 .net "push", 0 0, L_0xb291f1110;  1 drivers
v0xb28d29720_0 .var/s "rate_adjust", 31 0;
v0xb28d297c0_0 .var "read_ptr", 3 0;
v0xb28d29860_0 .var "ready", 0 0;
v0xb28d29900_0 .net "reset", 0 0, v0xb28d2a1c0_0;  1 drivers
v0xb28d299a0_0 .net/s "sample_l_in", 15 0, v0xb28d2a260_0;  1 drivers
v0xb28d29a40_0 .var/s "sample_l_out", 15 0;
v0xb28d29ae0_0 .net/s "sample_r_in", 15 0, v0xb28d2a3a0_0;  1 drivers
v0xb28d29b80_0 .var/s "sample_r_out", 15 0;
v0xb28d29c20_0 .net "sample_req", 0 0, v0xb28d2a4e0_0;  1 drivers
v0xb28d29cc0_0 .net "sample_strobe", 0 0, v0xb28d2a580_0;  1 drivers
v0xb28d29d60_0 .var "write_ptr", 3 0;
E_0xb29274900 .event posedge, v0xb28d29400_0;
L_0xb28cfd900 .concat [ 5 27 0 0], v0xb28d29540_0, L_0xb28878be0;
L_0xb28cfd9a0 .cmp/gt 32, L_0xb28878c28, L_0xb28cfd900;
L_0xb28cfda40 .concat [ 5 27 0 0], v0xb28d29540_0, L_0xb28878c70;
L_0xb28cfdae0 .cmp/ne 32, L_0xb28cfda40, L_0xb28878cb8;
S_0xb2925c000 .scope module, "top" "top" 5 335;
 .timescale -12 -12;
    .port_info 0 /INPUT 1 "i_clk";
    .port_info 1 /INPUT 1 "SPDIF_IN";
    .port_info 2 /OUTPUT 1 "MCLK";
    .port_info 3 /OUTPUT 1 "LRCLK";
    .port_info 4 /OUTPUT 1 "SDATA";
    .port_info 5 /OUTPUT 1 "BLCK";
    .port_info 6 /OUTPUT 1 "SPDIF_DBG";
    .port_info 7 /OUTPUT 1 "LEDR_N";
    .port_info 8 /OUTPUT 1 "LEDG_N";
L_0xb291f1260 .functor AND 1, L_0xb28d31860, v0xb28d2d4a0_0, C4<1>, C4<1>;
L_0xb291f12d0 .functor AND 1, L_0xb291f1260, L_0xb28d31900, C4<1>, C4<1>;
L_0xb291f1340 .functor AND 1, L_0xb291f12d0, v0xb28d2c640_0, C4<1>, C4<1>;
L_0xb291f1730 .functor OR 1, L_0xb28d31e00, L_0xb28cfdb80, C4<0>, C4<0>;
L_0xb291f17a0 .functor OR 1, v0xb28d2d9a0_0, L_0xb28cfe080, C4<0>, C4<0>;
L_0xb291f1810 .functor NOT 1, L_0xb291f1340, C4<0>, C4<0>, C4<0>;
L_0xb291f1880 .functor AND 1, v0xb28d2d4a0_0, L_0xb28d31ea0, C4<1>, C4<1>;
L_0xb291f18f0 .functor NOT 1, L_0xb291f1880, C4<0>, C4<0>, C4<0>;
v0xb28d2e300_0 .net "BLCK", 0 0, v0xb28d2a9e0_0;  1 drivers
v0xb28d2e3a0_0 .net "LEDG_N", 0 0, L_0xb291f1810;  1 drivers
v0xb28d2e440_0 .net "LEDR_N", 0 0, L_0xb291f18f0;  1 drivers
v0xb28d2e4e0_0 .net "LRCLK", 0 0, v0xb28d2ab20_0;  1 drivers
L_0xb28878ef8 .functor BUFT 1, C4<0>, C4<0>, C4<0>, C4<0>;
v0xb28d2e580_0 .net "MCLK", 0 0, L_0xb28878ef8;  1 drivers
v0xb28d2e620_0 .net "SDATA", 0 0, v0xb28d2b160_0;  1 drivers
v0xb28d2e6c0_0 .net "SPDIF_DBG", 0 0, L_0xb291f17a0;  1 drivers
o0xb288554a0 .functor BUFZ 1, c4<z>; HiZ drive
v0xb28d2e760_0 .net "SPDIF_IN", 0 0, o0xb288554a0;  0 drivers
L_0xb28878d00 .functor BUFT 1, C4<010010010011111000000000>, C4<0>, C4<0>, C4<0>;
v0xb28d2e800_0 .net/2u *"_ivl_0", 23 0, L_0xb28878d00;  1 drivers
v0xb28d2e8a0_0 .net *"_ivl_11", 0 0, L_0xb291f12d0;  1 drivers
v0xb28d2e940_0 .net *"_ivl_15", 0 0, L_0xb28d31e00;  1 drivers
v0xb28d2e9e0_0 .net *"_ivl_24", 31 0, L_0xb28cfdfe0;  1 drivers
L_0xb28878fd0 .functor BUFT 1, C4<0000000000>, C4<0>, C4<0>, C4<0>;
v0xb28d2ea80_0 .net *"_ivl_27", 9 0, L_0xb28878fd0;  1 drivers
L_0xb28879018 .functor BUFT 1, C4<00000000000000000000000000000000>, C4<0>, C4<0>, C4<0>;
v0xb28d2eb20_0 .net/2u *"_ivl_28", 31 0, L_0xb28879018;  1 drivers
v0xb28d2ebc0_0 .net *"_ivl_30", 0 0, L_0xb28cfe080;  1 drivers
v0xb28d2ec60_0 .net *"_ivl_37", 0 0, L_0xb28d31ea0;  1 drivers
v0xb28d2ed00_0 .net *"_ivl_39", 0 0, L_0xb291f1880;  1 drivers
v0xb28d2eda0_0 .net *"_ivl_7", 0 0, L_0xb291f1260;  1 drivers
v0xb28d2ee40_0 .net *"_ivl_9", 0 0, L_0xb28d31900;  1 drivers
v0xb28d2eee0_0 .net "audio_valid", 0 0, L_0xb291f1340;  1 drivers
o0xb28854060 .functor BUFZ 1, c4<z>; HiZ drive
v0xb28d2ef80_0 .net "clk_sys", 0 0, o0xb28854060;  0 drivers
v0xb28d2f020_0 .var "dbg_hold", 21 0;
v0xb28d2f0c0_0 .net "fifo_level", 4 0, v0xb28d2c320_0;  1 drivers
o0xb28854540 .functor BUFZ 1, c4<z>; HiZ drive
v0xb28d2f160_0 .net "i_clk", 0 0, o0xb28854540;  0 drivers
o0xb28854510 .functor BUFZ 1, c4<z>; HiZ drive
v0xb28d2f200_0 .net "pll_lock", 0 0, o0xb28854510;  0 drivers
v0xb28d2f2a0_0 .var "pll_lock_sync", 1 0;
v0xb28d2f340_0 .net/s "rate_adjust", 31 0, v0xb28d2c500_0;  1 drivers
v0xb28d2f3e0_0 .net "receiver_timed_out", 0 0, L_0xb28cfdb80;  1 drivers
v0xb28d2f480_0 .net/s "recovered_sample_l", 15 0, v0xb28d2c820_0;  1 drivers
v0xb28d2f520_0 .net/s "recovered_sample_r", 15 0, v0xb28d2c960_0;  1 drivers
v0xb28d2f5c0_0 .net "recovery_ready", 0 0, v0xb28d2c640_0;  1 drivers
v0xb28d2f660_0 .net/s "rom_sample", 15 0, v0xb28d2cd20_0;  1 drivers
v0xb28d2f700_0 .var "rx_watchdog", 23 0;
v0xb28d2f7a0_0 .var "sample_addr", 9 0;
v0xb28d2f840_0 .var/s "sample_fallback", 15 0;
v0xb28d2f8e0_0 .net/s "sample_l", 15 0, v0xb28d2dcc0_0;  1 drivers
v0xb28d2f980_0 .net/s "sample_r", 15 0, v0xb28d2dd60_0;  1 drivers
v0xb28d2fa20_0 .net "sample_req", 0 0, v0xb28d2b0c0_0;  1 drivers
v0xb28d2fac0_0 .net "sample_strobe", 0 0, v0xb28d2de00_0;  1 drivers
v0xb28d2fb60_0 .net "spdif_active", 0 0, v0xb28d2d4a0_0;  1 drivers
v0xb28d2fc00_0 .net "spdif_locked", 0 0, v0xb28d2d9a0_0;  1 drivers
v0xb28d2fca0_0 .net "system_ready", 0 0, L_0xb28d31860;  1 drivers
L_0xb28cfdb80 .cmp/ge 24, v0xb28d2f700_0, L_0xb28878d00;
L_0xb28d31860 .part v0xb28d2f2a0_0, 1, 1;
L_0xb28d31900 .reduce/nor L_0xb28cfdb80;
L_0xb28d31e00 .reduce/nor L_0xb28d31860;
L_0xb28d3c320 .functor MUXZ 16, v0xb28d2f840_0, v0xb28d2c820_0, L_0xb291f1340, C4<>;
L_0xb28d3c3c0 .functor MUXZ 16, v0xb28d2f840_0, v0xb28d2c960_0, L_0xb291f1340, C4<>;
L_0xb28cfdfe0 .concat [ 22 10 0 0], v0xb28d2f020_0, L_0xb28878fd0;
L_0xb28cfe080 .cmp/ne 32, L_0xb28cfdfe0, L_0xb28879018;
L_0xb28d31ea0 .reduce/nor L_0xb291f1340;
S_0xb28d24900 .scope module, "i2s" "i2s_tx" 5 436, 5 21 0, S_0xb2925c000;
 .timescale -12 -12;
    .port_info 0 /INPUT 1 "clk";
    .port_info 1 /INPUT 16 "sample_l";
    .port_info 2 /INPUT 16 "sample_r";
    .port_info 3 /INPUT 32 "rate_adjust";
    .port_info 4 /OUTPUT 1 "sample_req";
    .port_info 5 /OUTPUT 1 "bclk";
    .port_info 6 /OUTPUT 1 "lrclk";
    .port_info 7 /OUTPUT 1 "sdata";
P_0x1049996f0 .param/l "CHANNEL_BITS" 0 5 23, +C4<00000000000000000000000000100000>;
P_0x104999730 .param/l "LEFT_SLOT_LAST" 1 5 39, +C4<00000000000000000000000000011111>;
P_0x104999770 .param/l "PHASE_INCREMENT" 0 5 24, C4<00100000110001001001101110100110>;
P_0x1049997b0 .param/l "RIGHT_DATA_LAST" 1 5 38, +C4<00000000000000000000000000101111>;
P_0x1049997f0 .param/l "RIGHT_SLOT_FIRST" 1 5 37, +C4<00000000000000000000000000100000>;
P_0x104999830 .param/l "SAMPLE_BITS" 0 5 22, +C4<00000000000000000000000000010000>;
P_0x104999870 .param/l "SLOT_LAST" 1 5 40, +C4<00000000000000000000000000111111>;
L_0xb28878f40 .functor BUFT 1, C4<000100000110001001001101110100110>, C4<0>, C4<0>, C4<0>;
v0xb28d2a760_0 .net/2s *"_ivl_0", 32 0, L_0xb28878f40;  1 drivers
v0xb28d2a800_0 .net/s *"_ivl_2", 32 0, L_0xb28cfdea0;  1 drivers
L_0xb28878f88 .functor BUFT 1, C4<0>, C4<0>, C4<0>, C4<0>;
v0xb28d2a8a0_0 .net/2u *"_ivl_6", 0 0, L_0xb28878f88;  1 drivers
v0xb28d2a940_0 .net *"_ivl_8", 32 0, L_0xb28cfdf40;  1 drivers
v0xb28d2a9e0_0 .var "bclk", 0 0;
v0xb28d2aa80_0 .net "clk", 0 0, o0xb28854060;  alias, 0 drivers
v0xb28d2ab20_0 .var "lrclk", 0 0;
v0xb28d2abc0_0 .var "phase_accumulator", 31 0;
v0xb28d2ac60_0 .net/s "phase_step", 32 0, L_0xb28d3c1e0;  1 drivers
v0xb28d2ad00_0 .net "phase_sum", 32 0, L_0xb28d3c280;  1 drivers
v0xb28d2ada0_0 .net/s "rate_adjust", 31 0, v0xb28d2c500_0;  alias, 1 drivers
v0xb28d2ae40_0 .net/s "sample_l", 15 0, L_0xb28d3c320;  1 drivers
v0xb28d2aee0_0 .var/s "sample_l_hold", 15 0;
v0xb28d2af80_0 .net/s "sample_r", 15 0, L_0xb28d3c3c0;  1 drivers
v0xb28d2b020_0 .var/s "sample_r_hold", 15 0;
v0xb28d2b0c0_0 .var "sample_req", 0 0;
v0xb28d2b160_0 .var "sdata", 0 0;
v0xb28d2b200_0 .var "slot", 15 0;
E_0xb29274940 .event posedge, v0xb28d2aa80_0;
L_0xb28cfdea0 .extend/s 33, v0xb28d2c500_0;
L_0xb28d3c1e0 .arith/sum 33, L_0xb28878f40, L_0xb28cfdea0;
L_0xb28cfdf40 .concat [ 32 1 0 0], v0xb28d2abc0_0, L_0xb28878f88;
L_0xb28d3c280 .arith/sum 33, L_0xb28cfdf40, L_0xb28d3c1e0;
S_0xb28d24a80 .scope module, "pll" "pll_96m" 5 374, 5 161 0, S_0xb2925c000;
 .timescale -12 -12;
    .port_info 0 /INPUT 1 "clk_12m";
    .port_info 1 /OUTPUT 1 "clk_96m";
    .port_info 2 /OUTPUT 1 "pll_lock";
v0xb28d2ba20_0 .net "clk_12m", 0 0, o0xb28854540;  alias, 0 drivers
v0xb28d2bac0_0 .net "clk_96m", 0 0, o0xb28854060;  alias, 0 drivers
v0xb28d2bb60_0 .net "pll_lock", 0 0, o0xb28854510;  alias, 0 drivers
S_0xb28d24c00 .scope module, "pll_i" "SB_PLL40_PAD" 5 172, 3 2456 0, S_0xb28d24a80;
 .timescale -12 -12;
    .port_info 0 /INPUT 1 "PACKAGEPIN";
    .port_info 1 /OUTPUT 1 "PLLOUTCORE";
    .port_info 2 /OUTPUT 1 "PLLOUTGLOBAL";
    .port_info 3 /INPUT 1 "EXTFEEDBACK";
    .port_info 4 /INPUT 8 "DYNAMICDELAY";
    .port_info 5 /OUTPUT 1 "LOCK";
    .port_info 6 /INPUT 1 "BYPASS";
    .port_info 7 /INPUT 1 "RESETB";
    .port_info 8 /INPUT 1 "LATCHINPUTVALUE";
    .port_info 9 /OUTPUT 1 "SDO";
    .port_info 10 /INPUT 1 "SDI";
    .port_info 11 /INPUT 1 "SCLK";
P_0x10499a2f0 .param/str "DELAY_ADJUSTMENT_MODE_FEEDBACK" 0 3 2471, "FIXED";
P_0x10499a330 .param/str "DELAY_ADJUSTMENT_MODE_RELATIVE" 0 3 2472, "FIXED";
P_0x10499a370 .param/l "DIVF" 0 3 2478, C4<0111111>;
P_0x10499a3b0 .param/l "DIVQ" 0 3 2479, C4<100>;
P_0x10499a3f0 .param/l "DIVR" 0 3 2477, C4<0000>;
P_0x10499a430 .param/l "ENABLE_ICEGATE" 0 3 2481, C4<0>;
P_0x10499a470 .param/l "EXTERNAL_DIVIDE_FACTOR" 0 3 2483, +C4<00000000000000000000000000000001>;
P_0x10499a4b0 .param/l "FDA_FEEDBACK" 0 3 2474, C4<0000>;
P_0x10499a4f0 .param/l "FDA_RELATIVE" 0 3 2475, C4<0000>;
P_0x10499a530 .param/str "FEEDBACK_PATH" 0 3 2470, "SIMPLE";
P_0x10499a570 .param/l "FILTER_RANGE" 0 3 2480, C4<001>;
P_0x10499a5b0 .param/str "PLLOUT_SELECT" 0 3 2476, "GENCLK";
P_0x10499a5f0 .param/l "SHIFTREG_DIV_MODE" 0 3 2473, C4<0>;
P_0x10499a630 .param/l "TEST_MODE" 0 3 2482, C4<0>;
L_0xb28878d48 .functor BUFT 1, C4<0>, C4<0>, C4<0>, C4<0>;
v0xb28d2b2a0_0 .net "BYPASS", 0 0, L_0xb28878d48;  1 drivers
o0xb28854480 .functor BUFZ 8, c4<zzzzzzzz>; HiZ drive
v0xb28d2b340_0 .net "DYNAMICDELAY", 7 0, o0xb28854480;  0 drivers
o0xb288544b0 .functor BUFZ 1, c4<z>; HiZ drive
v0xb28d2b3e0_0 .net "EXTFEEDBACK", 0 0, o0xb288544b0;  0 drivers
o0xb288544e0 .functor BUFZ 1, c4<z>; HiZ drive
v0xb28d2b480_0 .net "LATCHINPUTVALUE", 0 0, o0xb288544e0;  0 drivers
v0xb28d2b520_0 .net "LOCK", 0 0, o0xb28854510;  alias, 0 drivers
v0xb28d2b5c0_0 .net "PACKAGEPIN", 0 0, o0xb28854540;  alias, 0 drivers
v0xb28d2b660_0 .net "PLLOUTCORE", 0 0, o0xb28854060;  alias, 0 drivers
o0xb28854570 .functor BUFZ 1, c4<z>; HiZ drive
v0xb28d2b700_0 .net "PLLOUTGLOBAL", 0 0, o0xb28854570;  0 drivers
L_0xb28878d90 .functor BUFT 1, C4<1>, C4<0>, C4<0>, C4<0>;
v0xb28d2b7a0_0 .net "RESETB", 0 0, L_0xb28878d90;  1 drivers
o0xb288545d0 .functor BUFZ 1, c4<z>; HiZ drive
v0xb28d2b840_0 .net "SCLK", 0 0, o0xb288545d0;  0 drivers
o0xb28854600 .functor BUFZ 1, c4<z>; HiZ drive
v0xb28d2b8e0_0 .net "SDI", 0 0, o0xb28854600;  0 drivers
o0xb28854630 .functor BUFZ 1, c4<z>; HiZ drive
v0xb28d2b980_0 .net "SDO", 0 0, o0xb28854630;  0 drivers
S_0xb28d24f00 .scope module, "recovery" "audio_clock_recovery" 5 419, 5 90 0, S_0xb2925c000;
 .timescale -12 -12;
    .port_info 0 /INPUT 1 "clk";
    .port_info 1 /INPUT 1 "reset";
    .port_info 2 /INPUT 1 "sample_strobe";
    .port_info 3 /INPUT 16 "sample_l_in";
    .port_info 4 /INPUT 16 "sample_r_in";
    .port_info 5 /INPUT 1 "sample_req";
    .port_info 6 /OUTPUT 16 "sample_l_out";
    .port_info 7 /OUTPUT 16 "sample_r_out";
    .port_info 8 /OUTPUT 32 "rate_adjust";
    .port_info 9 /OUTPUT 1 "ready";
    .port_info 10 /OUTPUT 5 "level";
P_0xb28cf12c0 .param/l "FIFO_ADDR_BITS" 0 5 92, +C4<00000000000000000000000000000100>;
P_0xb28cf1300 .param/l "FIFO_DEPTH" 0 5 91, +C4<00000000000000000000000000010000>;
P_0xb28cf1340 .param/l "RATE_LIMIT" 0 5 94, +C4<00000000000100000000000000000000>;
P_0xb28cf1380 .param/l "RATE_STEP" 0 5 93, +C4<00000000000000000000000000010000>;
P_0xb28cf13c0 .param/l "TARGET_LEVEL" 1 5 108, +C4<00000000000000000000000000001000>;
L_0xb291f15e0 .functor AND 1, v0xb28d2de00_0, L_0xb28cfdcc0, C4<1>, C4<1>;
L_0xb291f1650 .functor AND 1, v0xb28d2b0c0_0, v0xb28d2c640_0, C4<1>, C4<1>;
L_0xb291f16c0 .functor AND 1, L_0xb291f1650, L_0xb28cfde00, C4<1>, C4<1>;
v0xb28d2bc00_0 .net *"_ivl_0", 31 0, L_0xb28cfdc20;  1 drivers
v0xb28d2bca0_0 .net *"_ivl_11", 0 0, L_0xb291f1650;  1 drivers
v0xb28d2bd40_0 .net *"_ivl_12", 31 0, L_0xb28cfdd60;  1 drivers
L_0xb28878e68 .functor BUFT 1, C4<000000000000000000000000000>, C4<0>, C4<0>, C4<0>;
v0xb28d2bde0_0 .net *"_ivl_15", 26 0, L_0xb28878e68;  1 drivers
L_0xb28878eb0 .functor BUFT 1, C4<00000000000000000000000000000000>, C4<0>, C4<0>, C4<0>;
v0xb28d2be80_0 .net/2u *"_ivl_16", 31 0, L_0xb28878eb0;  1 drivers
v0xb28d2bf20_0 .net *"_ivl_18", 0 0, L_0xb28cfde00;  1 drivers
L_0xb28878dd8 .functor BUFT 1, C4<000000000000000000000000000>, C4<0>, C4<0>, C4<0>;
v0xb28d2c000_0 .net *"_ivl_3", 26 0, L_0xb28878dd8;  1 drivers
L_0xb28878e20 .functor BUFT 1, C4<00000000000000000000000000010000>, C4<0>, C4<0>, C4<0>;
v0xb28d2c0a0_0 .net/2u *"_ivl_4", 31 0, L_0xb28878e20;  1 drivers
v0xb28d2c140_0 .net *"_ivl_6", 0 0, L_0xb28cfdcc0;  1 drivers
v0xb28d2c1e0_0 .net "clk", 0 0, o0xb28854060;  alias, 0 drivers
v0xb28d2c280 .array "fifo", 15 0, 31 0;
v0xb28d2c320_0 .var "level", 4 0;
v0xb28d2c3c0_0 .net "pop", 0 0, L_0xb291f16c0;  1 drivers
v0xb28d2c460_0 .net "push", 0 0, L_0xb291f15e0;  1 drivers
v0xb28d2c500_0 .var/s "rate_adjust", 31 0;
v0xb28d2c5a0_0 .var "read_ptr", 3 0;
v0xb28d2c640_0 .var "ready", 0 0;
v0xb28d2c6e0_0 .net "reset", 0 0, L_0xb291f1730;  1 drivers
v0xb28d2c780_0 .net/s "sample_l_in", 15 0, v0xb28d2dcc0_0;  alias, 1 drivers
v0xb28d2c820_0 .var/s "sample_l_out", 15 0;
v0xb28d2c8c0_0 .net/s "sample_r_in", 15 0, v0xb28d2dd60_0;  alias, 1 drivers
v0xb28d2c960_0 .var/s "sample_r_out", 15 0;
v0xb28d2ca00_0 .net "sample_req", 0 0, v0xb28d2b0c0_0;  alias, 1 drivers
v0xb28d2caa0_0 .net "sample_strobe", 0 0, v0xb28d2de00_0;  alias, 1 drivers
v0xb28d2cb40_0 .var "write_ptr", 3 0;
L_0xb28cfdc20 .concat [ 5 27 0 0], v0xb28d2c320_0, L_0xb28878dd8;
L_0xb28cfdcc0 .cmp/gt 32, L_0xb28878e20, L_0xb28cfdc20;
L_0xb28cfdd60 .concat [ 5 27 0 0], v0xb28d2c320_0, L_0xb28878e68;
L_0xb28cfde00 .cmp/ne 32, L_0xb28cfdd60, L_0xb28878eb0;
S_0xb28d25200 .scope module, "rom" "tone_rom" 5 385, 5 2 0, S_0xb2925c000;
 .timescale -12 -12;
    .port_info 0 /INPUT 1 "clk";
    .port_info 1 /INPUT 10 "addr";
    .port_info 2 /OUTPUT 16 "data";
P_0xb28d07380 .param/str "INIT_FILE" 0 5 3, "mem_init.txt";
v0xb28d2cbe0_0 .net "addr", 9 0, v0xb28d2f7a0_0;  1 drivers
v0xb28d2cc80_0 .net "clk", 0 0, o0xb28854060;  alias, 0 drivers
v0xb28d2cd20_0 .var/s "data", 15 0;
v0xb28d2cdc0 .array/s "mem", 1023 0, 15 0;
S_0xb28d25380 .scope module, "rx" "spdif_rx" 5 409, 5 182 0, S_0xb2925c000;
 .timescale -12 -12;
    .port_info 0 /INPUT 1 "clk";
    .port_info 1 /INPUT 1 "spdif_in";
    .port_info 2 /OUTPUT 16 "sample_l";
    .port_info 3 /OUTPUT 16 "sample_r";
    .port_info 4 /OUTPUT 1 "sample_strobe";
    .port_info 5 /OUTPUT 1 "active";
    .port_info 6 /OUTPUT 1 "locked";
P_0xb29171500 .param/l "IDLE_MAX" 1 5 217, C4<0110111>;
P_0xb29171540 .param/l "LONG_MAX" 1 5 215, C4<0010100>;
P_0xb29171580 .param/l "SHORT_MAX" 1 5 214, C4<0001011>;
P_0xb291715c0 .param/l "SYNC_MIN" 1 5 216, C4<0010101>;
L_0xb291f13b0 .functor AND 1, L_0xb28d319a0, L_0xb28d31a40, C4<1>, C4<1>;
L_0xb291f1420 .functor AND 1, L_0xb28d31ae0, L_0xb28d31b80, C4<1>, C4<1>;
L_0xb291f1490 .functor OR 1, L_0xb291f13b0, L_0xb291f1420, C4<0>, C4<0>;
L_0xb291f1500 .functor AND 1, L_0xb28d31c20, L_0xb28d31cc0, C4<1>, C4<1>;
L_0xb291f1570 .functor OR 1, L_0xb291f1490, L_0xb291f1500, C4<0>, C4<0>;
v0xb28d2ce60_0 .net *"_ivl_1", 0 0, L_0xb28d319a0;  1 drivers
v0xb28d2cf00_0 .net *"_ivl_10", 0 0, L_0xb291f1420;  1 drivers
v0xb28d2cfa0_0 .net *"_ivl_12", 0 0, L_0xb291f1490;  1 drivers
v0xb28d2d040_0 .net *"_ivl_15", 0 0, L_0xb28d31c20;  1 drivers
v0xb28d2d0e0_0 .net *"_ivl_17", 0 0, L_0xb28d31cc0;  1 drivers
v0xb28d2d180_0 .net *"_ivl_18", 0 0, L_0xb291f1500;  1 drivers
v0xb28d2d220_0 .net *"_ivl_3", 0 0, L_0xb28d31a40;  1 drivers
v0xb28d2d2c0_0 .net *"_ivl_4", 0 0, L_0xb291f13b0;  1 drivers
v0xb28d2d360_0 .net *"_ivl_7", 0 0, L_0xb28d31ae0;  1 drivers
v0xb28d2d400_0 .net *"_ivl_9", 0 0, L_0xb28d31b80;  1 drivers
v0xb28d2d4a0_0 .var "active", 0 0;
v0xb28d2d540_0 .var "bit_count", 5 0;
v0xb28d2d5e0_0 .var "channel_sel", 0 0;
v0xb28d2d680_0 .var "channel_valid", 0 0;
v0xb28d2d720_0 .net "clk", 0 0, o0xb28854060;  alias, 0 drivers
v0xb28d2d7c0_0 .var "edge_ticks", 6 0;
v0xb28d2d860_0 .var "good_subframes", 5 0;
v0xb28d2d900_0 .var "in_preamble", 0 0;
v0xb28d2d9a0_0 .var "locked", 0 0;
v0xb28d2da40_0 .var "pending_short", 0 0;
v0xb28d2dae0_0 .var "preamble_right", 0 0;
v0xb28d2db80_0 .var "preamble_step", 1 0;
v0xb28d2dc20_0 .var "quiet_ticks", 6 0;
v0xb28d2dcc0_0 .var/s "sample_l", 15 0;
v0xb28d2dd60_0 .var/s "sample_r", 15 0;
v0xb28d2de00_0 .var "sample_strobe", 0 0;
v0xb28d2dea0_0 .var "spdif_f", 0 0;
v0xb28d2df40_0 .var "spdif_ff", 0 0;
v0xb28d2dfe0_0 .net "spdif_in", 0 0, o0xb288554a0;  alias, 0 drivers
v0xb28d2e080_0 .net "spdif_maj", 0 0, L_0xb291f1570;  1 drivers
v0xb28d2e120_0 .var "spdif_sync", 2 0;
v0xb28d2e1c0_0 .var "subframe_bits", 27 0;
v0xb28d2e260_0 .net "w_sel", 15 0, L_0xb28d31d60;  1 drivers
L_0xb28d319a0 .part v0xb28d2e120_0, 2, 1;
L_0xb28d31a40 .part v0xb28d2e120_0, 1, 1;
L_0xb28d31ae0 .part v0xb28d2e120_0, 2, 1;
L_0xb28d31b80 .part v0xb28d2e120_0, 0, 1;
L_0xb28d31c20 .part v0xb28d2e120_0, 1, 1;
L_0xb28d31cc0 .part v0xb28d2e120_0, 0, 1;
L_0xb28d31d60 .part v0xb28d2e1c0_0, 8, 16;
    .scope S_0x104993410;
T_2 ;
    %pushi/vec4 0, 0, 1;
    %store/vec4 v0xb28ceeda0_0, 0, 1;
    %pushi/vec4 0, 0, 1;
    %store/vec4 v0xb28ceee40_0, 0, 1;
    %end;
    .thread T_2, $init;
    .scope S_0x104993410;
T_3 ;
    %wait E_0xb29243ac0;
    %load/vec4 v0xb28ced4a0_0;
    %flag_set/vec4 8;
    %jmp/0xz  T_3.0, 8;
    %load/vec4 v0xb28ced900_0;
    %flag_set/vec4 8;
    %jmp/0 T_3.2, 8;
    %pushi/vec4 0, 0, 1;
    %jmp/1 T_3.3, 8;
T_3.2 ; End of true expr.
    %load/vec4 v0xb28ceea80_0;
    %jmp/0 T_3.3, 8;
 ; End of false expr.
    %blend;
T_3.3;
    %assign/vec4 v0xb28ceeda0_0, 0;
T_3.0 ;
    %jmp T_3;
    .thread T_3;
    .scope S_0x104993410;
T_4 ;
    %wait E_0xb29243a80;
    %load/vec4 v0xb28ced900_0;
    %flag_set/vec4 8;
    %jmp/0xz  T_4.0, 8;
    %pushi/vec4 0, 0, 1;
    %assign/vec4 v0xb28ceee40_0, 0;
    %jmp T_4.1;
T_4.0 ;
    %load/vec4 v0xb28ced4a0_0;
    %flag_set/vec4 8;
    %jmp/0xz  T_4.2, 8;
    %load/vec4 v0xb28ceea80_0;
    %assign/vec4 v0xb28ceee40_0, 0;
T_4.2 ;
T_4.1 ;
    %jmp T_4;
    .thread T_4;
    .scope S_0xb28cad680;
T_5 ;
    %pushi/vec4 0, 0, 32;
    %store/vec4 v0xb28cef8e0_0, 0, 32;
T_5.0 ; Top of for-loop
    %load/vec4 v0xb28cef8e0_0;
    %cmpi/s 16, 0, 32;
	  %jmp/0xz T_5.1, 5;
    %pushi/vec4 0, 0, 256;
    %load/vec4 v0xb28cef8e0_0;
    %muli 16, 0, 32;
    %part/s 16;
    %pushi/vec4 0, 0, 32;
    %load/vec4 v0xb28cef8e0_0;
    %add;
    %ix/vec4/s 4;
    %store/vec4a v0xb28cef980, 4, 0;
    %pushi/vec4 0, 0, 256;
    %load/vec4 v0xb28cef8e0_0;
    %muli 16, 0, 32;
    %part/s 16;
    %pushi/vec4 16, 0, 32;
    %load/vec4 v0xb28cef8e0_0;
    %add;
    %ix/vec4/s 4;
    %store/vec4a v0xb28cef980, 4, 0;
    %pushi/vec4 0, 0, 256;
    %load/vec4 v0xb28cef8e0_0;
    %muli 16, 0, 32;
    %part/s 16;
    %pushi/vec4 32, 0, 32;
    %load/vec4 v0xb28cef8e0_0;
    %add;
    %ix/vec4/s 4;
    %store/vec4a v0xb28cef980, 4, 0;
    %pushi/vec4 0, 0, 256;
    %load/vec4 v0xb28cef8e0_0;
    %muli 16, 0, 32;
    %part/s 16;
    %pushi/vec4 48, 0, 32;
    %load/vec4 v0xb28cef8e0_0;
    %add;
    %ix/vec4/s 4;
    %store/vec4a v0xb28cef980, 4, 0;
    %pushi/vec4 0, 0, 256;
    %load/vec4 v0xb28cef8e0_0;
    %muli 16, 0, 32;
    %part/s 16;
    %pushi/vec4 64, 0, 32;
    %load/vec4 v0xb28cef8e0_0;
    %add;
    %ix/vec4/s 4;
    %store/vec4a v0xb28cef980, 4, 0;
    %pushi/vec4 0, 0, 256;
    %load/vec4 v0xb28cef8e0_0;
    %muli 16, 0, 32;
    %part/s 16;
    %pushi/vec4 80, 0, 32;
    %load/vec4 v0xb28cef8e0_0;
    %add;
    %ix/vec4/s 4;
    %store/vec4a v0xb28cef980, 4, 0;
    %pushi/vec4 0, 0, 256;
    %load/vec4 v0xb28cef8e0_0;
    %muli 16, 0, 32;
    %part/s 16;
    %pushi/vec4 96, 0, 32;
    %load/vec4 v0xb28cef8e0_0;
    %add;
    %ix/vec4/s 4;
    %store/vec4a v0xb28cef980, 4, 0;
    %pushi/vec4 0, 0, 256;
    %load/vec4 v0xb28cef8e0_0;
    %muli 16, 0, 32;
    %part/s 16;
    %pushi/vec4 112, 0, 32;
    %load/vec4 v0xb28cef8e0_0;
    %add;
    %ix/vec4/s 4;
    %store/vec4a v0xb28cef980, 4, 0;
    %pushi/vec4 0, 0, 256;
    %load/vec4 v0xb28cef8e0_0;
    %muli 16, 0, 32;
    %part/s 16;
    %pushi/vec4 128, 0, 32;
    %load/vec4 v0xb28cef8e0_0;
    %add;
    %ix/vec4/s 4;
    %store/vec4a v0xb28cef980, 4, 0;
    %pushi/vec4 0, 0, 256;
    %load/vec4 v0xb28cef8e0_0;
    %muli 16, 0, 32;
    %part/s 16;
    %pushi/vec4 144, 0, 32;
    %load/vec4 v0xb28cef8e0_0;
    %add;
    %ix/vec4/s 4;
    %store/vec4a v0xb28cef980, 4, 0;
    %pushi/vec4 0, 0, 256;
    %load/vec4 v0xb28cef8e0_0;
    %muli 16, 0, 32;
    %part/s 16;
    %pushi/vec4 160, 0, 32;
    %load/vec4 v0xb28cef8e0_0;
    %add;
    %ix/vec4/s 4;
    %store/vec4a v0xb28cef980, 4, 0;
    %pushi/vec4 0, 0, 256;
    %load/vec4 v0xb28cef8e0_0;
    %muli 16, 0, 32;
    %part/s 16;
    %pushi/vec4 176, 0, 32;
    %load/vec4 v0xb28cef8e0_0;
    %add;
    %ix/vec4/s 4;
    %store/vec4a v0xb28cef980, 4, 0;
    %pushi/vec4 0, 0, 256;
    %load/vec4 v0xb28cef8e0_0;
    %muli 16, 0, 32;
    %part/s 16;
    %pushi/vec4 192, 0, 32;
    %load/vec4 v0xb28cef8e0_0;
    %add;
    %ix/vec4/s 4;
    %store/vec4a v0xb28cef980, 4, 0;
    %pushi/vec4 0, 0, 256;
    %load/vec4 v0xb28cef8e0_0;
    %muli 16, 0, 32;
    %part/s 16;
    %pushi/vec4 208, 0, 32;
    %load/vec4 v0xb28cef8e0_0;
    %add;
    %ix/vec4/s 4;
    %store/vec4a v0xb28cef980, 4, 0;
    %pushi/vec4 0, 0, 256;
    %load/vec4 v0xb28cef8e0_0;
    %muli 16, 0, 32;
    %part/s 16;
    %pushi/vec4 224, 0, 32;
    %load/vec4 v0xb28cef8e0_0;
    %add;
    %ix/vec4/s 4;
    %store/vec4a v0xb28cef980, 4, 0;
    %pushi/vec4 0, 0, 256;
    %load/vec4 v0xb28cef8e0_0;
    %muli 16, 0, 32;
    %part/s 16;
    %pushi/vec4 240, 0, 32;
    %load/vec4 v0xb28cef8e0_0;
    %add;
    %ix/vec4/s 4;
    %store/vec4a v0xb28cef980, 4, 0;
T_5.2 ; for-loop step statement
    %load/vec4 v0xb28cef8e0_0;
    %addi 1, 0, 32;
    %store/vec4 v0xb28cef8e0_0, 0, 32;
    %jmp T_5.0;
T_5.1 ; for-loop exit label
    %end;
    .thread T_5;
    .scope S_0xb28cad680;
T_6 ;
    %wait E_0xb29243b40;
    %load/vec4 v0xb28cef7a0_0;
    %flag_set/vec4 9;
    %flag_get/vec4 9;
    %jmp/0 T_6.2, 9;
    %load/vec4 v0xb28cef5c0_0;
    %and;
T_6.2;
    %flag_set/vec4 8;
    %jmp/0xz  T_6.0, 8;
    %load/vec4 v0xb28cef840_0;
    %parti/s 1, 0, 2;
    %nor/r;
    %flag_set/vec4 8;
    %jmp/0xz  T_6.3, 8;
    %load/vec4 v0xb28cef700_0;
    %parti/s 1, 0, 2;
    %load/vec4 v0xb28cef480_0;
    %parti/s 8, 0, 2;
    %pad/u 10;
    %ix/vec4 3;
    %ix/load 4, 0, 0; Constant delay
    %assign/vec4/a/d v0xb28cef980, 0, 4;
T_6.3 ;
    %load/vec4 v0xb28cef840_0;
    %parti/s 1, 1, 2;
    %nor/r;
    %flag_set/vec4 8;
    %jmp/0xz  T_6.5, 8;
    %load/vec4 v0xb28cef700_0;
    %parti/s 1, 1, 2;
    %load/vec4 v0xb28cef480_0;
    %parti/s 8, 0, 2;
    %pad/u 10;
    %ix/vec4 3;
    %ix/load 4, 1, 0; part off
    %ix/load 5, 0, 0; Constant delay
    %assign/vec4/a/d v0xb28cef980, 4, 5;
T_6.5 ;
    %load/vec4 v0xb28cef840_0;
    %parti/s 1, 2, 3;
    %nor/r;
    %flag_set/vec4 8;
    %jmp/0xz  T_6.7, 8;
    %load/vec4 v0xb28cef700_0;
    %parti/s 1, 2, 3;
    %load/vec4 v0xb28cef480_0;
    %parti/s 8, 0, 2;
    %pad/u 10;
    %ix/vec4 3;
    %ix/load 4, 2, 0; part off
    %ix/load 5, 0, 0; Constant delay
    %assign/vec4/a/d v0xb28cef980, 4, 5;
T_6.7 ;
    %load/vec4 v0xb28cef840_0;
    %parti/s 1, 3, 3;
    %nor/r;
    %flag_set/vec4 8;
    %jmp/0xz  T_6.9, 8;
    %load/vec4 v0xb28cef700_0;
    %parti/s 1, 3, 3;
    %load/vec4 v0xb28cef480_0;
    %parti/s 8, 0, 2;
    %pad/u 10;
    %ix/vec4 3;
    %ix/load 4, 3, 0; part off
    %ix/load 5, 0, 0; Constant delay
    %assign/vec4/a/d v0xb28cef980, 4, 5;
T_6.9 ;
    %load/vec4 v0xb28cef840_0;
    %parti/s 1, 4, 4;
    %nor/r;
    %flag_set/vec4 8;
    %jmp/0xz  T_6.11, 8;
    %load/vec4 v0xb28cef700_0;
    %parti/s 1, 4, 4;
    %load/vec4 v0xb28cef480_0;
    %parti/s 8, 0, 2;
    %pad/u 10;
    %ix/vec4 3;
    %ix/load 4, 4, 0; part off
    %ix/load 5, 0, 0; Constant delay
    %assign/vec4/a/d v0xb28cef980, 4, 5;
T_6.11 ;
    %load/vec4 v0xb28cef840_0;
    %parti/s 1, 5, 4;
    %nor/r;
    %flag_set/vec4 8;
    %jmp/0xz  T_6.13, 8;
    %load/vec4 v0xb28cef700_0;
    %parti/s 1, 5, 4;
    %load/vec4 v0xb28cef480_0;
    %parti/s 8, 0, 2;
    %pad/u 10;
    %ix/vec4 3;
    %ix/load 4, 5, 0; part off
    %ix/load 5, 0, 0; Constant delay
    %assign/vec4/a/d v0xb28cef980, 4, 5;
T_6.13 ;
    %load/vec4 v0xb28cef840_0;
    %parti/s 1, 6, 4;
    %nor/r;
    %flag_set/vec4 8;
    %jmp/0xz  T_6.15, 8;
    %load/vec4 v0xb28cef700_0;
    %parti/s 1, 6, 4;
    %load/vec4 v0xb28cef480_0;
    %parti/s 8, 0, 2;
    %pad/u 10;
    %ix/vec4 3;
    %ix/load 4, 6, 0; part off
    %ix/load 5, 0, 0; Constant delay
    %assign/vec4/a/d v0xb28cef980, 4, 5;
T_6.15 ;
    %load/vec4 v0xb28cef840_0;
    %parti/s 1, 7, 4;
    %nor/r;
    %flag_set/vec4 8;
    %jmp/0xz  T_6.17, 8;
    %load/vec4 v0xb28cef700_0;
    %parti/s 1, 7, 4;
    %load/vec4 v0xb28cef480_0;
    %parti/s 8, 0, 2;
    %pad/u 10;
    %ix/vec4 3;
    %ix/load 4, 7, 0; part off
    %ix/load 5, 0, 0; Constant delay
    %assign/vec4/a/d v0xb28cef980, 4, 5;
T_6.17 ;
    %load/vec4 v0xb28cef840_0;
    %parti/s 1, 8, 5;
    %nor/r;
    %flag_set/vec4 8;
    %jmp/0xz  T_6.19, 8;
    %load/vec4 v0xb28cef700_0;
    %parti/s 1, 8, 5;
    %load/vec4 v0xb28cef480_0;
    %parti/s 8, 0, 2;
    %pad/u 10;
    %ix/vec4 3;
    %ix/load 4, 8, 0; part off
    %ix/load 5, 0, 0; Constant delay
    %assign/vec4/a/d v0xb28cef980, 4, 5;
T_6.19 ;
    %load/vec4 v0xb28cef840_0;
    %parti/s 1, 9, 5;
    %nor/r;
    %flag_set/vec4 8;
    %jmp/0xz  T_6.21, 8;
    %load/vec4 v0xb28cef700_0;
    %parti/s 1, 9, 5;
    %load/vec4 v0xb28cef480_0;
    %parti/s 8, 0, 2;
    %pad/u 10;
    %ix/vec4 3;
    %ix/load 4, 9, 0; part off
    %ix/load 5, 0, 0; Constant delay
    %assign/vec4/a/d v0xb28cef980, 4, 5;
T_6.21 ;
    %load/vec4 v0xb28cef840_0;
    %parti/s 1, 10, 5;
    %nor/r;
    %flag_set/vec4 8;
    %jmp/0xz  T_6.23, 8;
    %load/vec4 v0xb28cef700_0;
    %parti/s 1, 10, 5;
    %load/vec4 v0xb28cef480_0;
    %parti/s 8, 0, 2;
    %pad/u 10;
    %ix/vec4 3;
    %ix/load 4, 10, 0; part off
    %ix/load 5, 0, 0; Constant delay
    %assign/vec4/a/d v0xb28cef980, 4, 5;
T_6.23 ;
    %load/vec4 v0xb28cef840_0;
    %parti/s 1, 11, 5;
    %nor/r;
    %flag_set/vec4 8;
    %jmp/0xz  T_6.25, 8;
    %load/vec4 v0xb28cef700_0;
    %parti/s 1, 11, 5;
    %load/vec4 v0xb28cef480_0;
    %parti/s 8, 0, 2;
    %pad/u 10;
    %ix/vec4 3;
    %ix/load 4, 11, 0; part off
    %ix/load 5, 0, 0; Constant delay
    %assign/vec4/a/d v0xb28cef980, 4, 5;
T_6.25 ;
    %load/vec4 v0xb28cef840_0;
    %parti/s 1, 12, 5;
    %nor/r;
    %flag_set/vec4 8;
    %jmp/0xz  T_6.27, 8;
    %load/vec4 v0xb28cef700_0;
    %parti/s 1, 12, 5;
    %load/vec4 v0xb28cef480_0;
    %parti/s 8, 0, 2;
    %pad/u 10;
    %ix/vec4 3;
    %ix/load 4, 12, 0; part off
    %ix/load 5, 0, 0; Constant delay
    %assign/vec4/a/d v0xb28cef980, 4, 5;
T_6.27 ;
    %load/vec4 v0xb28cef840_0;
    %parti/s 1, 13, 5;
    %nor/r;
    %flag_set/vec4 8;
    %jmp/0xz  T_6.29, 8;
    %load/vec4 v0xb28cef700_0;
    %parti/s 1, 13, 5;
    %load/vec4 v0xb28cef480_0;
    %parti/s 8, 0, 2;
    %pad/u 10;
    %ix/vec4 3;
    %ix/load 4, 13, 0; part off
    %ix/load 5, 0, 0; Constant delay
    %assign/vec4/a/d v0xb28cef980, 4, 5;
T_6.29 ;
    %load/vec4 v0xb28cef840_0;
    %parti/s 1, 14, 5;
    %nor/r;
    %flag_set/vec4 8;
    %jmp/0xz  T_6.31, 8;
    %load/vec4 v0xb28cef700_0;
    %parti/s 1, 14, 5;
    %load/vec4 v0xb28cef480_0;
    %parti/s 8, 0, 2;
    %pad/u 10;
    %ix/vec4 3;
    %ix/load 4, 14, 0; part off
    %ix/load 5, 0, 0; Constant delay
    %assign/vec4/a/d v0xb28cef980, 4, 5;
T_6.31 ;
    %load/vec4 v0xb28cef840_0;
    %parti/s 1, 15, 5;
    %nor/r;
    %flag_set/vec4 8;
    %jmp/0xz  T_6.33, 8;
    %load/vec4 v0xb28cef700_0;
    %parti/s 1, 15, 5;
    %load/vec4 v0xb28cef480_0;
    %parti/s 8, 0, 2;
    %pad/u 10;
    %ix/vec4 3;
    %ix/load 4, 15, 0; part off
    %ix/load 5, 0, 0; Constant delay
    %assign/vec4/a/d v0xb28cef980, 4, 5;
T_6.33 ;
T_6.0 ;
    %jmp T_6;
    .thread T_6;
    .scope S_0xb28cad680;
T_7 ;
    %wait E_0xb29243b00;
    %load/vec4 v0xb28cef340_0;
    %flag_set/vec4 9;
    %flag_get/vec4 9;
    %jmp/0 T_7.2, 9;
    %load/vec4 v0xb28cef160_0;
    %and;
T_7.2;
    %flag_set/vec4 8;
    %jmp/0xz  T_7.0, 8;
    %load/vec4 v0xb28cef020_0;
    %parti/s 8, 0, 2;
    %pad/u 10;
    %ix/vec4 4;
    %load/vec4a v0xb28cef980, 4;
    %load/vec4 v0xb28cef3e0_0;
    %inv;
    %and;
    %assign/vec4 v0xb28cef2a0_0, 0;
T_7.0 ;
    %jmp T_7;
    .thread T_7;
    .scope S_0x10497c280;
T_8 ;
    %pushi/vec4 0, 0, 1;
    %store/vec4 v0xb28d0ce60_0, 0, 1;
    %end;
    .thread T_8;
    .scope S_0x10497c280;
T_9 ;
    %wait E_0xb29243b80;
    %load/vec4 v0xb28d0cdc0_0;
    %assign/vec4 v0xb28d0ce60_0, 0;
    %jmp T_9;
    .thread T_9;
    .scope S_0x104974c00;
T_10 ;
    %pushi/vec4 0, 0, 1;
    %store/vec4 v0xb28d0d0e0_0, 0, 1;
    %end;
    .thread T_10;
    .scope S_0x104974c00;
T_11 ;
    %wait E_0xb29243bc0;
    %load/vec4 v0xb28d0d040_0;
    %flag_set/vec4 8;
    %jmp/0xz  T_11.0, 8;
    %load/vec4 v0xb28d0cfa0_0;
    %assign/vec4 v0xb28d0d0e0_0, 0;
T_11.0 ;
    %jmp T_11;
    .thread T_11;
    .scope S_0x104974d80;
T_12 ;
    %pushi/vec4 0, 0, 1;
    %store/vec4 v0xb28d0d360_0, 0, 1;
    %end;
    .thread T_12;
    .scope S_0x104974d80;
T_13 ;
    %wait E_0xb29243c00;
    %load/vec4 v0xb28d0d400_0;
    %flag_set/vec4 8;
    %jmp/0xz  T_13.0, 8;
    %pushi/vec4 0, 0, 1;
    %assign/vec4 v0xb28d0d360_0, 0;
    %jmp T_13.1;
T_13.0 ;
    %load/vec4 v0xb28d0d2c0_0;
    %flag_set/vec4 8;
    %jmp/0xz  T_13.2, 8;
    %load/vec4 v0xb28d0d220_0;
    %assign/vec4 v0xb28d0d360_0, 0;
T_13.2 ;
T_13.1 ;
    %jmp T_13;
    .thread T_13;
    .scope S_0xb29258000;
T_14 ;
    %pushi/vec4 0, 0, 1;
    %store/vec4 v0xb28d0d680_0, 0, 1;
    %end;
    .thread T_14;
    .scope S_0xb29258000;
T_15 ;
    %wait E_0xb29243c40;
    %load/vec4 v0xb28d0d720_0;
    %flag_set/vec4 8;
    %jmp/0xz  T_15.0, 8;
    %pushi/vec4 1, 0, 1;
    %assign/vec4 v0xb28d0d680_0, 0;
    %jmp T_15.1;
T_15.0 ;
    %load/vec4 v0xb28d0d5e0_0;
    %flag_set/vec4 8;
    %jmp/0xz  T_15.2, 8;
    %load/vec4 v0xb28d0d540_0;
    %assign/vec4 v0xb28d0d680_0, 0;
T_15.2 ;
T_15.1 ;
    %jmp T_15;
    .thread T_15;
    .scope S_0xb29258180;
T_16 ;
    %pushi/vec4 0, 0, 1;
    %store/vec4 v0xb28d0d9a0_0, 0, 1;
    %end;
    .thread T_16;
    .scope S_0xb29258180;
T_17 ;
    %wait E_0xb29243c80;
    %load/vec4 v0xb28d0d900_0;
    %flag_set/vec4 8;
    %jmp/0xz  T_17.0, 8;
    %load/vec4 v0xb28d0da40_0;
    %flag_set/vec4 8;
    %jmp/0xz  T_17.2, 8;
    %pushi/vec4 0, 0, 1;
    %assign/vec4 v0xb28d0d9a0_0, 0;
    %jmp T_17.3;
T_17.2 ;
    %load/vec4 v0xb28d0d860_0;
    %assign/vec4 v0xb28d0d9a0_0, 0;
T_17.3 ;
T_17.0 ;
    %jmp T_17;
    .thread T_17;
    .scope S_0xb29258300;
T_18 ;
    %pushi/vec4 0, 0, 1;
    %store/vec4 v0xb28d0dcc0_0, 0, 1;
    %end;
    .thread T_18;
    .scope S_0xb29258300;
T_19 ;
    %wait E_0xb29243cc0;
    %load/vec4 v0xb28d0dc20_0;
    %flag_set/vec4 8;
    %jmp/0xz  T_19.0, 8;
    %load/vec4 v0xb28d0dd60_0;
    %flag_set/vec4 8;
    %jmp/0xz  T_19.2, 8;
    %pushi/vec4 1, 0, 1;
    %assign/vec4 v0xb28d0dcc0_0, 0;
    %jmp T_19.3;
T_19.2 ;
    %load/vec4 v0xb28d0db80_0;
    %assign/vec4 v0xb28d0dcc0_0, 0;
T_19.3 ;
T_19.0 ;
    %jmp T_19;
    .thread T_19;
    .scope S_0xb29258480;
T_20 ;
    %pushi/vec4 0, 0, 1;
    %store/vec4 v0xb28d0df40_0, 0, 1;
    %end;
    .thread T_20;
    .scope S_0xb29258480;
T_21 ;
    %wait E_0xb29243d00;
    %load/vec4 v0xb28d0dea0_0;
    %assign/vec4 v0xb28d0df40_0, 0;
    %jmp T_21;
    .thread T_21;
    .scope S_0xb29258600;
T_22 ;
    %pushi/vec4 0, 0, 1;
    %store/vec4 v0xb28d0e1c0_0, 0, 1;
    %end;
    .thread T_22;
    .scope S_0xb29258600;
T_23 ;
    %wait E_0xb29243d40;
    %load/vec4 v0xb28d0e120_0;
    %flag_set/vec4 8;
    %jmp/0xz  T_23.0, 8;
    %load/vec4 v0xb28d0e080_0;
    %assign/vec4 v0xb28d0e1c0_0, 0;
T_23.0 ;
    %jmp T_23;
    .thread T_23;
    .scope S_0xb29258780;
T_24 ;
    %pushi/vec4 0, 0, 1;
    %store/vec4 v0xb28d0e440_0, 0, 1;
    %end;
    .thread T_24;
    .scope S_0xb29258780;
T_25 ;
    %wait E_0xb29243d80;
    %load/vec4 v0xb28d0e4e0_0;
    %flag_set/vec4 8;
    %jmp/0xz  T_25.0, 8;
    %pushi/vec4 0, 0, 1;
    %assign/vec4 v0xb28d0e440_0, 0;
    %jmp T_25.1;
T_25.0 ;
    %load/vec4 v0xb28d0e3a0_0;
    %flag_set/vec4 8;
    %jmp/0xz  T_25.2, 8;
    %load/vec4 v0xb28d0e300_0;
    %assign/vec4 v0xb28d0e440_0, 0;
T_25.2 ;
T_25.1 ;
    %jmp T_25;
    .thread T_25;
    .scope S_0xb29258900;
T_26 ;
    %pushi/vec4 0, 0, 1;
    %store/vec4 v0xb28d0e760_0, 0, 1;
    %end;
    .thread T_26;
    .scope S_0xb29258900;
T_27 ;
    %wait E_0xb29243dc0;
    %load/vec4 v0xb28d0e800_0;
    %flag_set/vec4 8;
    %jmp/0xz  T_27.0, 8;
    %pushi/vec4 1, 0, 1;
    %assign/vec4 v0xb28d0e760_0, 0;
    %jmp T_27.1;
T_27.0 ;
    %load/vec4 v0xb28d0e6c0_0;
    %flag_set/vec4 8;
    %jmp/0xz  T_27.2, 8;
    %load/vec4 v0xb28d0e620_0;
    %assign/vec4 v0xb28d0e760_0, 0;
T_27.2 ;
T_27.1 ;
    %jmp T_27;
    .thread T_27;
    .scope S_0xb29258a80;
T_28 ;
    %pushi/vec4 0, 0, 1;
    %store/vec4 v0xb28d0ea80_0, 0, 1;
    %end;
    .thread T_28;
    .scope S_0xb29258a80;
T_29 ;
    %wait E_0xb29243e00;
    %load/vec4 v0xb28d0e9e0_0;
    %flag_set/vec4 8;
    %jmp/0xz  T_29.0, 8;
    %load/vec4 v0xb28d0eb20_0;
    %flag_set/vec4 8;
    %jmp/0xz  T_29.2, 8;
    %pushi/vec4 0, 0, 1;
    %assign/vec4 v0xb28d0ea80_0, 0;
    %jmp T_29.3;
T_29.2 ;
    %load/vec4 v0xb28d0e940_0;
    %assign/vec4 v0xb28d0ea80_0, 0;
T_29.3 ;
T_29.0 ;
    %jmp T_29;
    .thread T_29;
    .scope S_0xb29258c00;
T_30 ;
    %pushi/vec4 0, 0, 1;
    %store/vec4 v0xb28d0eda0_0, 0, 1;
    %end;
    .thread T_30;
    .scope S_0xb29258c00;
T_31 ;
    %wait E_0xb29243e40;
    %load/vec4 v0xb28d0ed00_0;
    %flag_set/vec4 8;
    %jmp/0xz  T_31.0, 8;
    %load/vec4 v0xb28d0ee40_0;
    %flag_set/vec4 8;
    %jmp/0xz  T_31.2, 8;
    %pushi/vec4 1, 0, 1;
    %assign/vec4 v0xb28d0eda0_0, 0;
    %jmp T_31.3;
T_31.2 ;
    %load/vec4 v0xb28d0ec60_0;
    %assign/vec4 v0xb28d0eda0_0, 0;
T_31.3 ;
T_31.0 ;
    %jmp T_31;
    .thread T_31;
    .scope S_0xb29258d80;
T_32 ;
    %pushi/vec4 0, 0, 1;
    %store/vec4 v0xb28d0f020_0, 0, 1;
    %end;
    .thread T_32;
    .scope S_0xb29258d80;
T_33 ;
    %wait E_0xb29243e80;
    %load/vec4 v0xb28d0f0c0_0;
    %flag_set/vec4 8;
    %jmp/0xz  T_33.0, 8;
    %pushi/vec4 0, 0, 1;
    %assign/vec4 v0xb28d0f020_0, 0;
    %jmp T_33.1;
T_33.0 ;
    %load/vec4 v0xb28d0ef80_0;
    %assign/vec4 v0xb28d0f020_0, 0;
T_33.1 ;
    %jmp T_33;
    .thread T_33;
    .scope S_0xb29258f00;
T_34 ;
    %pushi/vec4 0, 0, 1;
    %store/vec4 v0xb28d0f2a0_0, 0, 1;
    %end;
    .thread T_34;
    .scope S_0xb29258f00;
T_35 ;
    %wait E_0xb29243ec0;
    %load/vec4 v0xb28d0f340_0;
    %flag_set/vec4 8;
    %jmp/0xz  T_35.0, 8;
    %pushi/vec4 1, 0, 1;
    %assign/vec4 v0xb28d0f2a0_0, 0;
    %jmp T_35.1;
T_35.0 ;
    %load/vec4 v0xb28d0f200_0;
    %assign/vec4 v0xb28d0f2a0_0, 0;
T_35.1 ;
    %jmp T_35;
    .thread T_35;
    .scope S_0xb29259080;
T_36 ;
    %pushi/vec4 0, 0, 1;
    %store/vec4 v0xb28d0f520_0, 0, 1;
    %end;
    .thread T_36;
    .scope S_0xb29259080;
T_37 ;
    %wait E_0xb29243f00;
    %load/vec4 v0xb28d0f5c0_0;
    %flag_set/vec4 8;
    %jmp/0xz  T_37.0, 8;
    %pushi/vec4 0, 0, 1;
    %assign/vec4 v0xb28d0f520_0, 0;
    %jmp T_37.1;
T_37.0 ;
    %load/vec4 v0xb28d0f480_0;
    %assign/vec4 v0xb28d0f520_0, 0;
T_37.1 ;
    %jmp T_37;
    .thread T_37;
    .scope S_0xb29259200;
T_38 ;
    %pushi/vec4 0, 0, 1;
    %store/vec4 v0xb28d0f7a0_0, 0, 1;
    %end;
    .thread T_38;
    .scope S_0xb29259200;
T_39 ;
    %wait E_0xb29243f40;
    %load/vec4 v0xb28d0f840_0;
    %flag_set/vec4 8;
    %jmp/0xz  T_39.0, 8;
    %pushi/vec4 1, 0, 1;
    %assign/vec4 v0xb28d0f7a0_0, 0;
    %jmp T_39.1;
T_39.0 ;
    %load/vec4 v0xb28d0f700_0;
    %assign/vec4 v0xb28d0f7a0_0, 0;
T_39.1 ;
    %jmp T_39;
    .thread T_39;
    .scope S_0xb29259380;
T_40 ;
    %pushi/vec4 0, 0, 1;
    %store/vec4 v0xb28d0fa20_0, 0, 1;
    %end;
    .thread T_40;
    .scope S_0xb29259380;
T_41 ;
    %wait E_0xb29243f80;
    %load/vec4 v0xb28d0fac0_0;
    %flag_set/vec4 8;
    %jmp/0xz  T_41.0, 8;
    %pushi/vec4 0, 0, 1;
    %assign/vec4 v0xb28d0fa20_0, 0;
    %jmp T_41.1;
T_41.0 ;
    %load/vec4 v0xb28d0f980_0;
    %assign/vec4 v0xb28d0fa20_0, 0;
T_41.1 ;
    %jmp T_41;
    .thread T_41;
    .scope S_0xb29259500;
T_42 ;
    %pushi/vec4 0, 0, 1;
    %store/vec4 v0xb28d0fca0_0, 0, 1;
    %end;
    .thread T_42;
    .scope S_0xb29259500;
T_43 ;
    %wait E_0xb29243fc0;
    %load/vec4 v0xb28d0fd40_0;
    %flag_set/vec4 8;
    %jmp/0xz  T_43.0, 8;
    %pushi/vec4 1, 0, 1;
    %assign/vec4 v0xb28d0fca0_0, 0;
    %jmp T_43.1;
T_43.0 ;
    %load/vec4 v0xb28d0fc00_0;
    %assign/vec4 v0xb28d0fca0_0, 0;
T_43.1 ;
    %jmp T_43;
    .thread T_43;
    .scope S_0xb29259680;
T_44 ;
    %pushi/vec4 0, 0, 1;
    %store/vec4 v0xb28d0ff20_0, 0, 1;
    %end;
    .thread T_44;
    .scope S_0xb29259680;
T_45 ;
    %wait E_0xb29204280;
    %load/vec4 v0xb28d10000_0;
    %flag_set/vec4 8;
    %jmp/0xz  T_45.0, 8;
    %pushi/vec4 0, 0, 1;
    %assign/vec4 v0xb28d0ff20_0, 0;
    %jmp T_45.1;
T_45.0 ;
    %load/vec4 v0xb28d0fe80_0;
    %assign/vec4 v0xb28d0ff20_0, 0;
T_45.1 ;
    %jmp T_45;
    .thread T_45;
    .scope S_0xb29259800;
T_46 ;
    %pushi/vec4 0, 0, 1;
    %store/vec4 v0xb28d101e0_0, 0, 1;
    %end;
    .thread T_46;
    .scope S_0xb29259800;
T_47 ;
    %wait E_0xb29204040;
    %load/vec4 v0xb28d10280_0;
    %flag_set/vec4 8;
    %jmp/0xz  T_47.0, 8;
    %pushi/vec4 1, 0, 1;
    %assign/vec4 v0xb28d101e0_0, 0;
    %jmp T_47.1;
T_47.0 ;
    %load/vec4 v0xb28d10140_0;
    %assign/vec4 v0xb28d101e0_0, 0;
T_47.1 ;
    %jmp T_47;
    .thread T_47;
    .scope S_0xb28cae400;
T_48 ;
    %wait E_0xb292741c0;
    %load/vec4 v0xb28d10d20_0;
    %assign/vec4 v0xb28d10dc0_0, 0;
    %jmp T_48;
    .thread T_48;
    .scope S_0xb28cae400;
T_49 ;
    %wait E_0xb292741c0;
    %load/vec4 v0xb28d10d20_0;
    %flag_set/vec4 8;
    %jmp/0xz  T_49.0, 8;
    %load/vec4 v0xb28d10b40_0;
    %assign/vec4 v0xb28d11040_0, 0;
T_49.0 ;
    %jmp T_49;
    .thread T_49;
    .scope S_0xb28cae400;
T_50 ;
    %wait E_0xb29274180;
    %load/vec4 v0xb28d10dc0_0;
    %flag_set/vec4 8;
    %jmp/0xz  T_50.0, 8;
    %load/vec4 v0xb28d10b40_0;
    %assign/vec4 v0xb28d110e0_0, 0;
T_50.0 ;
    %jmp T_50;
    .thread T_50;
    .scope S_0xb28cae400;
T_51 ;
    %wait E_0xb29274100;
    %load/vec4 v0xb28d10d20_0;
    %assign/vec4 v0xb28d10e60_0, 0;
    %jmp T_51;
    .thread T_51;
    .scope S_0xb28cae400;
T_52 ;
    %wait E_0xb29274100;
    %load/vec4 v0xb28d10d20_0;
    %flag_set/vec4 8;
    %jmp/0xz  T_52.0, 8;
    %load/vec4 v0xb28d10780_0;
    %assign/vec4 v0xb28d11220_0, 0;
T_52.0 ;
    %jmp T_52;
    .thread T_52;
    .scope S_0xb28cae400;
T_53 ;
    %wait E_0xb29274140;
    %load/vec4 v0xb28d10e60_0;
    %flag_set/vec4 8;
    %jmp/0xz  T_53.0, 8;
    %load/vec4 v0xb28d10820_0;
    %assign/vec4 v0xb28d112c0_0, 0;
T_53.0 ;
    %jmp T_53;
    .thread T_53;
    .scope S_0xb28cae400;
T_54 ;
    %wait E_0xb29274100;
    %load/vec4 v0xb28d10d20_0;
    %flag_set/vec4 8;
    %jmp/0xz  T_54.0, 8;
    %load/vec4 v0xb28d10aa0_0;
    %assign/vec4 v0xb28d114a0_0, 0;
T_54.0 ;
    %jmp T_54;
    .thread T_54;
    .scope S_0xb28cae280;
T_55 ;
    %wait E_0xb292740c0;
    %load/vec4 v0xb28d11040_0;
    %store/vec4 v0xb28d10f00_0, 0, 1;
    %load/vec4 v0xb28d110e0_0;
    %store/vec4 v0xb28d10fa0_0, 0, 1;
    %jmp T_55;
    .thread T_55, $push;
    .scope S_0xb28cae280;
T_56 ;
    %wait E_0xb29274080;
    %load/vec4 v0xb28d10a00_0;
    %assign/vec4 v0xb28d11360_0, 0;
    %jmp T_56;
    .thread T_56, $push;
    .scope S_0xb28cae280;
T_57 ;
    %wait E_0xb29274040;
    %load/vec4 v0xb28d11360_0;
    %assign/vec4 v0xb28d11400_0, 0;
    %jmp T_57;
    .thread T_57, $push;
    .scope S_0xb28cae280;
T_58 ;
    %wait E_0xb29274000;
    %load/vec4 v0xb28d11400_0;
    %pushi/vec4 0, 0, 1;
    %xor;
    %flag_set/vec4 8;
    %jmp/1 T_58.2, 8;
    %pushi/vec4 0, 0, 1;
    %flag_set/vec4 9;
    %flag_or 8, 9;
T_58.2;
    %jmp/0 T_58.0, 8;
    %load/vec4 v0xb28d11220_0;
    %jmp/1 T_58.1, 8;
T_58.0 ; End of true expr.
    %load/vec4 v0xb28d112c0_0;
    %jmp/0 T_58.1, 8;
 ; End of false expr.
    %blend;
T_58.1;
    %store/vec4 v0xb28d11180_0, 0, 1;
    %jmp T_58;
    .thread T_58, $push;
    .scope S_0xb28cae580;
T_59 ;
    %wait E_0xb292743c0;
    %load/vec4 v0xb28d13ac0_0;
    %flag_set/vec4 8;
    %jmp/0xz  T_59.0, 8;
    %load/vec4 v0xb28d140a0_0;
    %assign/vec4 v0xb28d143c0_0, 0;
T_59.0 ;
    %jmp T_59;
    .thread T_59;
    .scope S_0xb28cae580;
T_60 ;
    %wait E_0xb29274380;
    %load/vec4 v0xb28d13ac0_0;
    %flag_set/vec4 8;
    %jmp/0xz  T_60.0, 8;
    %load/vec4 v0xb28d140a0_0;
    %assign/vec4 v0xb28d14460_0, 0;
T_60.0 ;
    %jmp T_60;
    .thread T_60;
    .scope S_0xb28cae580;
T_61 ;
    %wait E_0xb29274300;
    %load/vec4 v0xb28d13ac0_0;
    %flag_set/vec4 8;
    %jmp/0xz  T_61.0, 8;
    %load/vec4 v0xb28d13ca0_0;
    %assign/vec4 v0xb28d145a0_0, 0;
T_61.0 ;
    %jmp T_61;
    .thread T_61;
    .scope S_0xb28cae580;
T_62 ;
    %wait E_0xb29274340;
    %load/vec4 v0xb28d13ac0_0;
    %flag_set/vec4 8;
    %jmp/0xz  T_62.0, 8;
    %load/vec4 v0xb28d13d40_0;
    %assign/vec4 v0xb28d14640_0, 0;
T_62.0 ;
    %jmp T_62;
    .thread T_62;
    .scope S_0xb28cae580;
T_63 ;
    %wait E_0xb29274300;
    %load/vec4 v0xb28d13ac0_0;
    %flag_set/vec4 8;
    %jmp/0xz  T_63.0, 8;
    %load/vec4 v0xb28d14000_0;
    %assign/vec4 v0xb28d14820_0, 0;
T_63.0 ;
    %jmp T_63;
    .thread T_63;
    .scope S_0xb2925a100;
T_64 ;
    %wait E_0xb292742c0;
    %load/vec4 v0xb28d143c0_0;
    %store/vec4 v0xb28d14280_0, 0, 1;
    %load/vec4 v0xb28d14460_0;
    %store/vec4 v0xb28d14320_0, 0, 1;
    %jmp T_64;
    .thread T_64, $push;
    .scope S_0xb2925a100;
T_65 ;
    %wait E_0xb29274280;
    %load/vec4 v0xb28d13f20_0;
    %assign/vec4 v0xb28d146e0_0, 0;
    %jmp T_65;
    .thread T_65, $push;
    .scope S_0xb2925a100;
T_66 ;
    %wait E_0xb29274240;
    %load/vec4 v0xb28d146e0_0;
    %assign/vec4 v0xb28d14780_0, 0;
    %jmp T_66;
    .thread T_66, $push;
    .scope S_0xb2925a100;
T_67 ;
    %wait E_0xb29274200;
    %load/vec4 v0xb28d14780_0;
    %pushi/vec4 0, 0, 1;
    %xor;
    %flag_set/vec4 8;
    %jmp/1 T_67.2, 8;
    %pushi/vec4 0, 0, 1;
    %flag_set/vec4 9;
    %flag_or 8, 9;
T_67.2;
    %jmp/0 T_67.0, 8;
    %load/vec4 v0xb28d145a0_0;
    %jmp/1 T_67.1, 8;
T_67.0 ; End of true expr.
    %load/vec4 v0xb28d14640_0;
    %jmp/0 T_67.1, 8;
 ; End of false expr.
    %blend;
T_67.1;
    %store/vec4 v0xb28d14500_0, 0, 1;
    %jmp T_67;
    .thread T_67, $push;
    .scope S_0xb28cae700;
T_68 ;
    %wait E_0xb292745c0;
    %load/vec4 v0xb28d148c0_0;
    %flag_set/vec4 8;
    %jmp/0xz  T_68.0, 8;
    %load/vec4 v0xb28d14e60_0;
    %assign/vec4 v0xb28d15040_0, 0;
T_68.0 ;
    %jmp T_68;
    .thread T_68;
    .scope S_0xb28cae700;
T_69 ;
    %wait E_0xb29274580;
    %load/vec4 v0xb28d148c0_0;
    %flag_set/vec4 8;
    %jmp/0xz  T_69.0, 8;
    %load/vec4 v0xb28d14e60_0;
    %assign/vec4 v0xb28d150e0_0, 0;
T_69.0 ;
    %jmp T_69;
    .thread T_69;
    .scope S_0xb28cae700;
T_70 ;
    %wait E_0xb29274500;
    %load/vec4 v0xb28d148c0_0;
    %flag_set/vec4 8;
    %jmp/0xz  T_70.0, 8;
    %load/vec4 v0xb28d14aa0_0;
    %assign/vec4 v0xb28d15220_0, 0;
T_70.0 ;
    %jmp T_70;
    .thread T_70;
    .scope S_0xb28cae700;
T_71 ;
    %wait E_0xb29274540;
    %load/vec4 v0xb28d148c0_0;
    %flag_set/vec4 8;
    %jmp/0xz  T_71.0, 8;
    %load/vec4 v0xb28d14b40_0;
    %assign/vec4 v0xb28d152c0_0, 0;
T_71.0 ;
    %jmp T_71;
    .thread T_71;
    .scope S_0xb28cae700;
T_72 ;
    %wait E_0xb29274500;
    %load/vec4 v0xb28d148c0_0;
    %flag_set/vec4 8;
    %jmp/0xz  T_72.0, 8;
    %load/vec4 v0xb28d14dc0_0;
    %assign/vec4 v0xb28d154a0_0, 0;
T_72.0 ;
    %jmp T_72;
    .thread T_72;
    .scope S_0xb2925a280;
T_73 ;
    %wait E_0xb292744c0;
    %load/vec4 v0xb28d15040_0;
    %store/vec4 v0xb28d14f00_0, 0, 1;
    %load/vec4 v0xb28d150e0_0;
    %store/vec4 v0xb28d14fa0_0, 0, 1;
    %jmp T_73;
    .thread T_73, $push;
    .scope S_0xb2925a280;
T_74 ;
    %wait E_0xb29274480;
    %load/vec4 v0xb28d14d20_0;
    %assign/vec4 v0xb28d15360_0, 0;
    %jmp T_74;
    .thread T_74, $push;
    .scope S_0xb2925a280;
T_75 ;
    %wait E_0xb29274440;
    %load/vec4 v0xb28d15360_0;
    %assign/vec4 v0xb28d15400_0, 0;
    %jmp T_75;
    .thread T_75, $push;
    .scope S_0xb2925a280;
T_76 ;
    %wait E_0xb29274400;
    %load/vec4 v0xb28d15400_0;
    %pushi/vec4 0, 0, 1;
    %xor;
    %flag_set/vec4 8;
    %jmp/1 T_76.2, 8;
    %pushi/vec4 0, 0, 1;
    %flag_set/vec4 9;
    %flag_or 8, 9;
T_76.2;
    %jmp/0 T_76.0, 8;
    %load/vec4 v0xb28d15220_0;
    %jmp/1 T_76.1, 8;
T_76.0 ; End of true expr.
    %load/vec4 v0xb28d152c0_0;
    %jmp/0 T_76.1, 8;
 ; End of false expr.
    %blend;
T_76.1;
    %store/vec4 v0xb28d15180_0, 0, 1;
    %jmp T_76;
    .thread T_76, $push;
    .scope S_0xb2925aa00;
T_77 ;
    %wait E_0xb292746c0;
    %load/vec4 v0xb28d17d40_0;
    %flag_set/vec4 8;
    %jmp/0xz  T_77.0, 8;
    %pushi/vec4 0, 0, 16;
    %assign/vec4 v0xb28d1bf20_0, 0;
    %pushi/vec4 0, 0, 16;
    %assign/vec4 v0xb28d1bde0_0, 0;
    %jmp T_77.1;
T_77.0 ;
    %load/vec4 v0xb28d177a0_0;
    %flag_set/vec4 8;
    %jmp/0xz  T_77.2, 8;
    %load/vec4 v0xb28d17840_0;
    %nor/r;
    %flag_set/vec4 8;
    %jmp/0xz  T_77.4, 8;
    %load/vec4 v0xb28d17700_0;
    %assign/vec4 v0xb28d1bf20_0, 0;
T_77.4 ;
    %load/vec4 v0xb28d172a0_0;
    %nor/r;
    %flag_set/vec4 8;
    %jmp/0xz  T_77.6, 8;
    %load/vec4 v0xb28d16f80_0;
    %assign/vec4 v0xb28d1bde0_0, 0;
T_77.6 ;
T_77.2 ;
T_77.1 ;
    %jmp T_77;
    .thread T_77;
    .scope S_0xb2925aa00;
T_78 ;
    %wait E_0xb29274680;
    %load/vec4 v0xb28d17ca0_0;
    %flag_set/vec4 8;
    %jmp/0xz  T_78.0, 8;
    %pushi/vec4 0, 0, 16;
    %assign/vec4 v0xb28d1be80_0, 0;
    %pushi/vec4 0, 0, 16;
    %assign/vec4 v0xb28d1c000_0, 0;
    %jmp T_78.1;
T_78.0 ;
    %load/vec4 v0xb28d177a0_0;
    %flag_set/vec4 8;
    %jmp/0xz  T_78.2, 8;
    %load/vec4 v0xb28d17520_0;
    %nor/r;
    %flag_set/vec4 8;
    %jmp/0xz  T_78.4, 8;
    %load/vec4 v0xb28d17480_0;
    %assign/vec4 v0xb28d1be80_0, 0;
T_78.4 ;
    %load/vec4 v0xb28d17b60_0;
    %nor/r;
    %flag_set/vec4 8;
    %jmp/0xz  T_78.6, 8;
    %load/vec4 v0xb28d17ac0_0;
    %assign/vec4 v0xb28d1c000_0, 0;
T_78.6 ;
T_78.2 ;
T_78.1 ;
    %jmp T_78;
    .thread T_78;
    .scope S_0xb2925aa00;
T_79 ;
    %wait E_0xb292746c0;
    %load/vec4 v0xb28d17d40_0;
    %flag_set/vec4 8;
    %jmp/0xz  T_79.0, 8;
    %pushi/vec4 0, 0, 16;
    %assign/vec4 v0xb28d1c0a0_0, 0;
    %pushi/vec4 0, 0, 16;
    %assign/vec4 v0xb28d1c280_0, 0;
    %jmp T_79.1;
T_79.0 ;
    %load/vec4 v0xb28d177a0_0;
    %flag_set/vec4 8;
    %jmp/0xz  T_79.2, 8;
    %load/vec4 v0xb28d1bb60_0;
    %assign/vec4 v0xb28d1c0a0_0, 0;
    %load/vec4 v0xb28d1bca0_0;
    %assign/vec4 v0xb28d1c280_0, 0;
T_79.2 ;
T_79.1 ;
    %jmp T_79;
    .thread T_79;
    .scope S_0xb2925aa00;
T_80 ;
    %wait E_0xb29274680;
    %load/vec4 v0xb28d17ca0_0;
    %flag_set/vec4 8;
    %jmp/0xz  T_80.0, 8;
    %pushi/vec4 0, 0, 16;
    %assign/vec4 v0xb28d1c320_0, 0;
    %pushi/vec4 0, 0, 16;
    %assign/vec4 v0xb28d1c140_0, 0;
    %jmp T_80.1;
T_80.0 ;
    %load/vec4 v0xb28d177a0_0;
    %flag_set/vec4 8;
    %jmp/0xz  T_80.2, 8;
    %load/vec4 v0xb28d1bc00_0;
    %assign/vec4 v0xb28d1c320_0, 0;
    %load/vec4 v0xb28d1bd40_0;
    %assign/vec4 v0xb28d1c140_0, 0;
T_80.2 ;
T_80.1 ;
    %jmp T_80;
    .thread T_80;
    .scope S_0xb2925aa00;
T_81 ;
    %wait E_0xb29274680;
    %load/vec4 v0xb28d17ca0_0;
    %flag_set/vec4 8;
    %jmp/0xz  T_81.0, 8;
    %pushi/vec4 0, 0, 32;
    %assign/vec4 v0xb28d1c1e0_0, 0;
    %jmp T_81.1;
T_81.0 ;
    %load/vec4 v0xb28d177a0_0;
    %flag_set/vec4 8;
    %jmp/0xz  T_81.2, 8;
    %load/vec4 v0xb28d1b5c0_0;
    %assign/vec4 v0xb28d1c1e0_0, 0;
T_81.2 ;
T_81.1 ;
    %jmp T_81;
    .thread T_81;
    .scope S_0xb2925aa00;
T_82 ;
    %wait E_0xb29274640;
    %load/vec4 v0xb28d18320_0;
    %flag_set/vec4 8;
    %jmp/0xz  T_82.0, 8;
    %pushi/vec4 0, 0, 16;
    %assign/vec4 v0xb28d1c3c0_0, 0;
    %jmp T_82.1;
T_82.0 ;
    %load/vec4 v0xb28d177a0_0;
    %flag_set/vec4 8;
    %jmp/0xz  T_82.2, 8;
    %load/vec4 v0xb28d180a0_0;
    %nor/r;
    %flag_set/vec4 8;
    %jmp/0xz  T_82.4, 8;
    %load/vec4 v0xb28d1b660_0;
    %assign/vec4 v0xb28d1c3c0_0, 0;
T_82.4 ;
T_82.2 ;
T_82.1 ;
    %jmp T_82;
    .thread T_82;
    .scope S_0xb2925aa00;
T_83 ;
    %wait E_0xb29274600;
    %load/vec4 v0xb28d18280_0;
    %flag_set/vec4 8;
    %jmp/0xz  T_83.0, 8;
    %pushi/vec4 0, 0, 16;
    %assign/vec4 v0xb28d1c460_0, 0;
    %jmp T_83.1;
T_83.0 ;
    %load/vec4 v0xb28d177a0_0;
    %flag_set/vec4 8;
    %jmp/0xz  T_83.2, 8;
    %load/vec4 v0xb28d18000_0;
    %nor/r;
    %flag_set/vec4 8;
    %jmp/0xz  T_83.4, 8;
    %load/vec4 v0xb28d1b7a0_0;
    %assign/vec4 v0xb28d1c460_0, 0;
T_83.4 ;
T_83.2 ;
T_83.1 ;
    %jmp T_83;
    .thread T_83;
    .scope S_0xb28cae880;
T_84 ;
    %pushi/vec4 0, 0, 32;
    %store/vec4 v0xb28d1f020_0, 0, 32;
T_84.0 ; Top of for-loop
    %load/vec4 v0xb28d1f020_0;
    %cmpi/s 16, 0, 32;
	  %jmp/0xz T_84.1, 5;
    %pushi/vec4 0, 0, 256;
    %load/vec4 v0xb28d1f020_0;
    %muli 16, 0, 32;
    %part/s 16;
    %pushi/vec4 0, 0, 32;
    %load/vec4 v0xb28d1f020_0;
    %add;
    %ix/vec4/s 4;
    %store/vec4a v0xb28d1f0c0, 4, 0;
    %pushi/vec4 0, 0, 256;
    %load/vec4 v0xb28d1f020_0;
    %muli 16, 0, 32;
    %part/s 16;
    %pushi/vec4 16, 0, 32;
    %load/vec4 v0xb28d1f020_0;
    %add;
    %ix/vec4/s 4;
    %store/vec4a v0xb28d1f0c0, 4, 0;
    %pushi/vec4 0, 0, 256;
    %load/vec4 v0xb28d1f020_0;
    %muli 16, 0, 32;
    %part/s 16;
    %pushi/vec4 32, 0, 32;
    %load/vec4 v0xb28d1f020_0;
    %add;
    %ix/vec4/s 4;
    %store/vec4a v0xb28d1f0c0, 4, 0;
    %pushi/vec4 0, 0, 256;
    %load/vec4 v0xb28d1f020_0;
    %muli 16, 0, 32;
    %part/s 16;
    %pushi/vec4 48, 0, 32;
    %load/vec4 v0xb28d1f020_0;
    %add;
    %ix/vec4/s 4;
    %store/vec4a v0xb28d1f0c0, 4, 0;
    %pushi/vec4 0, 0, 256;
    %load/vec4 v0xb28d1f020_0;
    %muli 16, 0, 32;
    %part/s 16;
    %pushi/vec4 64, 0, 32;
    %load/vec4 v0xb28d1f020_0;
    %add;
    %ix/vec4/s 4;
    %store/vec4a v0xb28d1f0c0, 4, 0;
    %pushi/vec4 0, 0, 256;
    %load/vec4 v0xb28d1f020_0;
    %muli 16, 0, 32;
    %part/s 16;
    %pushi/vec4 80, 0, 32;
    %load/vec4 v0xb28d1f020_0;
    %add;
    %ix/vec4/s 4;
    %store/vec4a v0xb28d1f0c0, 4, 0;
    %pushi/vec4 0, 0, 256;
    %load/vec4 v0xb28d1f020_0;
    %muli 16, 0, 32;
    %part/s 16;
    %pushi/vec4 96, 0, 32;
    %load/vec4 v0xb28d1f020_0;
    %add;
    %ix/vec4/s 4;
    %store/vec4a v0xb28d1f0c0, 4, 0;
    %pushi/vec4 0, 0, 256;
    %load/vec4 v0xb28d1f020_0;
    %muli 16, 0, 32;
    %part/s 16;
    %pushi/vec4 112, 0, 32;
    %load/vec4 v0xb28d1f020_0;
    %add;
    %ix/vec4/s 4;
    %store/vec4a v0xb28d1f0c0, 4, 0;
    %pushi/vec4 0, 0, 256;
    %load/vec4 v0xb28d1f020_0;
    %muli 16, 0, 32;
    %part/s 16;
    %pushi/vec4 128, 0, 32;
    %load/vec4 v0xb28d1f020_0;
    %add;
    %ix/vec4/s 4;
    %store/vec4a v0xb28d1f0c0, 4, 0;
    %pushi/vec4 0, 0, 256;
    %load/vec4 v0xb28d1f020_0;
    %muli 16, 0, 32;
    %part/s 16;
    %pushi/vec4 144, 0, 32;
    %load/vec4 v0xb28d1f020_0;
    %add;
    %ix/vec4/s 4;
    %store/vec4a v0xb28d1f0c0, 4, 0;
    %pushi/vec4 0, 0, 256;
    %load/vec4 v0xb28d1f020_0;
    %muli 16, 0, 32;
    %part/s 16;
    %pushi/vec4 160, 0, 32;
    %load/vec4 v0xb28d1f020_0;
    %add;
    %ix/vec4/s 4;
    %store/vec4a v0xb28d1f0c0, 4, 0;
    %pushi/vec4 0, 0, 256;
    %load/vec4 v0xb28d1f020_0;
    %muli 16, 0, 32;
    %part/s 16;
    %pushi/vec4 176, 0, 32;
    %load/vec4 v0xb28d1f020_0;
    %add;
    %ix/vec4/s 4;
    %store/vec4a v0xb28d1f0c0, 4, 0;
    %pushi/vec4 0, 0, 256;
    %load/vec4 v0xb28d1f020_0;
    %muli 16, 0, 32;
    %part/s 16;
    %pushi/vec4 192, 0, 32;
    %load/vec4 v0xb28d1f020_0;
    %add;
    %ix/vec4/s 4;
    %store/vec4a v0xb28d1f0c0, 4, 0;
    %pushi/vec4 0, 0, 256;
    %load/vec4 v0xb28d1f020_0;
    %muli 16, 0, 32;
    %part/s 16;
    %pushi/vec4 208, 0, 32;
    %load/vec4 v0xb28d1f020_0;
    %add;
    %ix/vec4/s 4;
    %store/vec4a v0xb28d1f0c0, 4, 0;
    %pushi/vec4 0, 0, 256;
    %load/vec4 v0xb28d1f020_0;
    %muli 16, 0, 32;
    %part/s 16;
    %pushi/vec4 224, 0, 32;
    %load/vec4 v0xb28d1f020_0;
    %add;
    %ix/vec4/s 4;
    %store/vec4a v0xb28d1f0c0, 4, 0;
    %pushi/vec4 0, 0, 256;
    %load/vec4 v0xb28d1f020_0;
    %muli 16, 0, 32;
    %part/s 16;
    %pushi/vec4 240, 0, 32;
    %load/vec4 v0xb28d1f020_0;
    %add;
    %ix/vec4/s 4;
    %store/vec4a v0xb28d1f0c0, 4, 0;
T_84.2 ; for-loop step statement
    %load/vec4 v0xb28d1f020_0;
    %addi 1, 0, 32;
    %store/vec4 v0xb28d1f020_0, 0, 32;
    %jmp T_84.0;
T_84.1 ; for-loop exit label
    %end;
    .thread T_84;
    .scope S_0xb28cae880;
T_85 ;
    %wait E_0xb29274740;
    %load/vec4 v0xb28d1eee0_0;
    %flag_set/vec4 9;
    %flag_get/vec4 9;
    %jmp/0 T_85.2, 9;
    %load/vec4 v0xb28d1ed00_0;
    %and;
T_85.2;
    %flag_set/vec4 8;
    %jmp/0xz  T_85.0, 8;
    %load/vec4 v0xb28d1ef80_0;
    %parti/s 1, 0, 2;
    %nor/r;
    %flag_set/vec4 8;
    %jmp/0xz  T_85.3, 8;
    %load/vec4 v0xb28d1ee40_0;
    %parti/s 1, 0, 2;
    %load/vec4 v0xb28d1ebc0_0;
    %parti/s 8, 0, 2;
    %pad/u 10;
    %ix/vec4 3;
    %ix/load 4, 0, 0; Constant delay
    %assign/vec4/a/d v0xb28d1f0c0, 0, 4;
T_85.3 ;
    %load/vec4 v0xb28d1ef80_0;
    %parti/s 1, 1, 2;
    %nor/r;
    %flag_set/vec4 8;
    %jmp/0xz  T_85.5, 8;
    %load/vec4 v0xb28d1ee40_0;
    %parti/s 1, 1, 2;
    %load/vec4 v0xb28d1ebc0_0;
    %parti/s 8, 0, 2;
    %pad/u 10;
    %ix/vec4 3;
    %ix/load 4, 1, 0; part off
    %ix/load 5, 0, 0; Constant delay
    %assign/vec4/a/d v0xb28d1f0c0, 4, 5;
T_85.5 ;
    %load/vec4 v0xb28d1ef80_0;
    %parti/s 1, 2, 3;
    %nor/r;
    %flag_set/vec4 8;
    %jmp/0xz  T_85.7, 8;
    %load/vec4 v0xb28d1ee40_0;
    %parti/s 1, 2, 3;
    %load/vec4 v0xb28d1ebc0_0;
    %parti/s 8, 0, 2;
    %pad/u 10;
    %ix/vec4 3;
    %ix/load 4, 2, 0; part off
    %ix/load 5, 0, 0; Constant delay
    %assign/vec4/a/d v0xb28d1f0c0, 4, 5;
T_85.7 ;
    %load/vec4 v0xb28d1ef80_0;
    %parti/s 1, 3, 3;
    %nor/r;
    %flag_set/vec4 8;
    %jmp/0xz  T_85.9, 8;
    %load/vec4 v0xb28d1ee40_0;
    %parti/s 1, 3, 3;
    %load/vec4 v0xb28d1ebc0_0;
    %parti/s 8, 0, 2;
    %pad/u 10;
    %ix/vec4 3;
    %ix/load 4, 3, 0; part off
    %ix/load 5, 0, 0; Constant delay
    %assign/vec4/a/d v0xb28d1f0c0, 4, 5;
T_85.9 ;
    %load/vec4 v0xb28d1ef80_0;
    %parti/s 1, 4, 4;
    %nor/r;
    %flag_set/vec4 8;
    %jmp/0xz  T_85.11, 8;
    %load/vec4 v0xb28d1ee40_0;
    %parti/s 1, 4, 4;
    %load/vec4 v0xb28d1ebc0_0;
    %parti/s 8, 0, 2;
    %pad/u 10;
    %ix/vec4 3;
    %ix/load 4, 4, 0; part off
    %ix/load 5, 0, 0; Constant delay
    %assign/vec4/a/d v0xb28d1f0c0, 4, 5;
T_85.11 ;
    %load/vec4 v0xb28d1ef80_0;
    %parti/s 1, 5, 4;
    %nor/r;
    %flag_set/vec4 8;
    %jmp/0xz  T_85.13, 8;
    %load/vec4 v0xb28d1ee40_0;
    %parti/s 1, 5, 4;
    %load/vec4 v0xb28d1ebc0_0;
    %parti/s 8, 0, 2;
    %pad/u 10;
    %ix/vec4 3;
    %ix/load 4, 5, 0; part off
    %ix/load 5, 0, 0; Constant delay
    %assign/vec4/a/d v0xb28d1f0c0, 4, 5;
T_85.13 ;
    %load/vec4 v0xb28d1ef80_0;
    %parti/s 1, 6, 4;
    %nor/r;
    %flag_set/vec4 8;
    %jmp/0xz  T_85.15, 8;
    %load/vec4 v0xb28d1ee40_0;
    %parti/s 1, 6, 4;
    %load/vec4 v0xb28d1ebc0_0;
    %parti/s 8, 0, 2;
    %pad/u 10;
    %ix/vec4 3;
    %ix/load 4, 6, 0; part off
    %ix/load 5, 0, 0; Constant delay
    %assign/vec4/a/d v0xb28d1f0c0, 4, 5;
T_85.15 ;
    %load/vec4 v0xb28d1ef80_0;
    %parti/s 1, 7, 4;
    %nor/r;
    %flag_set/vec4 8;
    %jmp/0xz  T_85.17, 8;
    %load/vec4 v0xb28d1ee40_0;
    %parti/s 1, 7, 4;
    %load/vec4 v0xb28d1ebc0_0;
    %parti/s 8, 0, 2;
    %pad/u 10;
    %ix/vec4 3;
    %ix/load 4, 7, 0; part off
    %ix/load 5, 0, 0; Constant delay
    %assign/vec4/a/d v0xb28d1f0c0, 4, 5;
T_85.17 ;
    %load/vec4 v0xb28d1ef80_0;
    %parti/s 1, 8, 5;
    %nor/r;
    %flag_set/vec4 8;
    %jmp/0xz  T_85.19, 8;
    %load/vec4 v0xb28d1ee40_0;
    %parti/s 1, 8, 5;
    %load/vec4 v0xb28d1ebc0_0;
    %parti/s 8, 0, 2;
    %pad/u 10;
    %ix/vec4 3;
    %ix/load 4, 8, 0; part off
    %ix/load 5, 0, 0; Constant delay
    %assign/vec4/a/d v0xb28d1f0c0, 4, 5;
T_85.19 ;
    %load/vec4 v0xb28d1ef80_0;
    %parti/s 1, 9, 5;
    %nor/r;
    %flag_set/vec4 8;
    %jmp/0xz  T_85.21, 8;
    %load/vec4 v0xb28d1ee40_0;
    %parti/s 1, 9, 5;
    %load/vec4 v0xb28d1ebc0_0;
    %parti/s 8, 0, 2;
    %pad/u 10;
    %ix/vec4 3;
    %ix/load 4, 9, 0; part off
    %ix/load 5, 0, 0; Constant delay
    %assign/vec4/a/d v0xb28d1f0c0, 4, 5;
T_85.21 ;
    %load/vec4 v0xb28d1ef80_0;
    %parti/s 1, 10, 5;
    %nor/r;
    %flag_set/vec4 8;
    %jmp/0xz  T_85.23, 8;
    %load/vec4 v0xb28d1ee40_0;
    %parti/s 1, 10, 5;
    %load/vec4 v0xb28d1ebc0_0;
    %parti/s 8, 0, 2;
    %pad/u 10;
    %ix/vec4 3;
    %ix/load 4, 10, 0; part off
    %ix/load 5, 0, 0; Constant delay
    %assign/vec4/a/d v0xb28d1f0c0, 4, 5;
T_85.23 ;
    %load/vec4 v0xb28d1ef80_0;
    %parti/s 1, 11, 5;
    %nor/r;
    %flag_set/vec4 8;
    %jmp/0xz  T_85.25, 8;
    %load/vec4 v0xb28d1ee40_0;
    %parti/s 1, 11, 5;
    %load/vec4 v0xb28d1ebc0_0;
    %parti/s 8, 0, 2;
    %pad/u 10;
    %ix/vec4 3;
    %ix/load 4, 11, 0; part off
    %ix/load 5, 0, 0; Constant delay
    %assign/vec4/a/d v0xb28d1f0c0, 4, 5;
T_85.25 ;
    %load/vec4 v0xb28d1ef80_0;
    %parti/s 1, 12, 5;
    %nor/r;
    %flag_set/vec4 8;
    %jmp/0xz  T_85.27, 8;
    %load/vec4 v0xb28d1ee40_0;
    %parti/s 1, 12, 5;
    %load/vec4 v0xb28d1ebc0_0;
    %parti/s 8, 0, 2;
    %pad/u 10;
    %ix/vec4 3;
    %ix/load 4, 12, 0; part off
    %ix/load 5, 0, 0; Constant delay
    %assign/vec4/a/d v0xb28d1f0c0, 4, 5;
T_85.27 ;
    %load/vec4 v0xb28d1ef80_0;
    %parti/s 1, 13, 5;
    %nor/r;
    %flag_set/vec4 8;
    %jmp/0xz  T_85.29, 8;
    %load/vec4 v0xb28d1ee40_0;
    %parti/s 1, 13, 5;
    %load/vec4 v0xb28d1ebc0_0;
    %parti/s 8, 0, 2;
    %pad/u 10;
    %ix/vec4 3;
    %ix/load 4, 13, 0; part off
    %ix/load 5, 0, 0; Constant delay
    %assign/vec4/a/d v0xb28d1f0c0, 4, 5;
T_85.29 ;
    %load/vec4 v0xb28d1ef80_0;
    %parti/s 1, 14, 5;
    %nor/r;
    %flag_set/vec4 8;
    %jmp/0xz  T_85.31, 8;
    %load/vec4 v0xb28d1ee40_0;
    %parti/s 1, 14, 5;
    %load/vec4 v0xb28d1ebc0_0;
    %parti/s 8, 0, 2;
    %pad/u 10;
    %ix/vec4 3;
    %ix/load 4, 14, 0; part off
    %ix/load 5, 0, 0; Constant delay
    %assign/vec4/a/d v0xb28d1f0c0, 4, 5;
T_85.31 ;
    %load/vec4 v0xb28d1ef80_0;
    %parti/s 1, 15, 5;
    %nor/r;
    %flag_set/vec4 8;
    %jmp/0xz  T_85.33, 8;
    %load/vec4 v0xb28d1ee40_0;
    %parti/s 1, 15, 5;
    %load/vec4 v0xb28d1ebc0_0;
    %parti/s 8, 0, 2;
    %pad/u 10;
    %ix/vec4 3;
    %ix/load 4, 15, 0; part off
    %ix/load 5, 0, 0; Constant delay
    %assign/vec4/a/d v0xb28d1f0c0, 4, 5;
T_85.33 ;
T_85.0 ;
    %jmp T_85;
    .thread T_85;
    .scope S_0xb28cae880;
T_86 ;
    %wait E_0xb29274700;
    %load/vec4 v0xb28d1ea80_0;
    %flag_set/vec4 9;
    %flag_get/vec4 9;
    %jmp/0 T_86.2, 9;
    %load/vec4 v0xb28d1e8a0_0;
    %and;
T_86.2;
    %flag_set/vec4 8;
    %jmp/0xz  T_86.0, 8;
    %load/vec4 v0xb28d1e760_0;
    %parti/s 8, 0, 2;
    %pad/u 10;
    %ix/vec4 4;
    %load/vec4a v0xb28d1f0c0, 4;
    %load/vec4 v0xb28d1eb20_0;
    %inv;
    %and;
    %assign/vec4 v0xb28d1e9e0_0, 0;
T_86.0 ;
    %jmp T_86;
    .thread T_86;
    .scope S_0xb28caf180;
T_87 ;
    %pushi/vec4 0, 0, 32;
    %store/vec4 v0xb28d201e0_0, 0, 32;
T_87.0 ; Top of for-loop
    %load/vec4 v0xb28d201e0_0;
    %cmpi/s 16, 0, 32;
	  %jmp/0xz T_87.1, 5;
    %pushi/vec4 0, 0, 256;
    %load/vec4 v0xb28d201e0_0;
    %muli 16, 0, 32;
    %part/s 16;
    %pushi/vec4 0, 0, 32;
    %load/vec4 v0xb28d201e0_0;
    %add;
    %ix/vec4/s 4;
    %store/vec4a v0xb28d20280, 4, 0;
    %pushi/vec4 0, 0, 256;
    %load/vec4 v0xb28d201e0_0;
    %muli 16, 0, 32;
    %part/s 16;
    %pushi/vec4 16, 0, 32;
    %load/vec4 v0xb28d201e0_0;
    %add;
    %ix/vec4/s 4;
    %store/vec4a v0xb28d20280, 4, 0;
    %pushi/vec4 0, 0, 256;
    %load/vec4 v0xb28d201e0_0;
    %muli 16, 0, 32;
    %part/s 16;
    %pushi/vec4 32, 0, 32;
    %load/vec4 v0xb28d201e0_0;
    %add;
    %ix/vec4/s 4;
    %store/vec4a v0xb28d20280, 4, 0;
    %pushi/vec4 0, 0, 256;
    %load/vec4 v0xb28d201e0_0;
    %muli 16, 0, 32;
    %part/s 16;
    %pushi/vec4 48, 0, 32;
    %load/vec4 v0xb28d201e0_0;
    %add;
    %ix/vec4/s 4;
    %store/vec4a v0xb28d20280, 4, 0;
    %pushi/vec4 0, 0, 256;
    %load/vec4 v0xb28d201e0_0;
    %muli 16, 0, 32;
    %part/s 16;
    %pushi/vec4 64, 0, 32;
    %load/vec4 v0xb28d201e0_0;
    %add;
    %ix/vec4/s 4;
    %store/vec4a v0xb28d20280, 4, 0;
    %pushi/vec4 0, 0, 256;
    %load/vec4 v0xb28d201e0_0;
    %muli 16, 0, 32;
    %part/s 16;
    %pushi/vec4 80, 0, 32;
    %load/vec4 v0xb28d201e0_0;
    %add;
    %ix/vec4/s 4;
    %store/vec4a v0xb28d20280, 4, 0;
    %pushi/vec4 0, 0, 256;
    %load/vec4 v0xb28d201e0_0;
    %muli 16, 0, 32;
    %part/s 16;
    %pushi/vec4 96, 0, 32;
    %load/vec4 v0xb28d201e0_0;
    %add;
    %ix/vec4/s 4;
    %store/vec4a v0xb28d20280, 4, 0;
    %pushi/vec4 0, 0, 256;
    %load/vec4 v0xb28d201e0_0;
    %muli 16, 0, 32;
    %part/s 16;
    %pushi/vec4 112, 0, 32;
    %load/vec4 v0xb28d201e0_0;
    %add;
    %ix/vec4/s 4;
    %store/vec4a v0xb28d20280, 4, 0;
    %pushi/vec4 0, 0, 256;
    %load/vec4 v0xb28d201e0_0;
    %muli 16, 0, 32;
    %part/s 16;
    %pushi/vec4 128, 0, 32;
    %load/vec4 v0xb28d201e0_0;
    %add;
    %ix/vec4/s 4;
    %store/vec4a v0xb28d20280, 4, 0;
    %pushi/vec4 0, 0, 256;
    %load/vec4 v0xb28d201e0_0;
    %muli 16, 0, 32;
    %part/s 16;
    %pushi/vec4 144, 0, 32;
    %load/vec4 v0xb28d201e0_0;
    %add;
    %ix/vec4/s 4;
    %store/vec4a v0xb28d20280, 4, 0;
    %pushi/vec4 0, 0, 256;
    %load/vec4 v0xb28d201e0_0;
    %muli 16, 0, 32;
    %part/s 16;
    %pushi/vec4 160, 0, 32;
    %load/vec4 v0xb28d201e0_0;
    %add;
    %ix/vec4/s 4;
    %store/vec4a v0xb28d20280, 4, 0;
    %pushi/vec4 0, 0, 256;
    %load/vec4 v0xb28d201e0_0;
    %muli 16, 0, 32;
    %part/s 16;
    %pushi/vec4 176, 0, 32;
    %load/vec4 v0xb28d201e0_0;
    %add;
    %ix/vec4/s 4;
    %store/vec4a v0xb28d20280, 4, 0;
    %pushi/vec4 0, 0, 256;
    %load/vec4 v0xb28d201e0_0;
    %muli 16, 0, 32;
    %part/s 16;
    %pushi/vec4 192, 0, 32;
    %load/vec4 v0xb28d201e0_0;
    %add;
    %ix/vec4/s 4;
    %store/vec4a v0xb28d20280, 4, 0;
    %pushi/vec4 0, 0, 256;
    %load/vec4 v0xb28d201e0_0;
    %muli 16, 0, 32;
    %part/s 16;
    %pushi/vec4 208, 0, 32;
    %load/vec4 v0xb28d201e0_0;
    %add;
    %ix/vec4/s 4;
    %store/vec4a v0xb28d20280, 4, 0;
    %pushi/vec4 0, 0, 256;
    %load/vec4 v0xb28d201e0_0;
    %muli 16, 0, 32;
    %part/s 16;
    %pushi/vec4 224, 0, 32;
    %load/vec4 v0xb28d201e0_0;
    %add;
    %ix/vec4/s 4;
    %store/vec4a v0xb28d20280, 4, 0;
    %pushi/vec4 0, 0, 256;
    %load/vec4 v0xb28d201e0_0;
    %muli 16, 0, 32;
    %part/s 16;
    %pushi/vec4 240, 0, 32;
    %load/vec4 v0xb28d201e0_0;
    %add;
    %ix/vec4/s 4;
    %store/vec4a v0xb28d20280, 4, 0;
T_87.2 ; for-loop step statement
    %load/vec4 v0xb28d201e0_0;
    %addi 1, 0, 32;
    %store/vec4 v0xb28d201e0_0, 0, 32;
    %jmp T_87.0;
T_87.1 ; for-loop exit label
    %end;
    .thread T_87;
    .scope S_0xb28caf180;
T_88 ;
    %wait E_0xb292747c0;
    %load/vec4 v0xb28d200a0_0;
    %flag_set/vec4 9;
    %flag_get/vec4 9;
    %jmp/0 T_88.2, 9;
    %load/vec4 v0xb28d1fe80_0;
    %and;
T_88.2;
    %flag_set/vec4 8;
    %jmp/0xz  T_88.0, 8;
    %load/vec4 v0xb28d20140_0;
    %parti/s 1, 0, 2;
    %nor/r;
    %flag_set/vec4 8;
    %jmp/0xz  T_88.3, 8;
    %load/vec4 v0xb28d20000_0;
    %parti/s 1, 0, 2;
    %load/vec4 v0xb28d1fd40_0;
    %parti/s 8, 0, 2;
    %pad/u 10;
    %ix/vec4 3;
    %ix/load 4, 0, 0; Constant delay
    %assign/vec4/a/d v0xb28d20280, 0, 4;
T_88.3 ;
    %load/vec4 v0xb28d20140_0;
    %parti/s 1, 1, 2;
    %nor/r;
    %flag_set/vec4 8;
    %jmp/0xz  T_88.5, 8;
    %load/vec4 v0xb28d20000_0;
    %parti/s 1, 1, 2;
    %load/vec4 v0xb28d1fd40_0;
    %parti/s 8, 0, 2;
    %pad/u 10;
    %ix/vec4 3;
    %ix/load 4, 1, 0; part off
    %ix/load 5, 0, 0; Constant delay
    %assign/vec4/a/d v0xb28d20280, 4, 5;
T_88.5 ;
    %load/vec4 v0xb28d20140_0;
    %parti/s 1, 2, 3;
    %nor/r;
    %flag_set/vec4 8;
    %jmp/0xz  T_88.7, 8;
    %load/vec4 v0xb28d20000_0;
    %parti/s 1, 2, 3;
    %load/vec4 v0xb28d1fd40_0;
    %parti/s 8, 0, 2;
    %pad/u 10;
    %ix/vec4 3;
    %ix/load 4, 2, 0; part off
    %ix/load 5, 0, 0; Constant delay
    %assign/vec4/a/d v0xb28d20280, 4, 5;
T_88.7 ;
    %load/vec4 v0xb28d20140_0;
    %parti/s 1, 3, 3;
    %nor/r;
    %flag_set/vec4 8;
    %jmp/0xz  T_88.9, 8;
    %load/vec4 v0xb28d20000_0;
    %parti/s 1, 3, 3;
    %load/vec4 v0xb28d1fd40_0;
    %parti/s 8, 0, 2;
    %pad/u 10;
    %ix/vec4 3;
    %ix/load 4, 3, 0; part off
    %ix/load 5, 0, 0; Constant delay
    %assign/vec4/a/d v0xb28d20280, 4, 5;
T_88.9 ;
    %load/vec4 v0xb28d20140_0;
    %parti/s 1, 4, 4;
    %nor/r;
    %flag_set/vec4 8;
    %jmp/0xz  T_88.11, 8;
    %load/vec4 v0xb28d20000_0;
    %parti/s 1, 4, 4;
    %load/vec4 v0xb28d1fd40_0;
    %parti/s 8, 0, 2;
    %pad/u 10;
    %ix/vec4 3;
    %ix/load 4, 4, 0; part off
    %ix/load 5, 0, 0; Constant delay
    %assign/vec4/a/d v0xb28d20280, 4, 5;
T_88.11 ;
    %load/vec4 v0xb28d20140_0;
    %parti/s 1, 5, 4;
    %nor/r;
    %flag_set/vec4 8;
    %jmp/0xz  T_88.13, 8;
    %load/vec4 v0xb28d20000_0;
    %parti/s 1, 5, 4;
    %load/vec4 v0xb28d1fd40_0;
    %parti/s 8, 0, 2;
    %pad/u 10;
    %ix/vec4 3;
    %ix/load 4, 5, 0; part off
    %ix/load 5, 0, 0; Constant delay
    %assign/vec4/a/d v0xb28d20280, 4, 5;
T_88.13 ;
    %load/vec4 v0xb28d20140_0;
    %parti/s 1, 6, 4;
    %nor/r;
    %flag_set/vec4 8;
    %jmp/0xz  T_88.15, 8;
    %load/vec4 v0xb28d20000_0;
    %parti/s 1, 6, 4;
    %load/vec4 v0xb28d1fd40_0;
    %parti/s 8, 0, 2;
    %pad/u 10;
    %ix/vec4 3;
    %ix/load 4, 6, 0; part off
    %ix/load 5, 0, 0; Constant delay
    %assign/vec4/a/d v0xb28d20280, 4, 5;
T_88.15 ;
    %load/vec4 v0xb28d20140_0;
    %parti/s 1, 7, 4;
    %nor/r;
    %flag_set/vec4 8;
    %jmp/0xz  T_88.17, 8;
    %load/vec4 v0xb28d20000_0;
    %parti/s 1, 7, 4;
    %load/vec4 v0xb28d1fd40_0;
    %parti/s 8, 0, 2;
    %pad/u 10;
    %ix/vec4 3;
    %ix/load 4, 7, 0; part off
    %ix/load 5, 0, 0; Constant delay
    %assign/vec4/a/d v0xb28d20280, 4, 5;
T_88.17 ;
    %load/vec4 v0xb28d20140_0;
    %parti/s 1, 8, 5;
    %nor/r;
    %flag_set/vec4 8;
    %jmp/0xz  T_88.19, 8;
    %load/vec4 v0xb28d20000_0;
    %parti/s 1, 8, 5;
    %load/vec4 v0xb28d1fd40_0;
    %parti/s 8, 0, 2;
    %pad/u 10;
    %ix/vec4 3;
    %ix/load 4, 8, 0; part off
    %ix/load 5, 0, 0; Constant delay
    %assign/vec4/a/d v0xb28d20280, 4, 5;
T_88.19 ;
    %load/vec4 v0xb28d20140_0;
    %parti/s 1, 9, 5;
    %nor/r;
    %flag_set/vec4 8;
    %jmp/0xz  T_88.21, 8;
    %load/vec4 v0xb28d20000_0;
    %parti/s 1, 9, 5;
    %load/vec4 v0xb28d1fd40_0;
    %parti/s 8, 0, 2;
    %pad/u 10;
    %ix/vec4 3;
    %ix/load 4, 9, 0; part off
    %ix/load 5, 0, 0; Constant delay
    %assign/vec4/a/d v0xb28d20280, 4, 5;
T_88.21 ;
    %load/vec4 v0xb28d20140_0;
    %parti/s 1, 10, 5;
    %nor/r;
    %flag_set/vec4 8;
    %jmp/0xz  T_88.23, 8;
    %load/vec4 v0xb28d20000_0;
    %parti/s 1, 10, 5;
    %load/vec4 v0xb28d1fd40_0;
    %parti/s 8, 0, 2;
    %pad/u 10;
    %ix/vec4 3;
    %ix/load 4, 10, 0; part off
    %ix/load 5, 0, 0; Constant delay
    %assign/vec4/a/d v0xb28d20280, 4, 5;
T_88.23 ;
    %load/vec4 v0xb28d20140_0;
    %parti/s 1, 11, 5;
    %nor/r;
    %flag_set/vec4 8;
    %jmp/0xz  T_88.25, 8;
    %load/vec4 v0xb28d20000_0;
    %parti/s 1, 11, 5;
    %load/vec4 v0xb28d1fd40_0;
    %parti/s 8, 0, 2;
    %pad/u 10;
    %ix/vec4 3;
    %ix/load 4, 11, 0; part off
    %ix/load 5, 0, 0; Constant delay
    %assign/vec4/a/d v0xb28d20280, 4, 5;
T_88.25 ;
    %load/vec4 v0xb28d20140_0;
    %parti/s 1, 12, 5;
    %nor/r;
    %flag_set/vec4 8;
    %jmp/0xz  T_88.27, 8;
    %load/vec4 v0xb28d20000_0;
    %parti/s 1, 12, 5;
    %load/vec4 v0xb28d1fd40_0;
    %parti/s 8, 0, 2;
    %pad/u 10;
    %ix/vec4 3;
    %ix/load 4, 12, 0; part off
    %ix/load 5, 0, 0; Constant delay
    %assign/vec4/a/d v0xb28d20280, 4, 5;
T_88.27 ;
    %load/vec4 v0xb28d20140_0;
    %parti/s 1, 13, 5;
    %nor/r;
    %flag_set/vec4 8;
    %jmp/0xz  T_88.29, 8;
    %load/vec4 v0xb28d20000_0;
    %parti/s 1, 13, 5;
    %load/vec4 v0xb28d1fd40_0;
    %parti/s 8, 0, 2;
    %pad/u 10;
    %ix/vec4 3;
    %ix/load 4, 13, 0; part off
    %ix/load 5, 0, 0; Constant delay
    %assign/vec4/a/d v0xb28d20280, 4, 5;
T_88.29 ;
    %load/vec4 v0xb28d20140_0;
    %parti/s 1, 14, 5;
    %nor/r;
    %flag_set/vec4 8;
    %jmp/0xz  T_88.31, 8;
    %load/vec4 v0xb28d20000_0;
    %parti/s 1, 14, 5;
    %load/vec4 v0xb28d1fd40_0;
    %parti/s 8, 0, 2;
    %pad/u 10;
    %ix/vec4 3;
    %ix/load 4, 14, 0; part off
    %ix/load 5, 0, 0; Constant delay
    %assign/vec4/a/d v0xb28d20280, 4, 5;
T_88.31 ;
    %load/vec4 v0xb28d20140_0;
    %parti/s 1, 15, 5;
    %nor/r;
    %flag_set/vec4 8;
    %jmp/0xz  T_88.33, 8;
    %load/vec4 v0xb28d20000_0;
    %parti/s 1, 15, 5;
    %load/vec4 v0xb28d1fd40_0;
    %parti/s 8, 0, 2;
    %pad/u 10;
    %ix/vec4 3;
    %ix/load 4, 15, 0; part off
    %ix/load 5, 0, 0; Constant delay
    %assign/vec4/a/d v0xb28d20280, 4, 5;
T_88.33 ;
T_88.0 ;
    %jmp T_88;
    .thread T_88;
    .scope S_0xb28caf180;
T_89 ;
    %wait E_0xb29274780;
    %load/vec4 v0xb28d1fc00_0;
    %flag_set/vec4 9;
    %flag_get/vec4 9;
    %jmp/0 T_89.2, 9;
    %load/vec4 v0xb28d1fa20_0;
    %and;
T_89.2;
    %flag_set/vec4 8;
    %jmp/0xz  T_89.0, 8;
    %load/vec4 v0xb28d1f8e0_0;
    %parti/s 8, 0, 2;
    %pad/u 10;
    %ix/vec4 4;
    %load/vec4a v0xb28d20280, 4;
    %load/vec4 v0xb28d1fca0_0;
    %inv;
    %and;
    %assign/vec4 v0xb28d1fb60_0, 0;
T_89.0 ;
    %jmp T_89;
    .thread T_89;
    .scope S_0xb28cafa80;
T_90 ;
    %pushi/vec4 0, 0, 32;
    %store/vec4 v0xb28d21360_0, 0, 32;
T_90.0 ; Top of for-loop
    %load/vec4 v0xb28d21360_0;
    %cmpi/s 16, 0, 32;
	  %jmp/0xz T_90.1, 5;
    %pushi/vec4 0, 0, 256;
    %load/vec4 v0xb28d21360_0;
    %muli 16, 0, 32;
    %part/s 16;
    %pushi/vec4 0, 0, 32;
    %load/vec4 v0xb28d21360_0;
    %add;
    %ix/vec4/s 4;
    %store/vec4a v0xb28d21400, 4, 0;
    %pushi/vec4 0, 0, 256;
    %load/vec4 v0xb28d21360_0;
    %muli 16, 0, 32;
    %part/s 16;
    %pushi/vec4 16, 0, 32;
    %load/vec4 v0xb28d21360_0;
    %add;
    %ix/vec4/s 4;
    %store/vec4a v0xb28d21400, 4, 0;
    %pushi/vec4 0, 0, 256;
    %load/vec4 v0xb28d21360_0;
    %muli 16, 0, 32;
    %part/s 16;
    %pushi/vec4 32, 0, 32;
    %load/vec4 v0xb28d21360_0;
    %add;
    %ix/vec4/s 4;
    %store/vec4a v0xb28d21400, 4, 0;
    %pushi/vec4 0, 0, 256;
    %load/vec4 v0xb28d21360_0;
    %muli 16, 0, 32;
    %part/s 16;
    %pushi/vec4 48, 0, 32;
    %load/vec4 v0xb28d21360_0;
    %add;
    %ix/vec4/s 4;
    %store/vec4a v0xb28d21400, 4, 0;
    %pushi/vec4 0, 0, 256;
    %load/vec4 v0xb28d21360_0;
    %muli 16, 0, 32;
    %part/s 16;
    %pushi/vec4 64, 0, 32;
    %load/vec4 v0xb28d21360_0;
    %add;
    %ix/vec4/s 4;
    %store/vec4a v0xb28d21400, 4, 0;
    %pushi/vec4 0, 0, 256;
    %load/vec4 v0xb28d21360_0;
    %muli 16, 0, 32;
    %part/s 16;
    %pushi/vec4 80, 0, 32;
    %load/vec4 v0xb28d21360_0;
    %add;
    %ix/vec4/s 4;
    %store/vec4a v0xb28d21400, 4, 0;
    %pushi/vec4 0, 0, 256;
    %load/vec4 v0xb28d21360_0;
    %muli 16, 0, 32;
    %part/s 16;
    %pushi/vec4 96, 0, 32;
    %load/vec4 v0xb28d21360_0;
    %add;
    %ix/vec4/s 4;
    %store/vec4a v0xb28d21400, 4, 0;
    %pushi/vec4 0, 0, 256;
    %load/vec4 v0xb28d21360_0;
    %muli 16, 0, 32;
    %part/s 16;
    %pushi/vec4 112, 0, 32;
    %load/vec4 v0xb28d21360_0;
    %add;
    %ix/vec4/s 4;
    %store/vec4a v0xb28d21400, 4, 0;
    %pushi/vec4 0, 0, 256;
    %load/vec4 v0xb28d21360_0;
    %muli 16, 0, 32;
    %part/s 16;
    %pushi/vec4 128, 0, 32;
    %load/vec4 v0xb28d21360_0;
    %add;
    %ix/vec4/s 4;
    %store/vec4a v0xb28d21400, 4, 0;
    %pushi/vec4 0, 0, 256;
    %load/vec4 v0xb28d21360_0;
    %muli 16, 0, 32;
    %part/s 16;
    %pushi/vec4 144, 0, 32;
    %load/vec4 v0xb28d21360_0;
    %add;
    %ix/vec4/s 4;
    %store/vec4a v0xb28d21400, 4, 0;
    %pushi/vec4 0, 0, 256;
    %load/vec4 v0xb28d21360_0;
    %muli 16, 0, 32;
    %part/s 16;
    %pushi/vec4 160, 0, 32;
    %load/vec4 v0xb28d21360_0;
    %add;
    %ix/vec4/s 4;
    %store/vec4a v0xb28d21400, 4, 0;
    %pushi/vec4 0, 0, 256;
    %load/vec4 v0xb28d21360_0;
    %muli 16, 0, 32;
    %part/s 16;
    %pushi/vec4 176, 0, 32;
    %load/vec4 v0xb28d21360_0;
    %add;
    %ix/vec4/s 4;
    %store/vec4a v0xb28d21400, 4, 0;
    %pushi/vec4 0, 0, 256;
    %load/vec4 v0xb28d21360_0;
    %muli 16, 0, 32;
    %part/s 16;
    %pushi/vec4 192, 0, 32;
    %load/vec4 v0xb28d21360_0;
    %add;
    %ix/vec4/s 4;
    %store/vec4a v0xb28d21400, 4, 0;
    %pushi/vec4 0, 0, 256;
    %load/vec4 v0xb28d21360_0;
    %muli 16, 0, 32;
    %part/s 16;
    %pushi/vec4 208, 0, 32;
    %load/vec4 v0xb28d21360_0;
    %add;
    %ix/vec4/s 4;
    %store/vec4a v0xb28d21400, 4, 0;
    %pushi/vec4 0, 0, 256;
    %load/vec4 v0xb28d21360_0;
    %muli 16, 0, 32;
    %part/s 16;
    %pushi/vec4 224, 0, 32;
    %load/vec4 v0xb28d21360_0;
    %add;
    %ix/vec4/s 4;
    %store/vec4a v0xb28d21400, 4, 0;
    %pushi/vec4 0, 0, 256;
    %load/vec4 v0xb28d21360_0;
    %muli 16, 0, 32;
    %part/s 16;
    %pushi/vec4 240, 0, 32;
    %load/vec4 v0xb28d21360_0;
    %add;
    %ix/vec4/s 4;
    %store/vec4a v0xb28d21400, 4, 0;
T_90.2 ; for-loop step statement
    %load/vec4 v0xb28d21360_0;
    %addi 1, 0, 32;
    %store/vec4 v0xb28d21360_0, 0, 32;
    %jmp T_90.0;
T_90.1 ; for-loop exit label
    %end;
    .thread T_90;
    .scope S_0xb28cafa80;
T_91 ;
    %wait E_0xb29274840;
    %load/vec4 v0xb28d21220_0;
    %flag_set/vec4 9;
    %flag_get/vec4 9;
    %jmp/0 T_91.2, 9;
    %load/vec4 v0xb28d21040_0;
    %and;
T_91.2;
    %flag_set/vec4 8;
    %jmp/0xz  T_91.0, 8;
    %load/vec4 v0xb28d212c0_0;
    %parti/s 1, 0, 2;
    %nor/r;
    %flag_set/vec4 8;
    %jmp/0xz  T_91.3, 8;
    %load/vec4 v0xb28d21180_0;
    %parti/s 1, 0, 2;
    %load/vec4 v0xb28d20f00_0;
    %parti/s 8, 0, 2;
    %pad/u 10;
    %ix/vec4 3;
    %ix/load 4, 0, 0; Constant delay
    %assign/vec4/a/d v0xb28d21400, 0, 4;
T_91.3 ;
    %load/vec4 v0xb28d212c0_0;
    %parti/s 1, 1, 2;
    %nor/r;
    %flag_set/vec4 8;
    %jmp/0xz  T_91.5, 8;
    %load/vec4 v0xb28d21180_0;
    %parti/s 1, 1, 2;
    %load/vec4 v0xb28d20f00_0;
    %parti/s 8, 0, 2;
    %pad/u 10;
    %ix/vec4 3;
    %ix/load 4, 1, 0; part off
    %ix/load 5, 0, 0; Constant delay
    %assign/vec4/a/d v0xb28d21400, 4, 5;
T_91.5 ;
    %load/vec4 v0xb28d212c0_0;
    %parti/s 1, 2, 3;
    %nor/r;
    %flag_set/vec4 8;
    %jmp/0xz  T_91.7, 8;
    %load/vec4 v0xb28d21180_0;
    %parti/s 1, 2, 3;
    %load/vec4 v0xb28d20f00_0;
    %parti/s 8, 0, 2;
    %pad/u 10;
    %ix/vec4 3;
    %ix/load 4, 2, 0; part off
    %ix/load 5, 0, 0; Constant delay
    %assign/vec4/a/d v0xb28d21400, 4, 5;
T_91.7 ;
    %load/vec4 v0xb28d212c0_0;
    %parti/s 1, 3, 3;
    %nor/r;
    %flag_set/vec4 8;
    %jmp/0xz  T_91.9, 8;
    %load/vec4 v0xb28d21180_0;
    %parti/s 1, 3, 3;
    %load/vec4 v0xb28d20f00_0;
    %parti/s 8, 0, 2;
    %pad/u 10;
    %ix/vec4 3;
    %ix/load 4, 3, 0; part off
    %ix/load 5, 0, 0; Constant delay
    %assign/vec4/a/d v0xb28d21400, 4, 5;
T_91.9 ;
    %load/vec4 v0xb28d212c0_0;
    %parti/s 1, 4, 4;
    %nor/r;
    %flag_set/vec4 8;
    %jmp/0xz  T_91.11, 8;
    %load/vec4 v0xb28d21180_0;
    %parti/s 1, 4, 4;
    %load/vec4 v0xb28d20f00_0;
    %parti/s 8, 0, 2;
    %pad/u 10;
    %ix/vec4 3;
    %ix/load 4, 4, 0; part off
    %ix/load 5, 0, 0; Constant delay
    %assign/vec4/a/d v0xb28d21400, 4, 5;
T_91.11 ;
    %load/vec4 v0xb28d212c0_0;
    %parti/s 1, 5, 4;
    %nor/r;
    %flag_set/vec4 8;
    %jmp/0xz  T_91.13, 8;
    %load/vec4 v0xb28d21180_0;
    %parti/s 1, 5, 4;
    %load/vec4 v0xb28d20f00_0;
    %parti/s 8, 0, 2;
    %pad/u 10;
    %ix/vec4 3;
    %ix/load 4, 5, 0; part off
    %ix/load 5, 0, 0; Constant delay
    %assign/vec4/a/d v0xb28d21400, 4, 5;
T_91.13 ;
    %load/vec4 v0xb28d212c0_0;
    %parti/s 1, 6, 4;
    %nor/r;
    %flag_set/vec4 8;
    %jmp/0xz  T_91.15, 8;
    %load/vec4 v0xb28d21180_0;
    %parti/s 1, 6, 4;
    %load/vec4 v0xb28d20f00_0;
    %parti/s 8, 0, 2;
    %pad/u 10;
    %ix/vec4 3;
    %ix/load 4, 6, 0; part off
    %ix/load 5, 0, 0; Constant delay
    %assign/vec4/a/d v0xb28d21400, 4, 5;
T_91.15 ;
    %load/vec4 v0xb28d212c0_0;
    %parti/s 1, 7, 4;
    %nor/r;
    %flag_set/vec4 8;
    %jmp/0xz  T_91.17, 8;
    %load/vec4 v0xb28d21180_0;
    %parti/s 1, 7, 4;
    %load/vec4 v0xb28d20f00_0;
    %parti/s 8, 0, 2;
    %pad/u 10;
    %ix/vec4 3;
    %ix/load 4, 7, 0; part off
    %ix/load 5, 0, 0; Constant delay
    %assign/vec4/a/d v0xb28d21400, 4, 5;
T_91.17 ;
    %load/vec4 v0xb28d212c0_0;
    %parti/s 1, 8, 5;
    %nor/r;
    %flag_set/vec4 8;
    %jmp/0xz  T_91.19, 8;
    %load/vec4 v0xb28d21180_0;
    %parti/s 1, 8, 5;
    %load/vec4 v0xb28d20f00_0;
    %parti/s 8, 0, 2;
    %pad/u 10;
    %ix/vec4 3;
    %ix/load 4, 8, 0; part off
    %ix/load 5, 0, 0; Constant delay
    %assign/vec4/a/d v0xb28d21400, 4, 5;
T_91.19 ;
    %load/vec4 v0xb28d212c0_0;
    %parti/s 1, 9, 5;
    %nor/r;
    %flag_set/vec4 8;
    %jmp/0xz  T_91.21, 8;
    %load/vec4 v0xb28d21180_0;
    %parti/s 1, 9, 5;
    %load/vec4 v0xb28d20f00_0;
    %parti/s 8, 0, 2;
    %pad/u 10;
    %ix/vec4 3;
    %ix/load 4, 9, 0; part off
    %ix/load 5, 0, 0; Constant delay
    %assign/vec4/a/d v0xb28d21400, 4, 5;
T_91.21 ;
    %load/vec4 v0xb28d212c0_0;
    %parti/s 1, 10, 5;
    %nor/r;
    %flag_set/vec4 8;
    %jmp/0xz  T_91.23, 8;
    %load/vec4 v0xb28d21180_0;
    %parti/s 1, 10, 5;
    %load/vec4 v0xb28d20f00_0;
    %parti/s 8, 0, 2;
    %pad/u 10;
    %ix/vec4 3;
    %ix/load 4, 10, 0; part off
    %ix/load 5, 0, 0; Constant delay
    %assign/vec4/a/d v0xb28d21400, 4, 5;
T_91.23 ;
    %load/vec4 v0xb28d212c0_0;
    %parti/s 1, 11, 5;
    %nor/r;
    %flag_set/vec4 8;
    %jmp/0xz  T_91.25, 8;
    %load/vec4 v0xb28d21180_0;
    %parti/s 1, 11, 5;
    %load/vec4 v0xb28d20f00_0;
    %parti/s 8, 0, 2;
    %pad/u 10;
    %ix/vec4 3;
    %ix/load 4, 11, 0; part off
    %ix/load 5, 0, 0; Constant delay
    %assign/vec4/a/d v0xb28d21400, 4, 5;
T_91.25 ;
    %load/vec4 v0xb28d212c0_0;
    %parti/s 1, 12, 5;
    %nor/r;
    %flag_set/vec4 8;
    %jmp/0xz  T_91.27, 8;
    %load/vec4 v0xb28d21180_0;
    %parti/s 1, 12, 5;
    %load/vec4 v0xb28d20f00_0;
    %parti/s 8, 0, 2;
    %pad/u 10;
    %ix/vec4 3;
    %ix/load 4, 12, 0; part off
    %ix/load 5, 0, 0; Constant delay
    %assign/vec4/a/d v0xb28d21400, 4, 5;
T_91.27 ;
    %load/vec4 v0xb28d212c0_0;
    %parti/s 1, 13, 5;
    %nor/r;
    %flag_set/vec4 8;
    %jmp/0xz  T_91.29, 8;
    %load/vec4 v0xb28d21180_0;
    %parti/s 1, 13, 5;
    %load/vec4 v0xb28d20f00_0;
    %parti/s 8, 0, 2;
    %pad/u 10;
    %ix/vec4 3;
    %ix/load 4, 13, 0; part off
    %ix/load 5, 0, 0; Constant delay
    %assign/vec4/a/d v0xb28d21400, 4, 5;
T_91.29 ;
    %load/vec4 v0xb28d212c0_0;
    %parti/s 1, 14, 5;
    %nor/r;
    %flag_set/vec4 8;
    %jmp/0xz  T_91.31, 8;
    %load/vec4 v0xb28d21180_0;
    %parti/s 1, 14, 5;
    %load/vec4 v0xb28d20f00_0;
    %parti/s 8, 0, 2;
    %pad/u 10;
    %ix/vec4 3;
    %ix/load 4, 14, 0; part off
    %ix/load 5, 0, 0; Constant delay
    %assign/vec4/a/d v0xb28d21400, 4, 5;
T_91.31 ;
    %load/vec4 v0xb28d212c0_0;
    %parti/s 1, 15, 5;
    %nor/r;
    %flag_set/vec4 8;
    %jmp/0xz  T_91.33, 8;
    %load/vec4 v0xb28d21180_0;
    %parti/s 1, 15, 5;
    %load/vec4 v0xb28d20f00_0;
    %parti/s 8, 0, 2;
    %pad/u 10;
    %ix/vec4 3;
    %ix/load 4, 15, 0; part off
    %ix/load 5, 0, 0; Constant delay
    %assign/vec4/a/d v0xb28d21400, 4, 5;
T_91.33 ;
T_91.0 ;
    %jmp T_91;
    .thread T_91;
    .scope S_0xb28cafa80;
T_92 ;
    %wait E_0xb29274800;
    %load/vec4 v0xb28d20dc0_0;
    %flag_set/vec4 9;
    %flag_get/vec4 9;
    %jmp/0 T_92.2, 9;
    %load/vec4 v0xb28d20be0_0;
    %and;
T_92.2;
    %flag_set/vec4 8;
    %jmp/0xz  T_92.0, 8;
    %load/vec4 v0xb28d20aa0_0;
    %parti/s 8, 0, 2;
    %pad/u 10;
    %ix/vec4 4;
    %load/vec4a v0xb28d21400, 4;
    %load/vec4 v0xb28d20e60_0;
    %inv;
    %and;
    %assign/vec4 v0xb28d20d20_0, 0;
T_92.0 ;
    %jmp T_92;
    .thread T_92;
    .scope S_0xb2925ba80;
T_93 ;
    %wait E_0xb292748c0;
    %pushi/vec4 0, 0, 32;
    %store/vec4 v0xb28d28aa0_0, 0, 32;
T_93.0 ; Top of for-loop
    %load/vec4 v0xb28d28aa0_0;
    %cmpi/s 16383, 0, 32;
    %flag_or 5, 4;
	  %jmp/0xz T_93.1, 5;
    %pushi/vec4 65535, 65535, 16;
    %ix/getv/s 4, v0xb28d28aa0_0;
    %store/vec4a v0xb28d28b40, 4, 0;
T_93.2 ; for-loop step statement
    %load/vec4 v0xb28d28aa0_0;
    %addi 1, 0, 32;
    %store/vec4 v0xb28d28aa0_0, 0, 32;
    %jmp T_93.0;
T_93.1 ; for-loop exit label
    %jmp T_93;
    .thread T_93;
    .scope S_0xb2925ba80;
T_94 ;
    %wait E_0xb29274880;
    %load/vec4 v0xb28d28be0_0;
    %flag_set/vec4 8;
    %jmp/0xz  T_94.0, 8;
    %pushi/vec4 0, 0, 16;
    %assign/vec4 v0xb28d28640_0, 0;
    %jmp T_94.1;
T_94.0 ;
    %load/vec4 v0xb28d288c0_0;
    %flag_set/vec4 8;
    %jmp/0xz  T_94.2, 8;
    %pushi/vec4 65535, 65535, 16;
    %assign/vec4 v0xb28d28640_0, 0;
    %jmp T_94.3;
T_94.2 ;
    %load/vec4 v0xb28d28460_0;
    %flag_set/vec4 8;
    %jmp/0xz  T_94.4, 8;
    %load/vec4 v0xb28d28960_0;
    %nor/r;
    %flag_set/vec4 8;
    %jmp/0xz  T_94.6, 8;
    %load/vec4 v0xb28d283c0_0;
    %pad/u 16;
    %ix/vec4 4;
    %load/vec4a v0xb28d28b40, 4;
    %assign/vec4 v0xb28d28640_0, 0;
    %jmp T_94.7;
T_94.6 ;
    %load/vec4 v0xb28d286e0_0;
    %parti/s 1, 0, 2;
    %flag_set/vec4 8;
    %jmp/0xz  T_94.8, 8;
    %load/vec4 v0xb28d285a0_0;
    %parti/s 4, 0, 2;
    %load/vec4 v0xb28d283c0_0;
    %pad/u 16;
    %ix/vec4 3;
    %ix/load 4, 0, 0; Constant delay
    %assign/vec4/a/d v0xb28d28b40, 0, 4;
T_94.8 ;
    %load/vec4 v0xb28d286e0_0;
    %parti/s 1, 1, 2;
    %flag_set/vec4 8;
    %jmp/0xz  T_94.10, 8;
    %load/vec4 v0xb28d285a0_0;
    %parti/s 4, 4, 4;
    %load/vec4 v0xb28d283c0_0;
    %pad/u 16;
    %ix/vec4 3;
    %ix/load 4, 4, 0; part off
    %ix/load 5, 0, 0; Constant delay
    %assign/vec4/a/d v0xb28d28b40, 4, 5;
T_94.10 ;
    %load/vec4 v0xb28d286e0_0;
    %parti/s 1, 2, 3;
    %flag_set/vec4 8;
    %jmp/0xz  T_94.12, 8;
    %load/vec4 v0xb28d285a0_0;
    %parti/s 4, 8, 5;
    %load/vec4 v0xb28d283c0_0;
    %pad/u 16;
    %ix/vec4 3;
    %ix/load 4, 8, 0; part off
    %ix/load 5, 0, 0; Constant delay
    %assign/vec4/a/d v0xb28d28b40, 4, 5;
T_94.12 ;
    %load/vec4 v0xb28d286e0_0;
    %parti/s 1, 3, 3;
    %flag_set/vec4 8;
    %jmp/0xz  T_94.14, 8;
    %load/vec4 v0xb28d285a0_0;
    %parti/s 4, 12, 5;
    %load/vec4 v0xb28d283c0_0;
    %pad/u 16;
    %ix/vec4 3;
    %ix/load 4, 12, 0; part off
    %ix/load 5, 0, 0; Constant delay
    %assign/vec4/a/d v0xb28d28b40, 4, 5;
T_94.14 ;
    %pushi/vec4 65535, 65535, 16;
    %assign/vec4 v0xb28d28640_0, 0;
T_94.7 ;
T_94.4 ;
T_94.3 ;
T_94.1 ;
    %jmp T_94;
    .thread T_94;
    .scope S_0xb28d24600;
T_95 ;
    %pushi/vec4 0, 0, 16;
    %store/vec4 v0xb28d29a40_0, 0, 16;
    %pushi/vec4 0, 0, 16;
    %store/vec4 v0xb28d29b80_0, 0, 16;
    %pushi/vec4 0, 0, 32;
    %store/vec4 v0xb28d29720_0, 0, 32;
    %pushi/vec4 0, 0, 1;
    %store/vec4 v0xb28d29860_0, 0, 1;
    %pushi/vec4 0, 0, 5;
    %store/vec4 v0xb28d29540_0, 0, 5;
    %pushi/vec4 0, 0, 4;
    %store/vec4 v0xb28d29d60_0, 0, 4;
    %pushi/vec4 0, 0, 4;
    %store/vec4 v0xb28d297c0_0, 0, 4;
    %end;
    .thread T_95, $init;
    .scope S_0xb28d24600;
T_96 ;
    %wait E_0xb29274900;
    %load/vec4 v0xb28d29900_0;
    %flag_set/vec4 8;
    %jmp/0xz  T_96.0, 8;
    %pushi/vec4 0, 0, 4;
    %assign/vec4 v0xb28d29d60_0, 0;
    %pushi/vec4 0, 0, 4;
    %assign/vec4 v0xb28d297c0_0, 0;
    %pushi/vec4 0, 0, 5;
    %assign/vec4 v0xb28d29540_0, 0;
    %pushi/vec4 0, 0, 1;
    %assign/vec4 v0xb28d29860_0, 0;
    %pushi/vec4 0, 0, 32;
    %assign/vec4 v0xb28d29720_0, 0;
    %pushi/vec4 0, 0, 16;
    %assign/vec4 v0xb28d29a40_0, 0;
    %pushi/vec4 0, 0, 16;
    %assign/vec4 v0xb28d29b80_0, 0;
    %jmp T_96.1;
T_96.0 ;
    %load/vec4 v0xb28d29680_0;
    %flag_set/vec4 8;
    %jmp/0xz  T_96.2, 8;
    %load/vec4 v0xb28d299a0_0;
    %load/vec4 v0xb28d29ae0_0;
    %concat/vec4; draw_concat_vec4
    %load/vec4 v0xb28d29d60_0;
    %pad/u 6;
    %ix/vec4 3;
    %ix/load 4, 0, 0; Constant delay
    %assign/vec4/a/d v0xb28d294a0, 0, 4;
    %load/vec4 v0xb28d29d60_0;
    %addi 1, 0, 4;
    %assign/vec4 v0xb28d29d60_0, 0;
T_96.2 ;
    %load/vec4 v0xb28d295e0_0;
    %flag_set/vec4 8;
    %jmp/0xz  T_96.4, 8;
    %load/vec4 v0xb28d297c0_0;
    %pad/u 6;
    %ix/vec4 4;
    %load/vec4a v0xb28d294a0, 4;
    %parti/s 16, 16, 6;
    %assign/vec4 v0xb28d29a40_0, 0;
    %load/vec4 v0xb28d297c0_0;
    %pad/u 6;
    %ix/vec4 4;
    %load/vec4a v0xb28d294a0, 4;
    %parti/s 16, 0, 2;
    %assign/vec4 v0xb28d29b80_0, 0;
    %load/vec4 v0xb28d297c0_0;
    %addi 1, 0, 4;
    %assign/vec4 v0xb28d297c0_0, 0;
T_96.4 ;
    %load/vec4 v0xb28d29680_0;
    %load/vec4 v0xb28d295e0_0;
    %concat/vec4; draw_concat_vec4
    %dup/vec4;
    %pushi/vec4 2, 0, 2;
    %cmp/u;
    %jmp/1 T_96.6, 6;
    %dup/vec4;
    %pushi/vec4 1, 0, 2;
    %cmp/u;
    %jmp/1 T_96.7, 6;
    %load/vec4 v0xb28d29540_0;
    %assign/vec4 v0xb28d29540_0, 0;
    %jmp T_96.9;
T_96.6 ;
    %load/vec4 v0xb28d29540_0;
    %addi 1, 0, 5;
    %assign/vec4 v0xb28d29540_0, 0;
    %jmp T_96.9;
T_96.7 ;
    %load/vec4 v0xb28d29540_0;
    %subi 1, 0, 5;
    %assign/vec4 v0xb28d29540_0, 0;
    %jmp T_96.9;
T_96.9 ;
    %pop/vec4 1;
    %load/vec4 v0xb28d29860_0;
    %nor/r;
    %flag_set/vec4 8;
    %jmp/0xz  T_96.10, 8;
    %pushi/vec4 0, 0, 32;
    %assign/vec4 v0xb28d29720_0, 0;
    %load/vec4 v0xb28d29540_0;
    %pad/u 32;
    %cmpi/u 8, 0, 32;
    %flag_inv 5; GE is !LT
    %jmp/0xz  T_96.12, 5;
    %pushi/vec4 1, 0, 1;
    %assign/vec4 v0xb28d29860_0, 0;
T_96.12 ;
    %jmp T_96.11;
T_96.10 ;
    %load/vec4 v0xb28d29540_0;
    %pad/u 32;
    %cmpi/e 0, 0, 32;
    %jmp/0xz  T_96.14, 4;
    %pushi/vec4 0, 0, 1;
    %assign/vec4 v0xb28d29860_0, 0;
    %pushi/vec4 0, 0, 32;
    %assign/vec4 v0xb28d29720_0, 0;
    %jmp T_96.15;
T_96.14 ;
    %load/vec4 v0xb28d29c20_0;
    %flag_set/vec4 8;
    %jmp/0xz  T_96.16, 8;
    %load/vec4 v0xb28d29540_0;
    %pad/u 32;
    %cmpi/u 8, 0, 32;
    %flag_or 5, 4; GT is !LE
    %flag_inv 5;
    %flag_get/vec4 5;
    %jmp/0 T_96.20, 5;
    %load/vec4 v0xb28d29720_0;
    %cmpi/s 1048576, 0, 32;
    %flag_get/vec4 5;
    %and;
T_96.20;
    %flag_set/vec4 8;
    %jmp/0xz  T_96.18, 8;
    %load/vec4 v0xb28d29720_0;
    %addi 256, 0, 32;
    %assign/vec4 v0xb28d29720_0, 0;
    %jmp T_96.19;
T_96.18 ;
    %load/vec4 v0xb28d29540_0;
    %pad/u 32;
    %cmpi/u 8, 0, 32;
    %flag_get/vec4 5;
    %jmp/0 T_96.23, 5;
    %pushi/vec4 4293918720, 0, 32;
    %load/vec4 v0xb28d29720_0;
    %cmp/s;
    %flag_get/vec4 5;
    %and;
T_96.23;
    %flag_set/vec4 8;
    %jmp/0xz  T_96.21, 8;
    %load/vec4 v0xb28d29720_0;
    %subi 256, 0, 32;
    %assign/vec4 v0xb28d29720_0, 0;
T_96.21 ;
T_96.19 ;
T_96.16 ;
T_96.15 ;
T_96.11 ;
T_96.1 ;
    %jmp T_96;
    .thread T_96;
    .scope S_0xb2925bd80;
T_97 ;
    %pushi/vec4 0, 0, 1;
    %store/vec4 v0xb28d29e00_0, 0, 1;
    %pushi/vec4 1, 0, 1;
    %store/vec4 v0xb28d2a1c0_0, 0, 1;
    %pushi/vec4 0, 0, 1;
    %store/vec4 v0xb28d2a580_0, 0, 1;
    %pushi/vec4 0, 0, 16;
    %store/vec4 v0xb28d2a260_0, 0, 16;
    %pushi/vec4 0, 0, 16;
    %store/vec4 v0xb28d2a3a0_0, 0, 16;
    %pushi/vec4 0, 0, 1;
    %store/vec4 v0xb28d2a4e0_0, 0, 1;
    %pushi/vec4 0, 0, 32;
    %store/vec4 v0xb28d2a620_0, 0, 32;
    %pushi/vec4 0, 0, 32;
    %store/vec4 v0xb28d29f40_0, 0, 32;
    %pushi/vec4 98, 0, 32;
    %store/vec4 v0xb28d2a6c0_0, 0, 32;
    %pushi/vec4 99, 0, 32;
    %store/vec4 v0xb28d29fe0_0, 0, 32;
    %end;
    .thread T_97, $init;
    .scope S_0xb2925bd80;
T_98 ;
    %delay 5000, 0;
    %load/vec4 v0xb28d29e00_0;
    %inv;
    %store/vec4 v0xb28d29e00_0, 0, 1;
    %jmp T_98;
    .thread T_98;
    .scope S_0xb2925bd80;
T_99 ;
    %wait E_0xb29274900;
    %pushi/vec4 0, 0, 1;
    %assign/vec4 v0xb28d2a580_0, 0;
    %pushi/vec4 0, 0, 1;
    %assign/vec4 v0xb28d2a4e0_0, 0;
    %load/vec4 v0xb28d2a1c0_0;
    %flag_set/vec4 8;
    %jmp/0xz  T_99.0, 8;
    %pushi/vec4 0, 0, 32;
    %assign/vec4 v0xb28d2a620_0, 0;
    %pushi/vec4 0, 0, 32;
    %assign/vec4 v0xb28d29f40_0, 0;
    %jmp T_99.1;
T_99.0 ;
    %load/vec4 v0xb28d2a620_0;
    %load/vec4 v0xb28d2a6c0_0;
    %cmp/e;
    %jmp/0xz  T_99.2, 4;
    %pushi/vec4 0, 0, 32;
    %assign/vec4 v0xb28d2a620_0, 0;
    %pushi/vec4 1, 0, 1;
    %assign/vec4 v0xb28d2a580_0, 0;
    %load/vec4 v0xb28d2a260_0;
    %addi 1, 0, 16;
    %assign/vec4 v0xb28d2a260_0, 0;
    %load/vec4 v0xb28d2a3a0_0;
    %subi 1, 0, 16;
    %assign/vec4 v0xb28d2a3a0_0, 0;
    %jmp T_99.3;
T_99.2 ;
    %load/vec4 v0xb28d2a620_0;
    %addi 1, 0, 32;
    %assign/vec4 v0xb28d2a620_0, 0;
T_99.3 ;
    %load/vec4 v0xb28d29f40_0;
    %load/vec4 v0xb28d29fe0_0;
    %cmp/e;
    %jmp/0xz  T_99.4, 4;
    %pushi/vec4 0, 0, 32;
    %assign/vec4 v0xb28d29f40_0, 0;
    %pushi/vec4 1, 0, 1;
    %assign/vec4 v0xb28d2a4e0_0, 0;
    %jmp T_99.5;
T_99.4 ;
    %load/vec4 v0xb28d29f40_0;
    %addi 1, 0, 32;
    %assign/vec4 v0xb28d29f40_0, 0;
T_99.5 ;
T_99.1 ;
    %jmp T_99;
    .thread T_99;
    .scope S_0xb2925bd80;
T_100 ;
    %pushi/vec4 4, 0, 32;
T_100.0 %dup/vec4;
    %cmpi/s 0, 0, 32;
    %jmp/1xz T_100.1, 5;
    %jmp/1 T_100.1, 4;
    %subi 1, 0, 32;
    %wait E_0xb29274900;
    %jmp T_100.0;
T_100.1 ;
    %pop/vec4 1;
    %pushi/vec4 0, 0, 1;
    %assign/vec4 v0xb28d2a1c0_0, 0;
    %pushi/vec4 12000, 0, 32;
T_100.2 %dup/vec4;
    %cmpi/s 0, 0, 32;
    %jmp/1xz T_100.3, 5;
    %jmp/1 T_100.3, 4;
    %subi 1, 0, 32;
    %wait E_0xb29274900;
    %jmp T_100.2;
T_100.3 ;
    %pop/vec4 1;
    %load/vec4 v0xb28d2a120_0;
    %nor/r;
    %flag_set/vec4 8;
    %jmp/0xz  T_100.4, 8;
    %vpi_call/w 4 72 "$display", "clock recovery did not reach ready state" {0 0 0};
    %vpi_call/w 4 73 "$fatal", 32'sb00000000000000000000000000000001 {0 0 0};
T_100.4 ;
    %load/vec4 v0xb28d2a080_0;
    %cmpi/s 0, 0, 32;
    %flag_or 5, 4;
    %jmp/0xz  T_100.6, 5;
    %vpi_call/w 4 77 "$display", "faster source did not increase output rate: %0d", v0xb28d2a080_0 {0 0 0};
    %vpi_call/w 4 78 "$fatal", 32'sb00000000000000000000000000000001 {0 0 0};
T_100.6 ;
    %load/vec4 v0xb28d29ea0_0;
    %pad/u 32;
    %cmpi/u 2, 0, 32;
    %jmp/1 T_100.10, 5;
    %flag_mov 8, 5;
    %load/vec4 v0xb28d29ea0_0;
    %pad/u 32;
    %cmpi/u 14, 0, 32;
    %flag_or 5, 4; GT is !LE
    %flag_inv 5;
    %flag_or 5, 8;
T_100.10;
    %jmp/0xz  T_100.8, 5;
    %vpi_call/w 4 82 "$display", "FIFO level escaped recovery range: %0d", v0xb28d29ea0_0 {0 0 0};
    %vpi_call/w 4 83 "$fatal", 32'sb00000000000000000000000000000001 {0 0 0};
T_100.8 ;
    %pushi/vec4 1, 0, 1;
    %assign/vec4 v0xb28d2a1c0_0, 0;
    %pushi/vec4 100, 0, 32;
    %assign/vec4 v0xb28d2a6c0_0, 0;
    %pushi/vec4 4, 0, 32;
T_100.11 %dup/vec4;
    %cmpi/s 0, 0, 32;
    %jmp/1xz T_100.12, 5;
    %jmp/1 T_100.12, 4;
    %subi 1, 0, 32;
    %wait E_0xb29274900;
    %jmp T_100.11;
T_100.12 ;
    %pop/vec4 1;
    %pushi/vec4 0, 0, 1;
    %assign/vec4 v0xb28d2a1c0_0, 0;
    %pushi/vec4 12000, 0, 32;
T_100.13 %dup/vec4;
    %cmpi/s 0, 0, 32;
    %jmp/1xz T_100.14, 5;
    %jmp/1 T_100.14, 4;
    %subi 1, 0, 32;
    %wait E_0xb29274900;
    %jmp T_100.13;
T_100.14 ;
    %pop/vec4 1;
    %load/vec4 v0xb28d2a120_0;
    %nor/r;
    %flag_set/vec4 8;
    %jmp/0xz  T_100.15, 8;
    %vpi_call/w 4 93 "$display", "clock recovery did not reacquire ready state" {0 0 0};
    %vpi_call/w 4 94 "$fatal", 32'sb00000000000000000000000000000001 {0 0 0};
T_100.15 ;
    %load/vec4 v0xb28d2a080_0;
    %cmpi/s 0, 0, 32;
    %flag_inv 5; GE is !LT
    %jmp/0xz  T_100.17, 5;
    %vpi_call/w 4 98 "$display", "slower source did not decrease output rate: %0d", v0xb28d2a080_0 {0 0 0};
    %vpi_call/w 4 99 "$fatal", 32'sb00000000000000000000000000000001 {0 0 0};
T_100.17 ;
    %vpi_call/w 4 102 "$display", "clock_recovery_tb PASS level=%0d adjust=%0d", v0xb28d29ea0_0, v0xb28d2a080_0 {0 0 0};
    %vpi_call/w 4 103 "$finish" {0 0 0};
    %end;
    .thread T_100;
    .scope S_0xb28d25200;
T_101 ;
    %wait E_0xb29274940;
    %load/vec4 v0xb28d2cbe0_0;
    %pad/u 12;
    %ix/vec4 4;
    %load/vec4a v0xb28d2cdc0, 4;
    %assign/vec4 v0xb28d2cd20_0, 0;
    %jmp T_101;
    .thread T_101;
    .scope S_0xb28d25200;
T_102 ;
    %vpi_call/w 5 16 "$readmemh", P_0xb28d07380, v0xb28d2cdc0 {0 0 0};
    %end;
    .thread T_102;
    .scope S_0xb28d25380;
T_103 ;
    %pushi/vec4 0, 0, 16;
    %store/vec4 v0xb28d2dcc0_0, 0, 16;
    %pushi/vec4 0, 0, 16;
    %store/vec4 v0xb28d2dd60_0, 0, 16;
    %pushi/vec4 0, 0, 1;
    %store/vec4 v0xb28d2de00_0, 0, 1;
    %pushi/vec4 0, 0, 1;
    %store/vec4 v0xb28d2d4a0_0, 0, 1;
    %pushi/vec4 0, 0, 1;
    %store/vec4 v0xb28d2d9a0_0, 0, 1;
    %pushi/vec4 0, 0, 3;
    %store/vec4 v0xb28d2e120_0, 0, 3;
    %pushi/vec4 0, 0, 1;
    %store/vec4 v0xb28d2dea0_0, 0, 1;
    %pushi/vec4 0, 0, 1;
    %store/vec4 v0xb28d2df40_0, 0, 1;
    %pushi/vec4 0, 0, 7;
    %store/vec4 v0xb28d2d7c0_0, 0, 7;
    %pushi/vec4 0, 0, 7;
    %store/vec4 v0xb28d2dc20_0, 0, 7;
    %pushi/vec4 0, 0, 1;
    %store/vec4 v0xb28d2da40_0, 0, 1;
    %pushi/vec4 0, 0, 6;
    %store/vec4 v0xb28d2d540_0, 0, 6;
    %pushi/vec4 0, 0, 28;
    %store/vec4 v0xb28d2e1c0_0, 0, 28;
    %pushi/vec4 0, 0, 1;
    %store/vec4 v0xb28d2d5e0_0, 0, 1;
    %pushi/vec4 0, 0, 1;
    %store/vec4 v0xb28d2d680_0, 0, 1;
    %pushi/vec4 0, 0, 1;
    %store/vec4 v0xb28d2d900_0, 0, 1;
    %pushi/vec4 0, 0, 2;
    %store/vec4 v0xb28d2db80_0, 0, 2;
    %pushi/vec4 0, 0, 1;
    %store/vec4 v0xb28d2dae0_0, 0, 1;
    %pushi/vec4 0, 0, 6;
    %store/vec4 v0xb28d2d860_0, 0, 6;
    %end;
    .thread T_103, $init;
    .scope S_0xb28d25380;
T_104 ;
    %wait E_0xb29274940;
    %pushi/vec4 0, 0, 1;
    %assign/vec4 v0xb28d2de00_0, 0;
    %load/vec4 v0xb28d2e120_0;
    %parti/s 2, 0, 2;
    %load/vec4 v0xb28d2dfe0_0;
    %concat/vec4; draw_concat_vec4
    %assign/vec4 v0xb28d2e120_0, 0;
    %load/vec4 v0xb28d2dea0_0;
    %assign/vec4 v0xb28d2df40_0, 0;
    %load/vec4 v0xb28d2e080_0;
    %assign/vec4 v0xb28d2dea0_0, 0;
    %load/vec4 v0xb28d2d7c0_0;
    %cmpi/ne 127, 0, 7;
    %jmp/0xz  T_104.0, 4;
    %load/vec4 v0xb28d2d7c0_0;
    %addi 1, 0, 7;
    %assign/vec4 v0xb28d2d7c0_0, 0;
T_104.0 ;
    %load/vec4 v0xb28d2dc20_0;
    %cmpi/ne 127, 0, 7;
    %jmp/0xz  T_104.2, 4;
    %load/vec4 v0xb28d2dc20_0;
    %addi 1, 0, 7;
    %assign/vec4 v0xb28d2dc20_0, 0;
T_104.2 ;
    %load/vec4 v0xb28d2dc20_0;
    %cmpi/u 55, 0, 7;
    %flag_get/vec4 5;
    %assign/vec4 v0xb28d2d4a0_0, 0;
    %load/vec4 v0xb28d2dc20_0;
    %cmpi/u 55, 0, 7;
    %flag_inv 5; GE is !LT
    %jmp/0xz  T_104.4, 5;
    %pushi/vec4 0, 0, 1;
    %assign/vec4 v0xb28d2d9a0_0, 0;
    %pushi/vec4 0, 0, 1;
    %assign/vec4 v0xb28d2da40_0, 0;
    %pushi/vec4 0, 0, 6;
    %assign/vec4 v0xb28d2d540_0, 0;
    %pushi/vec4 0, 0, 6;
    %assign/vec4 v0xb28d2d860_0, 0;
    %pushi/vec4 0, 0, 1;
    %assign/vec4 v0xb28d2d5e0_0, 0;
    %pushi/vec4 0, 0, 1;
    %assign/vec4 v0xb28d2d680_0, 0;
    %pushi/vec4 0, 0, 1;
    %assign/vec4 v0xb28d2d900_0, 0;
    %pushi/vec4 0, 0, 2;
    %assign/vec4 v0xb28d2db80_0, 0;
T_104.4 ;
    %load/vec4 v0xb28d2dea0_0;
    %load/vec4 v0xb28d2df40_0;
    %xor;
    %flag_set/vec4 8;
    %jmp/0xz  T_104.6, 8;
    %pushi/vec4 0, 0, 7;
    %assign/vec4 v0xb28d2dc20_0, 0;
    %load/vec4 v0xb28d2d900_0;
    %flag_set/vec4 8;
    %jmp/0xz  T_104.8, 8;
    %load/vec4 v0xb28d2db80_0;
    %cmpi/e 1, 0, 2;
    %jmp/0xz  T_104.10, 4;
    %load/vec4 v0xb28d2d7c0_0;
    %cmpi/u 11, 0, 7;
    %flag_or 5, 4; GT is !LE
    %flag_inv 5;
    %flag_get/vec4 5;
    %jmp/0 T_104.12, 5;
    %load/vec4 v0xb28d2d7c0_0;
    %cmpi/u 21, 0, 7;
    %flag_get/vec4 5;
    %and;
T_104.12;
    %assign/vec4 v0xb28d2dae0_0, 0;
T_104.10 ;
    %load/vec4 v0xb28d2db80_0;
    %cmpi/e 3, 0, 2;
    %jmp/0xz  T_104.13, 4;
    %load/vec4 v0xb28d2dae0_0;
    %assign/vec4 v0xb28d2d5e0_0, 0;
    %pushi/vec4 1, 0, 1;
    %assign/vec4 v0xb28d2d680_0, 0;
    %pushi/vec4 0, 0, 1;
    %assign/vec4 v0xb28d2d900_0, 0;
    %pushi/vec4 0, 0, 2;
    %assign/vec4 v0xb28d2db80_0, 0;
    %pushi/vec4 0, 0, 6;
    %assign/vec4 v0xb28d2d540_0, 0;
    %pushi/vec4 0, 0, 1;
    %assign/vec4 v0xb28d2da40_0, 0;
    %jmp T_104.14;
T_104.13 ;
    %load/vec4 v0xb28d2db80_0;
    %addi 1, 0, 2;
    %assign/vec4 v0xb28d2db80_0, 0;
T_104.14 ;
    %jmp T_104.9;
T_104.8 ;
    %load/vec4 v0xb28d2d7c0_0;
    %cmpi/u 21, 0, 7;
    %flag_inv 5; GE is !LT
    %jmp/0xz  T_104.15, 5;
    %load/vec4 v0xb28d2d680_0;
    %flag_set/vec4 9;
    %flag_get/vec4 9;
    %jmp/0 T_104.19, 9;
    %pushi/vec4 24, 0, 6;
    %load/vec4 v0xb28d2d540_0;
    %cmp/u;
    %flag_get/vec4 4;
    %flag_get/vec4 5;
    %or;
    %and;
T_104.19;
    %flag_set/vec4 8;
    %jmp/0xz  T_104.17, 8;
    %load/vec4 v0xb28d2d5e0_0;
    %flag_set/vec4 8;
    %jmp/0xz  T_104.20, 8;
    %load/vec4 v0xb28d2e260_0;
    %assign/vec4 v0xb28d2dd60_0, 0;
    %pushi/vec4 1, 0, 1;
    %assign/vec4 v0xb28d2de00_0, 0;
    %jmp T_104.21;
T_104.20 ;
    %load/vec4 v0xb28d2e260_0;
    %assign/vec4 v0xb28d2dcc0_0, 0;
T_104.21 ;
    %load/vec4 v0xb28d2d860_0;
    %cmpi/ne 63, 0, 6;
    %jmp/0xz  T_104.22, 4;
    %load/vec4 v0xb28d2d860_0;
    %addi 1, 0, 6;
    %assign/vec4 v0xb28d2d860_0, 0;
T_104.22 ;
    %jmp T_104.18;
T_104.17 ;
    %load/vec4 v0xb28d2d680_0;
    %flag_set/vec4 8;
    %jmp/0xz  T_104.24, 8;
    %pushi/vec4 0, 0, 6;
    %assign/vec4 v0xb28d2d860_0, 0;
    %pushi/vec4 0, 0, 1;
    %assign/vec4 v0xb28d2d9a0_0, 0;
T_104.24 ;
T_104.18 ;
    %load/vec4 v0xb28d2d860_0;
    %cmpi/u 4, 0, 6;
    %flag_inv 5; GE is !LT
    %jmp/0xz  T_104.26, 5;
    %pushi/vec4 1, 0, 1;
    %assign/vec4 v0xb28d2d9a0_0, 0;
T_104.26 ;
    %pushi/vec4 1, 0, 1;
    %assign/vec4 v0xb28d2d900_0, 0;
    %pushi/vec4 1, 0, 2;
    %assign/vec4 v0xb28d2db80_0, 0;
    %pushi/vec4 0, 0, 6;
    %assign/vec4 v0xb28d2d540_0, 0;
    %pushi/vec4 0, 0, 1;
    %assign/vec4 v0xb28d2da40_0, 0;
    %jmp T_104.16;
T_104.15 ;
    %load/vec4 v0xb28d2d7c0_0;
    %cmpi/u 11, 0, 7;
    %flag_or 5, 4;
    %jmp/0xz  T_104.28, 5;
    %load/vec4 v0xb28d2da40_0;
    %nor/r;
    %flag_set/vec4 8;
    %jmp/0xz  T_104.30, 8;
    %pushi/vec4 1, 0, 1;
    %assign/vec4 v0xb28d2da40_0, 0;
    %jmp T_104.31;
T_104.30 ;
    %pushi/vec4 0, 0, 1;
    %assign/vec4 v0xb28d2da40_0, 0;
    %load/vec4 v0xb28d2d540_0;
    %cmpi/u 28, 0, 6;
    %jmp/0xz  T_104.32, 5;
    %pushi/vec4 1, 0, 1;
    %ix/load 5, 0, 0;
    %ix/getv 4, v0xb28d2d540_0;
    %assign/vec4/off/d v0xb28d2e1c0_0, 4, 5;
    %load/vec4 v0xb28d2d540_0;
    %addi 1, 0, 6;
    %assign/vec4 v0xb28d2d540_0, 0;
T_104.32 ;
T_104.31 ;
    %jmp T_104.29;
T_104.28 ;
    %load/vec4 v0xb28d2d7c0_0;
    %cmpi/u 20, 0, 7;
    %flag_or 5, 4;
    %jmp/0xz  T_104.34, 5;
    %load/vec4 v0xb28d2da40_0;
    %flag_set/vec4 8;
    %jmp/0xz  T_104.36, 8;
    %pushi/vec4 0, 0, 1;
    %assign/vec4 v0xb28d2da40_0, 0;
    %pushi/vec4 0, 0, 6;
    %assign/vec4 v0xb28d2d540_0, 0;
    %pushi/vec4 0, 0, 6;
    %assign/vec4 v0xb28d2d860_0, 0;
    %pushi/vec4 0, 0, 1;
    %assign/vec4 v0xb28d2d9a0_0, 0;
    %jmp T_104.37;
T_104.36 ;
    %load/vec4 v0xb28d2d540_0;
    %cmpi/u 28, 0, 6;
    %jmp/0xz  T_104.38, 5;
    %pushi/vec4 0, 0, 1;
    %ix/load 5, 0, 0;
    %ix/getv 4, v0xb28d2d540_0;
    %assign/vec4/off/d v0xb28d2e1c0_0, 4, 5;
    %load/vec4 v0xb28d2d540_0;
    %addi 1, 0, 6;
    %assign/vec4 v0xb28d2d540_0, 0;
T_104.38 ;
T_104.37 ;
    %jmp T_104.35;
T_104.34 ;
    %pushi/vec4 0, 0, 1;
    %assign/vec4 v0xb28d2da40_0, 0;
T_104.35 ;
T_104.29 ;
T_104.16 ;
T_104.9 ;
    %pushi/vec4 0, 0, 7;
    %assign/vec4 v0xb28d2d7c0_0, 0;
T_104.6 ;
    %jmp T_104;
    .thread T_104;
    .scope S_0xb28d24f00;
T_105 ;
    %pushi/vec4 0, 0, 16;
    %store/vec4 v0xb28d2c820_0, 0, 16;
    %pushi/vec4 0, 0, 16;
    %store/vec4 v0xb28d2c960_0, 0, 16;
    %pushi/vec4 0, 0, 32;
    %store/vec4 v0xb28d2c500_0, 0, 32;
    %pushi/vec4 0, 0, 1;
    %store/vec4 v0xb28d2c640_0, 0, 1;
    %pushi/vec4 0, 0, 5;
    %store/vec4 v0xb28d2c320_0, 0, 5;
    %pushi/vec4 0, 0, 4;
    %store/vec4 v0xb28d2cb40_0, 0, 4;
    %pushi/vec4 0, 0, 4;
    %store/vec4 v0xb28d2c5a0_0, 0, 4;
    %end;
    .thread T_105, $init;
    .scope S_0xb28d24f00;
T_106 ;
    %wait E_0xb29274940;
    %load/vec4 v0xb28d2c6e0_0;
    %flag_set/vec4 8;
    %jmp/0xz  T_106.0, 8;
    %pushi/vec4 0, 0, 4;
    %assign/vec4 v0xb28d2cb40_0, 0;
    %pushi/vec4 0, 0, 4;
    %assign/vec4 v0xb28d2c5a0_0, 0;
    %pushi/vec4 0, 0, 5;
    %assign/vec4 v0xb28d2c320_0, 0;
    %pushi/vec4 0, 0, 1;
    %assign/vec4 v0xb28d2c640_0, 0;
    %pushi/vec4 0, 0, 32;
    %assign/vec4 v0xb28d2c500_0, 0;
    %pushi/vec4 0, 0, 16;
    %assign/vec4 v0xb28d2c820_0, 0;
    %pushi/vec4 0, 0, 16;
    %assign/vec4 v0xb28d2c960_0, 0;
    %jmp T_106.1;
T_106.0 ;
    %load/vec4 v0xb28d2c460_0;
    %flag_set/vec4 8;
    %jmp/0xz  T_106.2, 8;
    %load/vec4 v0xb28d2c780_0;
    %load/vec4 v0xb28d2c8c0_0;
    %concat/vec4; draw_concat_vec4
    %load/vec4 v0xb28d2cb40_0;
    %pad/u 6;
    %ix/vec4 3;
    %ix/load 4, 0, 0; Constant delay
    %assign/vec4/a/d v0xb28d2c280, 0, 4;
    %load/vec4 v0xb28d2cb40_0;
    %addi 1, 0, 4;
    %assign/vec4 v0xb28d2cb40_0, 0;
T_106.2 ;
    %load/vec4 v0xb28d2c3c0_0;
    %flag_set/vec4 8;
    %jmp/0xz  T_106.4, 8;
    %load/vec4 v0xb28d2c5a0_0;
    %pad/u 6;
    %ix/vec4 4;
    %load/vec4a v0xb28d2c280, 4;
    %parti/s 16, 16, 6;
    %assign/vec4 v0xb28d2c820_0, 0;
    %load/vec4 v0xb28d2c5a0_0;
    %pad/u 6;
    %ix/vec4 4;
    %load/vec4a v0xb28d2c280, 4;
    %parti/s 16, 0, 2;
    %assign/vec4 v0xb28d2c960_0, 0;
    %load/vec4 v0xb28d2c5a0_0;
    %addi 1, 0, 4;
    %assign/vec4 v0xb28d2c5a0_0, 0;
T_106.4 ;
    %load/vec4 v0xb28d2c460_0;
    %load/vec4 v0xb28d2c3c0_0;
    %concat/vec4; draw_concat_vec4
    %dup/vec4;
    %pushi/vec4 2, 0, 2;
    %cmp/u;
    %jmp/1 T_106.6, 6;
    %dup/vec4;
    %pushi/vec4 1, 0, 2;
    %cmp/u;
    %jmp/1 T_106.7, 6;
    %load/vec4 v0xb28d2c320_0;
    %assign/vec4 v0xb28d2c320_0, 0;
    %jmp T_106.9;
T_106.6 ;
    %load/vec4 v0xb28d2c320_0;
    %addi 1, 0, 5;
    %assign/vec4 v0xb28d2c320_0, 0;
    %jmp T_106.9;
T_106.7 ;
    %load/vec4 v0xb28d2c320_0;
    %subi 1, 0, 5;
    %assign/vec4 v0xb28d2c320_0, 0;
    %jmp T_106.9;
T_106.9 ;
    %pop/vec4 1;
    %load/vec4 v0xb28d2c640_0;
    %nor/r;
    %flag_set/vec4 8;
    %jmp/0xz  T_106.10, 8;
    %pushi/vec4 0, 0, 32;
    %assign/vec4 v0xb28d2c500_0, 0;
    %load/vec4 v0xb28d2c320_0;
    %pad/u 32;
    %cmpi/u 8, 0, 32;
    %flag_inv 5; GE is !LT
    %jmp/0xz  T_106.12, 5;
    %pushi/vec4 1, 0, 1;
    %assign/vec4 v0xb28d2c640_0, 0;
T_106.12 ;
    %jmp T_106.11;
T_106.10 ;
    %load/vec4 v0xb28d2c320_0;
    %pad/u 32;
    %cmpi/e 0, 0, 32;
    %jmp/0xz  T_106.14, 4;
    %pushi/vec4 0, 0, 1;
    %assign/vec4 v0xb28d2c640_0, 0;
    %pushi/vec4 0, 0, 32;
    %assign/vec4 v0xb28d2c500_0, 0;
    %jmp T_106.15;
T_106.14 ;
    %load/vec4 v0xb28d2ca00_0;
    %flag_set/vec4 8;
    %jmp/0xz  T_106.16, 8;
    %load/vec4 v0xb28d2c320_0;
    %pad/u 32;
    %cmpi/u 8, 0, 32;
    %flag_or 5, 4; GT is !LE
    %flag_inv 5;
    %flag_get/vec4 5;
    %jmp/0 T_106.20, 5;
    %load/vec4 v0xb28d2c500_0;
    %cmpi/s 1048576, 0, 32;
    %flag_get/vec4 5;
    %and;
T_106.20;
    %flag_set/vec4 8;
    %jmp/0xz  T_106.18, 8;
    %load/vec4 v0xb28d2c500_0;
    %addi 16, 0, 32;
    %assign/vec4 v0xb28d2c500_0, 0;
    %jmp T_106.19;
T_106.18 ;
    %load/vec4 v0xb28d2c320_0;
    %pad/u 32;
    %cmpi/u 8, 0, 32;
    %flag_get/vec4 5;
    %jmp/0 T_106.23, 5;
    %pushi/vec4 4293918720, 0, 32;
    %load/vec4 v0xb28d2c500_0;
    %cmp/s;
    %flag_get/vec4 5;
    %and;
T_106.23;
    %flag_set/vec4 8;
    %jmp/0xz  T_106.21, 8;
    %load/vec4 v0xb28d2c500_0;
    %subi 16, 0, 32;
    %assign/vec4 v0xb28d2c500_0, 0;
T_106.21 ;
T_106.19 ;
T_106.16 ;
T_106.15 ;
T_106.11 ;
T_106.1 ;
    %jmp T_106;
    .thread T_106;
    .scope S_0xb28d24900;
T_107 ;
    %pushi/vec4 0, 0, 1;
    %store/vec4 v0xb28d2b0c0_0, 0, 1;
    %pushi/vec4 0, 0, 1;
    %store/vec4 v0xb28d2a9e0_0, 0, 1;
    %pushi/vec4 0, 0, 1;
    %store/vec4 v0xb28d2ab20_0, 0, 1;
    %pushi/vec4 0, 0, 1;
    %store/vec4 v0xb28d2b160_0, 0, 1;
    %pushi/vec4 0, 0, 32;
    %store/vec4 v0xb28d2abc0_0, 0, 32;
    %pushi/vec4 0, 0, 16;
    %store/vec4 v0xb28d2b200_0, 0, 16;
    %pushi/vec4 0, 0, 16;
    %store/vec4 v0xb28d2aee0_0, 0, 16;
    %pushi/vec4 0, 0, 16;
    %store/vec4 v0xb28d2b020_0, 0, 16;
    %end;
    .thread T_107, $init;
    .scope S_0xb28d24900;
T_108 ;
    %wait E_0xb29274940;
    %pushi/vec4 0, 0, 1;
    %assign/vec4 v0xb28d2b0c0_0, 0;
    %load/vec4 v0xb28d2ad00_0;
    %parti/s 32, 0, 2;
    %assign/vec4 v0xb28d2abc0_0, 0;
    %load/vec4 v0xb28d2ad00_0;
    %parti/s 1, 32, 7;
    %flag_set/vec4 8;
    %jmp/0xz  T_108.0, 8;
    %load/vec4 v0xb28d2a9e0_0;
    %inv;
    %assign/vec4 v0xb28d2a9e0_0, 0;
    %load/vec4 v0xb28d2a9e0_0;
    %flag_set/vec4 8;
    %jmp/0xz  T_108.2, 8;
    %load/vec4 v0xb28d2b200_0;
    %pad/u 32;
    %cmpi/e 0, 0, 32;
    %jmp/0xz  T_108.4, 4;
    %load/vec4 v0xb28d2ae40_0;
    %assign/vec4 v0xb28d2aee0_0, 0;
    %load/vec4 v0xb28d2af80_0;
    %assign/vec4 v0xb28d2b020_0, 0;
    %load/vec4 v0xb28d2ae40_0;
    %parti/s 1, 15, 5;
    %assign/vec4 v0xb28d2b160_0, 0;
    %jmp T_108.5;
T_108.4 ;
    %load/vec4 v0xb28d2b200_0;
    %pad/u 32;
    %cmpi/u 0, 0, 32;
    %flag_or 5, 4; GT is !LE
    %flag_inv 5;
    %flag_get/vec4 5;
    %jmp/0 T_108.8, 5;
    %load/vec4 v0xb28d2b200_0;
    %pad/u 32;
    %cmpi/u 16, 0, 32;
    %flag_get/vec4 5;
    %and;
T_108.8;
    %flag_set/vec4 8;
    %jmp/0xz  T_108.6, 8;
    %load/vec4 v0xb28d2aee0_0;
    %pushi/vec4 15, 0, 32;
    %load/vec4 v0xb28d2b200_0;
    %pad/u 32;
    %sub;
    %part/u 1;
    %assign/vec4 v0xb28d2b160_0, 0;
    %jmp T_108.7;
T_108.6 ;
    %load/vec4 v0xb28d2b200_0;
    %pad/u 32;
    %cmpi/e 32, 0, 32;
    %jmp/0xz  T_108.9, 4;
    %load/vec4 v0xb28d2b020_0;
    %parti/s 1, 15, 5;
    %assign/vec4 v0xb28d2b160_0, 0;
    %jmp T_108.10;
T_108.9 ;
    %load/vec4 v0xb28d2b200_0;
    %pad/u 32;
    %cmpi/u 32, 0, 32;
    %flag_or 5, 4; GT is !LE
    %flag_inv 5;
    %flag_get/vec4 5;
    %jmp/0 T_108.13, 5;
    %load/vec4 v0xb28d2b200_0;
    %pad/u 32;
    %cmpi/u 47, 0, 32;
    %flag_get/vec4 4;
    %flag_get/vec4 5;
    %or;
    %and;
T_108.13;
    %flag_set/vec4 8;
    %jmp/0xz  T_108.11, 8;
    %load/vec4 v0xb28d2b020_0;
    %pushi/vec4 47, 0, 32;
    %load/vec4 v0xb28d2b200_0;
    %pad/u 32;
    %sub;
    %part/u 1;
    %assign/vec4 v0xb28d2b160_0, 0;
    %jmp T_108.12;
T_108.11 ;
    %pushi/vec4 0, 0, 1;
    %assign/vec4 v0xb28d2b160_0, 0;
T_108.12 ;
T_108.10 ;
T_108.7 ;
T_108.5 ;
    %load/vec4 v0xb28d2b200_0;
    %pad/u 32;
    %cmpi/e 31, 0, 32;
    %jmp/0xz  T_108.14, 4;
    %pushi/vec4 1, 0, 1;
    %assign/vec4 v0xb28d2ab20_0, 0;
    %jmp T_108.15;
T_108.14 ;
    %load/vec4 v0xb28d2b200_0;
    %pad/u 32;
    %cmpi/e 63, 0, 32;
    %jmp/0xz  T_108.16, 4;
    %pushi/vec4 0, 0, 1;
    %assign/vec4 v0xb28d2ab20_0, 0;
T_108.16 ;
T_108.15 ;
    %load/vec4 v0xb28d2b200_0;
    %pad/u 32;
    %cmpi/e 63, 0, 32;
    %jmp/0xz  T_108.18, 4;
    %pushi/vec4 0, 0, 16;
    %assign/vec4 v0xb28d2b200_0, 0;
    %pushi/vec4 1, 0, 1;
    %assign/vec4 v0xb28d2b0c0_0, 0;
    %jmp T_108.19;
T_108.18 ;
    %load/vec4 v0xb28d2b200_0;
    %addi 1, 0, 16;
    %assign/vec4 v0xb28d2b200_0, 0;
T_108.19 ;
T_108.2 ;
T_108.0 ;
    %jmp T_108;
    .thread T_108;
    .scope S_0xb2925c000;
T_109 ;
    %pushi/vec4 0, 0, 2;
    %store/vec4 v0xb28d2f2a0_0, 0, 2;
    %pushi/vec4 16777215, 0, 24;
    %store/vec4 v0xb28d2f700_0, 0, 24;
    %pushi/vec4 0, 0, 22;
    %store/vec4 v0xb28d2f020_0, 0, 22;
    %pushi/vec4 0, 0, 10;
    %store/vec4 v0xb28d2f7a0_0, 0, 10;
    %pushi/vec4 0, 0, 16;
    %store/vec4 v0xb28d2f840_0, 0, 16;
    %end;
    .thread T_109, $init;
    .scope S_0xb2925c000;
T_110 ;
    %wait E_0xb29274940;
    %load/vec4 v0xb28d2f2a0_0;
    %parti/s 1, 0, 2;
    %load/vec4 v0xb28d2f200_0;
    %concat/vec4; draw_concat_vec4
    %assign/vec4 v0xb28d2f2a0_0, 0;
    %jmp T_110;
    .thread T_110;
    .scope S_0xb2925c000;
T_111 ;
    %wait E_0xb29274940;
    %load/vec4 v0xb28d2fac0_0;
    %flag_set/vec4 8;
    %jmp/0xz  T_111.0, 8;
    %pushi/vec4 0, 0, 24;
    %assign/vec4 v0xb28d2f700_0, 0;
    %jmp T_111.1;
T_111.0 ;
    %load/vec4 v0xb28d2f700_0;
    %cmpi/ne 16777215, 0, 24;
    %jmp/0xz  T_111.2, 4;
    %load/vec4 v0xb28d2f700_0;
    %addi 1, 0, 24;
    %assign/vec4 v0xb28d2f700_0, 0;
T_111.2 ;
T_111.1 ;
    %load/vec4 v0xb28d2fac0_0;
    %flag_set/vec4 8;
    %jmp/0xz  T_111.4, 8;
    %pushi/vec4 2000000, 0, 22;
    %assign/vec4 v0xb28d2f020_0, 0;
    %jmp T_111.5;
T_111.4 ;
    %load/vec4 v0xb28d2f020_0;
    %pad/u 32;
    %cmpi/ne 0, 0, 32;
    %jmp/0xz  T_111.6, 4;
    %load/vec4 v0xb28d2f020_0;
    %subi 1, 0, 22;
    %assign/vec4 v0xb28d2f020_0, 0;
T_111.6 ;
T_111.5 ;
    %load/vec4 v0xb28d2fa20_0;
    %flag_set/vec4 8;
    %jmp/0xz  T_111.8, 8;
    %load/vec4 v0xb28d2f660_0;
    %assign/vec4 v0xb28d2f840_0, 0;
    %load/vec4 v0xb28d2f7a0_0;
    %addi 1, 0, 10;
    %assign/vec4 v0xb28d2f7a0_0, 0;
T_111.8 ;
    %jmp T_111;
    .thread T_111;
# The file index is used to find the file name in the following table.
:file_names 6;
    "N/A";
    "<interactive>";
    "-";
    "/Users/andrewtudoroi/.apio/packages/oss-cad-suite/share/yosys/ice40/cells_sim.v";
    "clock_recovery_tb.v";
    "i2s.v";
